axis,outer_group,condition_id,selected_pca_dimension,source_equal_group_mae,dimension_scores_json
sampling,74t7kcdgkr,sampling:density=1,8,0.10599143059440752,"[[8,0.10599143059440752],[16,0.1081246521323382],[32,0.1137477960688634]]"
sampling,74t7kcdgkr,sampling:density=0.75,8,0.10608213110558892,"[[8,0.10608213110558892],[16,0.10885279313453478],[32,0.1133092069407475]]"
sampling,74t7kcdgkr,sampling:density=0.625,8,0.10815816811134946,"[[8,0.10815816811134946],[16,0.10954044388906214],[32,0.11388547997284934]]"
sampling,74t7kcdgkr,sampling:density=0.5,8,0.10999531156331528,"[[8,0.10999531156331528],[16,0.11273578044098062],[32,0.11727897771745763]]"
sampling,74t7kcdgkr,sampling:density=0.375,8,0.10871581207182594,"[[8,0.10871581207182594],[16,0.11349109992566493],[32,0.11828412416418069]]"
sampling,74t7kcdgkr,sampling:density=0.25,8,0.10558269281194135,"[[8,0.10558269281194135],[16,0.11238391629119164],[32,0.11814410710844576]]"
sampling,74t7kcdgkr,sampling:density=0.1875,8,0.10687154451119682,"[[8,0.10687154451119682],[16,0.11089212298035603],[32,0.1168254286066546]]"
sampling,74t7kcdgkr,sampling:density=0.125,8,0.10883120495228508,"[[8,0.10883120495228508],[16,0.11293722985830443],[32,0.12029036372703808]]"
sampling,74t7kcdgkr,sampling:density=0.0625,8,0.11049927004250817,"[[8,0.11049927004250817],[16,0.11702842226226899],[32,0.1253341686869403]]"
sampling,cgtnjyggtm,sampling:density=1,32,0.07848914726964269,"[[8,0.08166414414961753],[16,0.08102925403387273],[32,0.07848914726964269]]"
sampling,cgtnjyggtm,sampling:density=0.75,32,0.07885068321977831,"[[8,0.081354926420148],[16,0.08048255846988167],[32,0.07885068321977831]]"
sampling,cgtnjyggtm,sampling:density=0.625,32,0.07974275951196878,"[[8,0.08396414895570789],[16,0.0834246481412109],[32,0.07974275951196878]]"
sampling,cgtnjyggtm,sampling:density=0.5,32,0.07827526311038104,"[[8,0.08359373330056133],[16,0.08128696339605339],[32,0.07827526311038104]]"
sampling,cgtnjyggtm,sampling:density=0.375,32,0.08070890890831973,"[[8,0.08759826769997853],[16,0.08095151983063875],[32,0.08070890890831973]]"
sampling,cgtnjyggtm,sampling:density=0.25,32,0.0826392143486783,"[[8,0.08516489810143338],[16,0.08307602743179814],[32,0.0826392143486783]]"
sampling,cgtnjyggtm,sampling:density=0.1875,16,0.08097112649629964,"[[8,0.08534477222807677],[16,0.08097112649629964],[32,0.08368353913482948]]"
sampling,cgtnjyggtm,sampling:density=0.125,32,0.08423759219206658,"[[8,0.08639402892733476],[16,0.08741927307511528],[32,0.08423759219206658]]"
sampling,cgtnjyggtm,sampling:density=0.0625,8,0.09248851955887563,"[[8,0.09248851955887563],[16,0.09297602326832335],[32,0.09344923800128839]]"
sampling,w68dtmpfyf,sampling:density=1,8,0.08688133296956364,"[[8,0.08688133296956364],[16,0.0920180876256058],[32,0.09924268138446814]]"
sampling,w68dtmpfyf,sampling:density=0.75,8,0.08687411129595904,"[[8,0.08687411129595904],[16,0.09323637023508832],[32,0.09851968377459404]]"
sampling,w68dtmpfyf,sampling:density=0.625,8,0.08688910475362381,"[[8,0.08688910475362381],[16,0.09103316113963876],[32,0.09687543730125017]]"
sampling,w68dtmpfyf,sampling:density=0.5,8,0.0889895240197565,"[[8,0.0889895240197565],[16,0.09646465607376024],[32,0.10329750902845762]]"
sampling,w68dtmpfyf,sampling:density=0.375,8,0.08623751385479383,"[[8,0.08623751385479383],[16,0.09033752584491492],[32,0.09687530277232487]]"
sampling,w68dtmpfyf,sampling:density=0.25,8,0.08595390519020421,"[[8,0.08595390519020421],[16,0.09296395293203003],[32,0.10480437304976542]]"
sampling,w68dtmpfyf,sampling:density=0.1875,8,0.08826792283035798,"[[8,0.08826792283035798],[16,0.09472412058412022],[32,0.10395065625547942]]"
sampling,w68dtmpfyf,sampling:density=0.125,8,0.08785234673697966,"[[8,0.08785234673697966],[16,0.09492926803891717],[32,0.09695467410436696]]"
sampling,w68dtmpfyf,sampling:density=0.0625,8,0.09117099170535167,"[[8,0.09117099170535167],[16,0.09667829393933221],[32,0.10280710879937668]]"
sampling,xcmzfsbd9t,sampling:density=1,8,0.09896227978066927,"[[8,0.09896227978066927],[16,0.10348881997965012],[32,0.11294360786032878]]"
sampling,xcmzfsbd9t,sampling:density=0.75,8,0.09899941719422016,"[[8,0.09899941719422016],[16,0.10412225172481929],[32,0.11380709910694468]]"
sampling,xcmzfsbd9t,sampling:density=0.625,8,0.09839234474754345,"[[8,0.09839234474754345],[16,0.1011923539276175],[32,0.11154067049227208]]"
sampling,xcmzfsbd9t,sampling:density=0.5,8,0.09909249118891536,"[[8,0.09909249118891536],[16,0.10127332009363987],[32,0.11140886788784518]]"
sampling,xcmzfsbd9t,sampling:density=0.375,16,0.09792952710542985,"[[8,0.09866208021582606],[16,0.09792952710542985],[32,0.11056648946221322]]"
sampling,xcmzfsbd9t,sampling:density=0.25,8,0.09742728502013613,"[[8,0.09742728502013613],[16,0.09839518040423163],[32,0.1095179000004008]]"
sampling,xcmzfsbd9t,sampling:density=0.1875,16,0.09852105610631993,"[[8,0.09868368353420097],[16,0.09852105610631993],[32,0.1151537622838148]]"
sampling,xcmzfsbd9t,sampling:density=0.125,8,0.09706889792739243,"[[8,0.09706889792739243],[16,0.09998250988485116],[32,0.11707886220639878]]"
sampling,xcmzfsbd9t,sampling:density=0.0625,8,0.0980594011966199,"[[8,0.0980594011966199],[16,0.10151765607051985],[32,0.10960139055728324]]"
sampling,yfxyg8jm46,sampling:density=1,8,0.08619077491589897,"[[8,0.08619077491589897],[16,0.08653781822152265],[32,0.0917068786667909]]"
sampling,yfxyg8jm46,sampling:density=0.75,8,0.0859885755212716,"[[8,0.0859885755212716],[16,0.0865537067750988],[32,0.09441823723509143]]"
sampling,yfxyg8jm46,sampling:density=0.625,8,0.08533933965820269,"[[8,0.08533933965820269],[16,0.08640815817398759],[32,0.09152591252606068]]"
sampling,yfxyg8jm46,sampling:density=0.5,8,0.08830077201974734,"[[8,0.08830077201974734],[16,0.08958166638089088],[32,0.098208903627125]]"
sampling,yfxyg8jm46,sampling:density=0.375,8,0.08169176628237748,"[[8,0.08169176628237748],[16,0.08441304452098912],[32,0.09261792563195873]]"
sampling,yfxyg8jm46,sampling:density=0.25,8,0.08172278021479676,"[[8,0.08172278021479676],[16,0.08304637940085588],[32,0.08719226258576317]]"
sampling,yfxyg8jm46,sampling:density=0.1875,8,0.0821612067449891,"[[8,0.0821612067449891],[16,0.08558026238367342],[32,0.0902792060269583]]"
sampling,yfxyg8jm46,sampling:density=0.125,8,0.08678294009077604,"[[8,0.08678294009077604],[16,0.08924519362839564],[32,0.09312520666616772]]"
sampling,yfxyg8jm46,sampling:density=0.0625,8,0.08415827545661779,"[[8,0.08415827545661779],[16,0.0890007346900224],[32,0.0949601856495508]]"
sampling,ykhs7s2dck,sampling:density=1,8,0.10175762849276,"[[8,0.10175762849276],[16,0.10674268949160755],[32,0.10640361188335701]]"
sampling,ykhs7s2dck,sampling:density=0.75,8,0.10306371876738692,"[[8,0.10306371876738692],[16,0.10900150970355763],[32,0.1080390833817125]]"
sampling,ykhs7s2dck,sampling:density=0.625,8,0.10340400202859204,"[[8,0.10340400202859204],[16,0.10606454107202475],[32,0.11017231515288088]]"
sampling,ykhs7s2dck,sampling:density=0.5,8,0.1042189971115857,"[[8,0.1042189971115857],[16,0.11129512037134556],[32,0.11091678356558124]]"
sampling,ykhs7s2dck,sampling:density=0.375,8,0.10386833229678435,"[[8,0.10386833229678435],[16,0.1106665109000315],[32,0.10836457222566738]]"
sampling,ykhs7s2dck,sampling:density=0.25,8,0.10259096146550553,"[[8,0.10259096146550553],[16,0.11000940290484273],[32,0.10999583216321243]]"
sampling,ykhs7s2dck,sampling:density=0.1875,8,0.10048474414811977,"[[8,0.10048474414811977],[16,0.11129272170333988],[32,0.11139203155296211]]"
sampling,ykhs7s2dck,sampling:density=0.125,8,0.10380192065309131,"[[8,0.10380192065309131],[16,0.11138868927173043],[32,0.11656838721793172]]"
sampling,ykhs7s2dck,sampling:density=0.0625,8,0.10597868305700194,"[[8,0.10597868305700194],[16,0.1149768399647143],[32,0.12162857268002152]]"
gaussian,74t7kcdgkr,gaussian:sigma=0,8,0.10599143059440752,"[[8,0.10599143059440752],[16,0.1081246521323382],[32,0.1137477960688634]]"
gaussian,74t7kcdgkr,gaussian:sigma=0.5,8,0.10606992083644891,"[[8,0.10606992083644891],[16,0.10909067029999986],[32,0.11444267882898285]]"
gaussian,74t7kcdgkr,gaussian:sigma=1,8,0.10589579625174202,"[[8,0.10589579625174202],[16,0.11200437617389647],[32,0.11840907255031272]]"
gaussian,74t7kcdgkr,gaussian:sigma=1.5,8,0.10616995251565471,"[[8,0.10616995251565471],[16,0.1134364830529652],[32,0.12337082949304704]]"
gaussian,74t7kcdgkr,gaussian:sigma=2,8,0.1057909586397708,"[[8,0.1057909586397708],[16,0.11338883036822218],[32,0.12148732278235945]]"
gaussian,74t7kcdgkr,gaussian:sigma=3,8,0.10698288819178962,"[[8,0.10698288819178962],[16,0.11410688280611936],[32,0.12965852797558838]]"
gaussian,74t7kcdgkr,gaussian:sigma=4,8,0.10796417811615111,"[[8,0.10796417811615111],[16,0.1170620486922593],[32,0.13149617454871398]]"
gaussian,74t7kcdgkr,gaussian:sigma=6,8,0.11703652714913382,"[[8,0.11703652714913382],[16,0.11969134955117995],[32,0.13025984282183745]]"
gaussian,74t7kcdgkr,gaussian:sigma=8,8,0.12190226314071387,"[[8,0.12190226314071387],[16,0.12423942902431899],[32,0.1308056918139425]]"
gaussian,cgtnjyggtm,gaussian:sigma=0,32,0.07848914726964269,"[[8,0.08166414414961753],[16,0.08102925403387273],[32,0.07848914726964269]]"
gaussian,cgtnjyggtm,gaussian:sigma=0.5,32,0.07838463965874994,"[[8,0.08310332114394936],[16,0.0812220917237818],[32,0.07838463965874994]]"
gaussian,cgtnjyggtm,gaussian:sigma=1,32,0.08149026529947927,"[[8,0.08502000969576282],[16,0.08421667798476329],[32,0.08149026529947927]]"
gaussian,cgtnjyggtm,gaussian:sigma=1.5,32,0.08571389547556829,"[[8,0.08786780565720145],[16,0.08814809881308142],[32,0.08571389547556829]]"
gaussian,cgtnjyggtm,gaussian:sigma=2,32,0.08813151839792015,"[[8,0.09151615767716544],[16,0.09219816413960588],[32,0.08813151839792015]]"
gaussian,cgtnjyggtm,gaussian:sigma=3,32,0.09096311681534248,"[[8,0.09640015981399633],[16,0.10049558441276185],[32,0.09096311681534248]]"
gaussian,cgtnjyggtm,gaussian:sigma=4,32,0.09499902053208717,"[[8,0.09897733429539088],[16,0.10114069711927647],[32,0.09499902053208717]]"
gaussian,cgtnjyggtm,gaussian:sigma=6,16,0.10749153091446273,"[[8,0.10932465795351828],[16,0.10749153091446273],[32,0.1078940348795151]]"
gaussian,cgtnjyggtm,gaussian:sigma=8,32,0.10460926009089866,"[[8,0.11423002481870288],[16,0.11083455513391963],[32,0.10460926009089866]]"
gaussian,w68dtmpfyf,gaussian:sigma=0,8,0.08688133296956364,"[[8,0.08688133296956364],[16,0.0920180876256058],[32,0.09924268138446814]]"
gaussian,w68dtmpfyf,gaussian:sigma=0.5,8,0.08706567245334258,"[[8,0.08706567245334258],[16,0.0926656150299407],[32,0.09894176077943571]]"
gaussian,w68dtmpfyf,gaussian:sigma=1,8,0.0892546330267733,"[[8,0.0892546330267733],[16,0.09411478789105934],[32,0.10154033987843145]]"
gaussian,w68dtmpfyf,gaussian:sigma=1.5,8,0.09087247767014742,"[[8,0.09087247767014742],[16,0.09516769157073364],[32,0.10535010422863662]]"
gaussian,w68dtmpfyf,gaussian:sigma=2,8,0.09294840132427942,"[[8,0.09294840132427942],[16,0.09754600736811571],[32,0.10632522161085949]]"
gaussian,w68dtmpfyf,gaussian:sigma=3,8,0.09500066309758934,"[[8,0.09500066309758934],[16,0.09953690501216236],[32,0.10397734518457831]]"
gaussian,w68dtmpfyf,gaussian:sigma=4,8,0.09421842229233217,"[[8,0.09421842229233217],[16,0.0984055368262782],[32,0.10618266284787321]]"
gaussian,w68dtmpfyf,gaussian:sigma=6,8,0.10174454147552432,"[[8,0.10174454147552432],[16,0.10528479232060853],[32,0.11236845058373121]]"
gaussian,w68dtmpfyf,gaussian:sigma=8,16,0.11006271282089078,"[[8,0.11086111907235194],[16,0.11006271282089078],[32,0.11657363250541983]]"
gaussian,xcmzfsbd9t,gaussian:sigma=0,8,0.09896227978066927,"[[8,0.09896227978066927],[16,0.10348881997965012],[32,0.11294360786032878]]"
gaussian,xcmzfsbd9t,gaussian:sigma=0.5,8,0.09875237443318831,"[[8,0.09875237443318831],[16,0.10324502809299933],[32,0.11252069943775977]]"
gaussian,xcmzfsbd9t,gaussian:sigma=1,8,0.09958455442152872,"[[8,0.09958455442152872],[16,0.10323011223002743],[32,0.11435593130110862]]"
gaussian,xcmzfsbd9t,gaussian:sigma=1.5,8,0.10189478946688386,"[[8,0.10189478946688386],[16,0.10307180890584125],[32,0.11129486922893975]]"
gaussian,xcmzfsbd9t,gaussian:sigma=2,16,0.10258430497736201,"[[8,0.10281735787105661],[16,0.10258430497736201],[32,0.10622756895282855]]"
gaussian,xcmzfsbd9t,gaussian:sigma=3,16,0.10540262731010927,"[[8,0.10864387865759195],[16,0.10540262731010927],[32,0.10955550377813665]]"
gaussian,xcmzfsbd9t,gaussian:sigma=4,8,0.10738742581849156,"[[8,0.10738742581849156],[16,0.10929011600207923],[32,0.11429489486375846]]"
gaussian,xcmzfsbd9t,gaussian:sigma=6,16,0.10410417163983347,"[[8,0.10720458733755663],[16,0.10410417163983347],[32,0.11044365753035179]]"
gaussian,xcmzfsbd9t,gaussian:sigma=8,32,0.09759201187652736,"[[8,0.11076346730752747],[16,0.10404995243097215],[32,0.09759201187652736]]"
gaussian,yfxyg8jm46,gaussian:sigma=0,8,0.08619077491589897,"[[8,0.08619077491589897],[16,0.08653781822152265],[32,0.0917068786667909]]"
gaussian,yfxyg8jm46,gaussian:sigma=0.5,8,0.08619601565692257,"[[8,0.08619601565692257],[16,0.0864231915993238],[32,0.09257353766764131]]"
gaussian,yfxyg8jm46,gaussian:sigma=1,8,0.08462713562311061,"[[8,0.08462713562311061],[16,0.08619000578491719],[32,0.09581203089755672]]"
gaussian,yfxyg8jm46,gaussian:sigma=1.5,8,0.08528057916385769,"[[8,0.08528057916385769],[16,0.08651374732621714],[32,0.09532027749832236]]"
gaussian,yfxyg8jm46,gaussian:sigma=2,16,0.0861303343529082,"[[8,0.08618173747469034],[16,0.0861303343529082],[32,0.09689671255674899]]"
gaussian,yfxyg8jm46,gaussian:sigma=3,8,0.08615721082182295,"[[8,0.08615721082182295],[16,0.0869920553961782],[32,0.10042317667509873]]"
gaussian,yfxyg8jm46,gaussian:sigma=4,16,0.08799699720965341,"[[8,0.089376592198685],[16,0.08799699720965341],[32,0.10062400033756709]]"
gaussian,yfxyg8jm46,gaussian:sigma=6,8,0.09043624883436806,"[[8,0.09043624883436806],[16,0.09126675569312329],[32,0.0973083771708097]]"
gaussian,yfxyg8jm46,gaussian:sigma=8,8,0.09317563102441462,"[[8,0.09317563102441462],[16,0.09549327541411692],[32,0.10378044812776457]]"
gaussian,ykhs7s2dck,gaussian:sigma=0,8,0.10175762849276,"[[8,0.10175762849276],[16,0.10674268949160755],[32,0.10640361188335701]]"
gaussian,ykhs7s2dck,gaussian:sigma=0.5,8,0.10249949189840064,"[[8,0.10249949189840064],[16,0.10815032883298045],[32,0.10859839707975558]]"
gaussian,ykhs7s2dck,gaussian:sigma=1,8,0.1043697330226917,"[[8,0.1043697330226917],[16,0.11326774593733893],[32,0.11553794565505175]]"
gaussian,ykhs7s2dck,gaussian:sigma=1.5,8,0.10569563950730147,"[[8,0.10569563950730147],[16,0.1132573074465287],[32,0.12187006898135784]]"
gaussian,ykhs7s2dck,gaussian:sigma=2,8,0.10657690494103242,"[[8,0.10657690494103242],[16,0.11188310694717467],[32,0.12133812991618635]]"
gaussian,ykhs7s2dck,gaussian:sigma=3,8,0.10858221811170128,"[[8,0.10858221811170128],[16,0.11019667857580825],[32,0.1232613834557756]]"
gaussian,ykhs7s2dck,gaussian:sigma=4,8,0.1073095956578819,"[[8,0.1073095956578819],[16,0.10914679033698857],[32,0.12028945331078415]]"
gaussian,ykhs7s2dck,gaussian:sigma=6,16,0.11406244607892183,"[[8,0.11565228192584595],[16,0.11406244607892183],[32,0.1251699587430613]]"
gaussian,ykhs7s2dck,gaussian:sigma=8,16,0.11588311727198866,"[[8,0.11749840378323162],[16,0.11588311727198866],[32,0.12100706478774512]]"
wavelet,74t7kcdgkr,wavelet:db2:low_only:level=0,8,0.10599143059440752,"[[8,0.10599143059440752],[16,0.1081246521323382],[32,0.1137477960688634]]"
wavelet,74t7kcdgkr,wavelet:db2:low_only:level=1,8,0.10607689115859713,"[[8,0.10607689115859713],[16,0.11099779458603483],[32,0.11465629845765216]]"
wavelet,74t7kcdgkr,wavelet:db2:low_only:level=2,8,0.1080379845755984,"[[8,0.1080379845755984],[16,0.11770343289541166],[32,0.12337400281798112]]"
wavelet,74t7kcdgkr,wavelet:db2:low_only:level=3,8,0.10678821496393467,"[[8,0.10678821496393467],[16,0.11102574088610513],[32,0.11526876562629515]]"
wavelet,74t7kcdgkr,wavelet:haar:low_only:level=1,8,0.10519817792329751,"[[8,0.10519817792329751],[16,0.10677410148990696],[32,0.11283411346432162]]"
wavelet,74t7kcdgkr,wavelet:haar:low_only:level=2,8,0.10739382762434795,"[[8,0.10739382762434795],[16,0.11546040742972388],[32,0.1256597024144739]]"
wavelet,74t7kcdgkr,wavelet:haar:low_only:level=3,8,0.1132429642629309,"[[8,0.1132429642629309],[16,0.11834751539490096],[32,0.11782247003644934]]"
wavelet,74t7kcdgkr,wavelet:db4:low_only:level=1,8,0.10513002157201104,"[[8,0.10513002157201104],[16,0.1095537457805722],[32,0.11421202295525404]]"
wavelet,74t7kcdgkr,wavelet:db4:low_only:level=2,8,0.10638598597566387,"[[8,0.10638598597566387],[16,0.1155333817391773],[32,0.11834664365773509]]"
wavelet,74t7kcdgkr,wavelet:db4:low_only:level=3,8,0.11085913288272906,"[[8,0.11085913288272906],[16,0.11842089456002444],[32,0.12141904411383883]]"
wavelet,74t7kcdgkr,wavelet:db2:low_plus_boundary_details:level=1,8,0.10599143059440752,"[[8,0.10599143059440752],[16,0.1081246521323382],[32,0.1137477960688634]]"
wavelet,74t7kcdgkr,wavelet:db2:low_plus_boundary_details:level=2,8,0.10607557482824168,"[[8,0.10607557482824168],[16,0.11099760972744892],[32,0.11465512921569336]]"
wavelet,74t7kcdgkr,wavelet:db2:low_plus_boundary_details:level=3,8,0.1080379845755984,"[[8,0.1080379845755984],[16,0.11770343289541166],[32,0.12337400281798112]]"
wavelet,74t7kcdgkr,wavelet:haar:low_plus_boundary_details:level=1,8,0.10599143059440752,"[[8,0.10599143059440752],[16,0.1081246521323382],[32,0.1137477960688634]]"
wavelet,74t7kcdgkr,wavelet:haar:low_plus_boundary_details:level=2,8,0.10523868064375681,"[[8,0.10523868064375681],[16,0.10679973263617211],[32,0.11285521097289641]]"
wavelet,74t7kcdgkr,wavelet:haar:low_plus_boundary_details:level=3,8,0.10740974706194409,"[[8,0.10740974706194409],[16,0.11548994911074464],[32,0.12566915851187135]]"
wavelet,74t7kcdgkr,wavelet:db4:low_plus_boundary_details:level=1,8,0.10599143059440752,"[[8,0.10599143059440752],[16,0.1081246521323382],[32,0.1137477960688634]]"
wavelet,74t7kcdgkr,wavelet:db4:low_plus_boundary_details:level=2,8,0.10513002157201104,"[[8,0.10513002157201104],[16,0.1095537457805722],[32,0.11421202295525404]]"
wavelet,74t7kcdgkr,wavelet:db4:low_plus_boundary_details:level=3,8,0.10638598597566387,"[[8,0.10638598597566387],[16,0.1155333817391773],[32,0.11834664365773509]]"
wavelet,cgtnjyggtm,wavelet:db2:low_only:level=0,32,0.07848914726964269,"[[8,0.08166414414961753],[16,0.08102925403387273],[32,0.07848914726964269]]"
wavelet,cgtnjyggtm,wavelet:db2:low_only:level=1,32,0.07864246611989456,"[[8,0.08390892068002574],[16,0.08317310661065823],[32,0.07864246611989456]]"
wavelet,cgtnjyggtm,wavelet:db2:low_only:level=2,32,0.08895500584452302,"[[8,0.09057309939686489],[16,0.09440874999349502],[32,0.08895500584452302]]"
wavelet,cgtnjyggtm,wavelet:db2:low_only:level=3,16,0.09326317500484327,"[[8,0.09679555587109397],[16,0.09326317500484327],[32,0.09496062187501494]]"
wavelet,cgtnjyggtm,wavelet:haar:low_only:level=1,32,0.07812391986431891,"[[8,0.08286015778182823],[16,0.07988605874310377],[32,0.07812391986431891]]"
wavelet,cgtnjyggtm,wavelet:haar:low_only:level=2,8,0.08942295779778224,"[[8,0.08942295779778224],[16,0.09302499170651499],[32,0.09169078161692926]]"
wavelet,cgtnjyggtm,wavelet:haar:low_only:level=3,32,0.08816093780771402,"[[8,0.11094542379297472],[16,0.09596759185200958],[32,0.08816093780771402]]"
wavelet,cgtnjyggtm,wavelet:db4:low_only:level=1,32,0.07832113020737912,"[[8,0.08335759781064178],[16,0.0819344896557605],[32,0.07832113020737912]]"
wavelet,cgtnjyggtm,wavelet:db4:low_only:level=2,32,0.08728598119690897,"[[8,0.0907030552217721],[16,0.0932709125457876],[32,0.08728598119690897]]"
wavelet,cgtnjyggtm,wavelet:db4:low_only:level=3,32,0.0927549278051628,"[[8,0.10408872680599357],[16,0.10052046329857875],[32,0.0927549278051628]]"
wavelet,cgtnjyggtm,wavelet:db2:low_plus_boundary_details:level=1,32,0.07848914726964269,"[[8,0.08166414414961753],[16,0.08102925403387273],[32,0.07848914726964269]]"
wavelet,cgtnjyggtm,wavelet:db2:low_plus_boundary_details:level=2,32,0.07864294359719434,"[[8,0.08390886963062452],[16,0.08317346734865833],[32,0.07864294359719434]]"
wavelet,cgtnjyggtm,wavelet:db2:low_plus_boundary_details:level=3,32,0.08895500584452302,"[[8,0.09057309939686489],[16,0.09440874999349502],[32,0.08895500584452302]]"
wavelet,cgtnjyggtm,wavelet:haar:low_plus_boundary_details:level=1,32,0.07848914726964269,"[[8,0.08166414414961753],[16,0.08102925403387273],[32,0.07848914726964269]]"
wavelet,cgtnjyggtm,wavelet:haar:low_plus_boundary_details:level=2,32,0.07812785169607621,"[[8,0.08282319468803215],[16,0.07984212673826671],[32,0.07812785169607621]]"
wavelet,cgtnjyggtm,wavelet:haar:low_plus_boundary_details:level=3,8,0.08942704732262087,"[[8,0.08942704732262087],[16,0.0930241655023328],[32,0.0916703125189594]]"
wavelet,cgtnjyggtm,wavelet:db4:low_plus_boundary_details:level=1,32,0.07848914726964269,"[[8,0.08166414414961753],[16,0.08102925403387273],[32,0.07848914726964269]]"
wavelet,cgtnjyggtm,wavelet:db4:low_plus_boundary_details:level=2,32,0.07832113020737912,"[[8,0.08335759781064178],[16,0.0819344896557605],[32,0.07832113020737912]]"
wavelet,cgtnjyggtm,wavelet:db4:low_plus_boundary_details:level=3,32,0.08728598119690897,"[[8,0.0907030552217721],[16,0.0932709125457876],[32,0.08728598119690897]]"
wavelet,w68dtmpfyf,wavelet:db2:low_only:level=0,8,0.08688133296956364,"[[8,0.08688133296956364],[16,0.0920180876256058],[32,0.09924268138446814]]"
wavelet,w68dtmpfyf,wavelet:db2:low_only:level=1,8,0.08856242623343963,"[[8,0.08856242623343963],[16,0.09437504926935116],[32,0.1008986725629288]]"
wavelet,w68dtmpfyf,wavelet:db2:low_only:level=2,8,0.08865237709515164,"[[8,0.08865237709515164],[16,0.09510644389341125],[32,0.10204455726447459]]"
wavelet,w68dtmpfyf,wavelet:db2:low_only:level=3,16,0.0941596909413805,"[[8,0.09776586898974095],[16,0.0941596909413805],[32,0.09957392711106419]]"
wavelet,w68dtmpfyf,wavelet:haar:low_only:level=1,8,0.08691097775927113,"[[8,0.08691097775927113],[16,0.09406201326915638],[32,0.0970623783853419]]"
wavelet,w68dtmpfyf,wavelet:haar:low_only:level=2,8,0.08807067329212642,"[[8,0.08807067329212642],[16,0.09543750435443754],[32,0.10156049922507007]]"
wavelet,w68dtmpfyf,wavelet:haar:low_only:level=3,32,0.09526765458062328,"[[8,0.10312095878789554],[16,0.10066208801724437],[32,0.09526765458062328]]"
wavelet,w68dtmpfyf,wavelet:db4:low_only:level=1,8,0.08721107705174366,"[[8,0.08721107705174366],[16,0.0930268858386394],[32,0.09850255767473544]]"
wavelet,w68dtmpfyf,wavelet:db4:low_only:level=2,8,0.09063011151928865,"[[8,0.09063011151928865],[16,0.09409914371545017],[32,0.09943616254098778]]"
wavelet,w68dtmpfyf,wavelet:db4:low_only:level=3,8,0.09690923769196225,"[[8,0.09690923769196225],[16,0.09854321260684637],[32,0.1018869460495054]]"
wavelet,w68dtmpfyf,wavelet:db2:low_plus_boundary_details:level=1,8,0.08688133296956364,"[[8,0.08688133296956364],[16,0.0920180876256058],[32,0.09924268138446814]]"
wavelet,w68dtmpfyf,wavelet:db2:low_plus_boundary_details:level=2,8,0.08856247763505702,"[[8,0.08856247763505702],[16,0.09437476587185369],[32,0.10089844460145761]]"
wavelet,w68dtmpfyf,wavelet:db2:low_plus_boundary_details:level=3,8,0.08865237709515164,"[[8,0.08865237709515164],[16,0.09510644389341125],[32,0.10204455726447459]]"
wavelet,w68dtmpfyf,wavelet:haar:low_plus_boundary_details:level=1,8,0.08688133296956364,"[[8,0.08688133296956364],[16,0.0920180876256058],[32,0.09924268138446814]]"
wavelet,w68dtmpfyf,wavelet:haar:low_plus_boundary_details:level=2,8,0.08685389829684492,"[[8,0.08685389829684492],[16,0.09405120805060405],[32,0.09707653236522376]]"
wavelet,w68dtmpfyf,wavelet:haar:low_plus_boundary_details:level=3,8,0.08805191987743817,"[[8,0.08805191987743817],[16,0.09543246856418822],[32,0.10157609240624414]]"
wavelet,w68dtmpfyf,wavelet:db4:low_plus_boundary_details:level=1,8,0.08688133296956364,"[[8,0.08688133296956364],[16,0.0920180876256058],[32,0.09924268138446814]]"
wavelet,w68dtmpfyf,wavelet:db4:low_plus_boundary_details:level=2,8,0.08721107705174366,"[[8,0.08721107705174366],[16,0.0930268858386394],[32,0.09850255767473544]]"
wavelet,w68dtmpfyf,wavelet:db4:low_plus_boundary_details:level=3,8,0.09063011151928865,"[[8,0.09063011151928865],[16,0.09409914371545017],[32,0.09943616254098778]]"
wavelet,xcmzfsbd9t,wavelet:db2:low_only:level=0,8,0.09896227978066927,"[[8,0.09896227978066927],[16,0.10348881997965012],[32,0.11294360786032878]]"
wavelet,xcmzfsbd9t,wavelet:db2:low_only:level=1,8,0.09846203690296872,"[[8,0.09846203690296872],[16,0.10386227225460865],[32,0.113478681922392]]"
wavelet,xcmzfsbd9t,wavelet:db2:low_only:level=2,8,0.10245963693866153,"[[8,0.10245963693866153],[16,0.10799896153308439],[32,0.11285751148736142]]"
wavelet,xcmzfsbd9t,wavelet:db2:low_only:level=3,8,0.1058081136127057,"[[8,0.1058081136127057],[16,0.10626986314089937],[32,0.11169015403668651]]"
wavelet,xcmzfsbd9t,wavelet:haar:low_only:level=1,8,0.0986271103986572,"[[8,0.0986271103986572],[16,0.10363170462138813],[32,0.11387275835403532]]"
wavelet,xcmzfsbd9t,wavelet:haar:low_only:level=2,8,0.09827395379092965,"[[8,0.09827395379092965],[16,0.10264997974878365],[32,0.11066860585148863]]"
wavelet,xcmzfsbd9t,wavelet:haar:low_only:level=3,32,0.10886757859630432,"[[8,0.11493265098579127],[16,0.11333253000730456],[32,0.10886757859630432]]"
wavelet,xcmzfsbd9t,wavelet:db4:low_only:level=1,8,0.09852077597627368,"[[8,0.09852077597627368],[16,0.1038992675682652],[32,0.1121883875522773]]"
wavelet,xcmzfsbd9t,wavelet:db4:low_only:level=2,8,0.10191382565980929,"[[8,0.10191382565980929],[16,0.10690628098627615],[32,0.11508532698421266]]"
wavelet,xcmzfsbd9t,wavelet:db4:low_only:level=3,8,0.10931158226306711,"[[8,0.10931158226306711],[16,0.11143722799359017],[32,0.11110040720004832]]"
wavelet,xcmzfsbd9t,wavelet:db2:low_plus_boundary_details:level=1,8,0.09896227978066927,"[[8,0.09896227978066927],[16,0.10348881997965012],[32,0.11294360786032878]]"
wavelet,xcmzfsbd9t,wavelet:db2:low_plus_boundary_details:level=2,8,0.09846204309071124,"[[8,0.09846204309071124],[16,0.10386172683300236],[32,0.11347764213606751]]"
wavelet,xcmzfsbd9t,wavelet:db2:low_plus_boundary_details:level=3,8,0.10245963693866153,"[[8,0.10245963693866153],[16,0.10799896153308439],[32,0.11285751148736142]]"
wavelet,xcmzfsbd9t,wavelet:haar:low_plus_boundary_details:level=1,8,0.09896227978066927,"[[8,0.09896227978066927],[16,0.10348881997965012],[32,0.11294360786032878]]"
wavelet,xcmzfsbd9t,wavelet:haar:low_plus_boundary_details:level=2,8,0.09864385221791326,"[[8,0.09864385221791326],[16,0.10359100300314086],[32,0.11386696767152349]]"
wavelet,xcmzfsbd9t,wavelet:haar:low_plus_boundary_details:level=3,8,0.09828401726329203,"[[8,0.09828401726329203],[16,0.10267832498864742],[32,0.11064038761891766]]"
wavelet,xcmzfsbd9t,wavelet:db4:low_plus_boundary_details:level=1,8,0.09896227978066927,"[[8,0.09896227978066927],[16,0.10348881997965012],[32,0.11294360786032878]]"
wavelet,xcmzfsbd9t,wavelet:db4:low_plus_boundary_details:level=2,8,0.09852077597627368,"[[8,0.09852077597627368],[16,0.1038992675682652],[32,0.1121883875522773]]"
wavelet,xcmzfsbd9t,wavelet:db4:low_plus_boundary_details:level=3,8,0.10191382565980929,"[[8,0.10191382565980929],[16,0.10690628098627615],[32,0.11508532698421266]]"
wavelet,yfxyg8jm46,wavelet:db2:low_only:level=0,8,0.08619077491589897,"[[8,0.08619077491589897],[16,0.08653781822152265],[32,0.0917068786667909]]"
wavelet,yfxyg8jm46,wavelet:db2:low_only:level=1,8,0.08574234448567267,"[[8,0.08574234448567267],[16,0.08612649574943113],[32,0.09399732081149419]]"
wavelet,yfxyg8jm46,wavelet:db2:low_only:level=2,8,0.0850399640805613,"[[8,0.0850399640805613],[16,0.08873389295507227],[32,0.10320374179574787]]"
wavelet,yfxyg8jm46,wavelet:db2:low_only:level=3,8,0.08853763506140741,"[[8,0.08853763506140741],[16,0.09040581405814206],[32,0.09952221539922321]]"
wavelet,yfxyg8jm46,wavelet:haar:low_only:level=1,8,0.08473783131182541,"[[8,0.08473783131182541],[16,0.08516542821000073],[32,0.09033807234855314]]"
wavelet,yfxyg8jm46,wavelet:haar:low_only:level=2,8,0.08423412179413861,"[[8,0.08423412179413861],[16,0.0870887302109201],[32,0.09896992193731807]]"
wavelet,yfxyg8jm46,wavelet:haar:low_only:level=3,16,0.09430643915894803,"[[8,0.09494767920108105],[16,0.09430643915894803],[32,0.09969252869376219]]"
wavelet,yfxyg8jm46,wavelet:db4:low_only:level=1,8,0.08443685283900143,"[[8,0.08443685283900143],[16,0.08563084064294475],[32,0.09088364587537323]]"
wavelet,yfxyg8jm46,wavelet:db4:low_only:level=2,8,0.08431869112188364,"[[8,0.08431869112188364],[16,0.08919646057623369],[32,0.10182436368907641]]"
wavelet,yfxyg8jm46,wavelet:db4:low_only:level=3,8,0.08741837244029846,"[[8,0.08741837244029846],[16,0.09001130588342068],[32,0.10145782830742886]]"
wavelet,yfxyg8jm46,wavelet:db2:low_plus_boundary_details:level=1,8,0.08619077491589897,"[[8,0.08619077491589897],[16,0.08653781822152265],[32,0.0917068786667909]]"
wavelet,yfxyg8jm46,wavelet:db2:low_plus_boundary_details:level=2,8,0.08574164347873861,"[[8,0.08574164347873861],[16,0.08612642959104536],[32,0.09399695818272735]]"
wavelet,yfxyg8jm46,wavelet:db2:low_plus_boundary_details:level=3,8,0.0850399640805613,"[[8,0.0850399640805613],[16,0.08873389295507227],[32,0.10320374179574787]]"
wavelet,yfxyg8jm46,wavelet:haar:low_plus_boundary_details:level=1,8,0.08619077491589897,"[[8,0.08619077491589897],[16,0.08653781822152265],[32,0.0917068786667909]]"
wavelet,yfxyg8jm46,wavelet:haar:low_plus_boundary_details:level=2,8,0.08481791772506223,"[[8,0.08481791772506223],[16,0.08525182538684553],[32,0.0904068862317351]]"
wavelet,yfxyg8jm46,wavelet:haar:low_plus_boundary_details:level=3,8,0.08424691279321372,"[[8,0.08424691279321372],[16,0.08710042686761221],[32,0.0989973703736065]]"
wavelet,yfxyg8jm46,wavelet:db4:low_plus_boundary_details:level=1,8,0.08619077491589897,"[[8,0.08619077491589897],[16,0.08653781822152265],[32,0.0917068786667909]]"
wavelet,yfxyg8jm46,wavelet:db4:low_plus_boundary_details:level=2,8,0.08443685283900143,"[[8,0.08443685283900143],[16,0.08563084064294475],[32,0.09088364587537323]]"
wavelet,yfxyg8jm46,wavelet:db4:low_plus_boundary_details:level=3,8,0.08431869112188364,"[[8,0.08431869112188364],[16,0.08919646057623369],[32,0.10182436368907641]]"
wavelet,ykhs7s2dck,wavelet:db2:low_only:level=0,8,0.10175762849276,"[[8,0.10175762849276],[16,0.10674268949160755],[32,0.10640361188335701]]"
wavelet,ykhs7s2dck,wavelet:db2:low_only:level=1,8,0.10319283606352125,"[[8,0.10319283606352125],[16,0.1080771685586206],[32,0.1096459182487695]]"
wavelet,ykhs7s2dck,wavelet:db2:low_only:level=2,8,0.1061315107579559,"[[8,0.1061315107579559],[16,0.1156546125659949],[32,0.1201654883809603]]"
wavelet,ykhs7s2dck,wavelet:db2:low_only:level=3,8,0.10467957447613116,"[[8,0.10467957447613116],[16,0.11071929901072317],[32,0.11441518813915275]]"
wavelet,ykhs7s2dck,wavelet:haar:low_only:level=1,8,0.10307428594956222,"[[8,0.10307428594956222],[16,0.10860882341017283],[32,0.10807544512363491]]"
wavelet,ykhs7s2dck,wavelet:haar:low_only:level=2,8,0.1058981803241342,"[[8,0.1058981803241342],[16,0.11375858597167694],[32,0.12626706252415956]]"
wavelet,ykhs7s2dck,wavelet:haar:low_only:level=3,32,0.10604734105396327,"[[8,0.10650988818712881],[16,0.11098801250304786],[32,0.10604734105396327]]"
wavelet,ykhs7s2dck,wavelet:db4:low_only:level=1,8,0.10265339425558491,"[[8,0.10265339425558491],[16,0.10788951277421337],[32,0.10865597081876735]]"
wavelet,ykhs7s2dck,wavelet:db4:low_only:level=2,8,0.10460896687259769,"[[8,0.10460896687259769],[16,0.11509027002088465],[32,0.11918500022421567]]"
wavelet,ykhs7s2dck,wavelet:db4:low_only:level=3,8,0.10770589205293216,"[[8,0.10770589205293216],[16,0.11324556548729699],[32,0.11762279369165567]]"
wavelet,ykhs7s2dck,wavelet:db2:low_plus_boundary_details:level=1,8,0.10175762849276,"[[8,0.10175762849276],[16,0.10674268949160755],[32,0.10640361188335701]]"
wavelet,ykhs7s2dck,wavelet:db2:low_plus_boundary_details:level=2,8,0.10319248758451549,"[[8,0.10319248758451549],[16,0.1080767001072156],[32,0.10964434779771255]]"
wavelet,ykhs7s2dck,wavelet:db2:low_plus_boundary_details:level=3,8,0.1061315107579559,"[[8,0.1061315107579559],[16,0.1156546125659949],[32,0.1201654883809603]]"
wavelet,ykhs7s2dck,wavelet:haar:low_plus_boundary_details:level=1,8,0.10175762849276,"[[8,0.10175762849276],[16,0.10674268949160755],[32,0.10640361188335701]]"
wavelet,ykhs7s2dck,wavelet:haar:low_plus_boundary_details:level=2,8,0.10315291673221474,"[[8,0.10315291673221474],[16,0.10864740131148735],[32,0.10798314691876296]]"
wavelet,ykhs7s2dck,wavelet:haar:low_plus_boundary_details:level=3,8,0.1059183864853932,"[[8,0.1059183864853932],[16,0.11378038304439597],[32,0.12629441961752402]]"
wavelet,ykhs7s2dck,wavelet:db4:low_plus_boundary_details:level=1,8,0.10175762849276,"[[8,0.10175762849276],[16,0.10674268949160755],[32,0.10640361188335701]]"
wavelet,ykhs7s2dck,wavelet:db4:low_plus_boundary_details:level=2,8,0.10265339425558491,"[[8,0.10265339425558491],[16,0.10788951277421337],[32,0.10865597081876735]]"
wavelet,ykhs7s2dck,wavelet:db4:low_plus_boundary_details:level=3,8,0.10460896687259769,"[[8,0.10460896687259769],[16,0.11509027002088465],[32,0.11918500022421567]]"
