method,domain,specimen_count,mae,pearson,spearman
B0,74t7kcdgkr,45,0.052003607090763716,0.8771636951544716,0.7980237154150197
B0,cgtnjyggtm,49,0.12486849958988919,0.7180159156180785,0.8329591836734694
B0,w68dtmpfyf,43,0.09660573834513045,0.8556391208495827,0.8823618242222894
B0,xcmzfsbd9t,59,0.0751151275587624,0.9229579591361928,0.8670952659263589
B0,yfxyg8jm46,42,0.12743074387350148,0.9156574165559426,0.7510736569159712
B0,ykhs7s2dck,38,0.06179111148763879,0.60370924752367,0.5653791443265127
B1,74t7kcdgkr,45,0.10730196533448924,0.7008988135323831,0.680368906455863
B1,cgtnjyggtm,49,0.14134889338972872,0.6746893188864371,0.7772448979591837
B1,w68dtmpfyf,43,0.11112914241686603,0.6980766436693704,0.6967683479311386
B1,xcmzfsbd9t,59,0.10323398997104673,0.832988723720754,0.7687317358270017
B1,yfxyg8jm46,42,0.1717120104456665,0.8300877810827149,0.7855927396483268
B1,ykhs7s2dck,38,0.08973042337043909,0.569833769120668,0.6268738374001532
B2,74t7kcdgkr,45,0.10764539517263061,0.6575369464369234,0.6312252964426878
B2,cgtnjyggtm,49,0.13805536017437453,0.6142834249340821,0.7583673469387755
B2,w68dtmpfyf,43,0.10615791151866084,0.7740249930914522,0.8041377227423739
B2,xcmzfsbd9t,59,0.12498450432323528,0.7036124527606673,0.6846288720046756
B2,yfxyg8jm46,42,0.1662884933888912,0.8304199201068614,0.7591767279799044
B2,ykhs7s2dck,38,0.09989427826089724,0.5223669630875681,0.5933909618120145
B3,74t7kcdgkr,45,0.08877382523111707,0.7463664546121973,0.7096179183135705
B3,cgtnjyggtm,49,0.14858548400619534,0.6109246179157801,0.7230612244897959
B3,w68dtmpfyf,43,0.10796190689455082,0.7000103032780156,0.6813651464814255
B3,xcmzfsbd9t,59,0.13746506046429735,0.7418704275764909,0.6855639976621859
B3,yfxyg8jm46,42,0.16744578893100426,0.8291660391458374,0.7747346244226562
B3,ykhs7s2dck,38,0.09354135988110802,0.5643658640875806,0.6235912025385709
B4,74t7kcdgkr,45,0.055658078470571304,0.8625011737766078,0.7906455862977602
B4,cgtnjyggtm,49,0.13531684128569435,0.6664761901055346,0.7968367346938775
B4,w68dtmpfyf,43,0.09447493979571134,0.8450540470755262,0.8655995167623075
B4,xcmzfsbd9t,59,0.07569825541099282,0.9177513438854312,0.8658679135008767
B4,yfxyg8jm46,42,0.12950240295969215,0.9108190331781352,0.7436188315371526
B4,ykhs7s2dck,38,0.0638371675711171,0.5740270785368081,0.5351789035999562
R_coarse,74t7kcdgkr,45,0.1163119437684593,0.5976250774114689,0.5685111989459816
R_coarse,cgtnjyggtm,49,0.14365481809375552,0.6846339583322999,0.7875510204081633
R_coarse,w68dtmpfyf,43,0.09620937337159519,0.7070131733709271,0.7026578073089701
R_coarse,xcmzfsbd9t,59,0.10632650090494988,0.8474633932773925,0.7744593804792519
R_coarse,yfxyg8jm46,42,0.1691081945860747,0.826103374816653,0.7943440563973746
R_coarse,ykhs7s2dck,38,0.09899708273623191,0.5505660455645066,0.5999562315351789
S_R_coarse,74t7kcdgkr,45,0.1163119437684593,-0.16629003466784104,-0.18563899868247694
S_R_coarse,cgtnjyggtm,49,0.1436548180937555,0.19295898947439913,0.16244897959183674
S_R_coarse,w68dtmpfyf,43,0.09620937337159519,0.11781607754927936,0.13077620054364242
S_R_coarse,xcmzfsbd9t,59,0.1063265009049499,0.3448783284917999,0.3338983050847458
S_R_coarse,yfxyg8jm46,42,0.1691081945860747,0.17607905403292168,0.22988412608378575
S_R_coarse,ykhs7s2dck,38,0.09899708273623191,-0.38550197388840923,-0.37980085348506404
R_full,74t7kcdgkr,45,0.06112908487338343,0.8395495373701451,0.8023715415019763
R_full,cgtnjyggtm,49,0.12587121270758367,0.726168896536155,0.8353061224489796
R_full,w68dtmpfyf,43,0.08486989669720367,0.8511815711956922,0.8770764119601329
R_full,xcmzfsbd9t,59,0.08652479802874596,0.9131614562846684,0.8602571595558153
R_full,yfxyg8jm46,42,0.12353858888342523,0.9184591347146015,0.7821894498014748
R_full,ykhs7s2dck,38,0.07258415451052165,0.5792518658138197,0.5518109202319729
S_R_full,74t7kcdgkr,45,0.06112908487338343,-0.047758540579181524,-0.06811594202898551
S_R_full,cgtnjyggtm,49,0.12587121270758367,0.3509403389568276,0.20959183673469386
S_R_full,w68dtmpfyf,43,0.08486989669720367,-0.1059599331219655,-0.13258834189066748
S_R_full,xcmzfsbd9t,59,0.08652479802874596,0.13289644193583083,0.1146697837521917
S_R_full,yfxyg8jm46,42,0.12353858888342523,0.20303689972349506,0.15760473219350132
S_R_full,ykhs7s2dck,38,0.07258415451052165,-0.2966895115900549,-0.29051318525002734
P3_20260831,74t7kcdgkr,45,0.1124531919878,0.6692746627684409,0.6512516469038209
P3_20260831,cgtnjyggtm,49,0.14769836225905544,0.6604247113132966,0.7652040816326531
P3_20260831,w68dtmpfyf,43,0.10599002498786195,0.7025504676739537,0.6991845363938387
P3_20260831,xcmzfsbd9t,59,0.10930669739097532,0.8572060153604489,0.7998831092928113
P3_20260831,yfxyg8jm46,42,0.1694728940201605,0.8023038496991823,0.7580422980309537
P3_20260831,ykhs7s2dck,38,0.09522733589709782,0.5446654790703761,0.6128679286574024
S_P3_20260831,74t7kcdgkr,45,0.1124531919878,-0.2880089739919968,-0.28761528326745717
S_P3_20260831,cgtnjyggtm,49,0.14769836225905542,-0.08188383492946248,-0.08357142857142857
S_P3_20260831,w68dtmpfyf,43,0.10599002498786199,0.008383753857867918,-0.026276049531863487
S_P3_20260831,xcmzfsbd9t,59,0.1093066973909753,0.3091284912967975,0.30187025131502043
S_P3_20260831,yfxyg8jm46,42,0.1694728940201605,0.046872059677460554,0.03233125354509359
S_P3_20260831,ykhs7s2dck,38,0.09522733589709782,-0.3510836134800769,-0.30889594047488783
P3_20260901,74t7kcdgkr,45,0.10543397390316919,0.6834310197410219,0.6857707509881423
P3_20260901,cgtnjyggtm,49,0.14538551598672084,0.677441321712643,0.7654081632653061
P3_20260901,w68dtmpfyf,43,0.10664944621607682,0.6944655026859645,0.7025067955300514
P3_20260901,xcmzfsbd9t,59,0.10520883025013679,0.8576171942480807,0.7835184102863822
P3_20260901,yfxyg8jm46,42,0.17225265924048028,0.829321402687334,0.7864030467547201
P3_20260901,ykhs7s2dck,38,0.09178461111219072,0.5782965985163055,0.6371594266331109
S_P3_20260901,74t7kcdgkr,45,0.10543397390316919,0.030542840771982226,0.02924901185770751
S_P3_20260901,cgtnjyggtm,49,0.14538551598672084,0.09943801914625683,0.051224489795918364
S_P3_20260901,w68dtmpfyf,43,0.10664944621607683,0.010174145822353048,-0.021443672606463304
S_P3_20260901,xcmzfsbd9t,59,0.10520883025013679,0.3153579021626433,0.3192285213325541
S_P3_20260901,yfxyg8jm46,42,0.17225265924048028,0.14043674997781125,0.17721416416821975
S_P3_20260901,ykhs7s2dck,38,0.0917846111121907,0.019591058590797603,-0.07823613086770982
P3_20260902,74t7kcdgkr,45,0.10745305338096567,0.6490994128613624,0.6387351778656126
P3_20260902,cgtnjyggtm,49,0.14574972713131687,0.6744301917360197,0.771734693877551
P3_20260902,w68dtmpfyf,43,0.10395998973428765,0.7096295686591977,0.692842041679251
P3_20260902,xcmzfsbd9t,59,0.10539900885569807,0.8371521643047037,0.7985973115137347
P3_20260902,yfxyg8jm46,42,0.17468215317895566,0.8138065708646481,0.7544769467628231
P3_20260902,ykhs7s2dck,38,0.0946089683390636,0.5460870680331785,0.5938286464602254
S_P3_20260902,74t7kcdgkr,45,0.10745305338096567,-0.17789968609846446,-0.16719367588932807
S_P3_20260902,cgtnjyggtm,49,0.14574972713131687,0.07095097909220649,0.017346938775510204
S_P3_20260902,w68dtmpfyf,43,0.10395998973428765,0.10865606450652224,0.07233464210208396
S_P3_20260902,xcmzfsbd9t,59,0.10539900885569807,0.18256126493164485,0.18153126826417298
S_P3_20260902,yfxyg8jm46,42,0.17468215317895566,-0.031691115476741416,-0.013694190098047159
S_P3_20260902,ykhs7s2dck,38,0.09460896833906361,-0.2580927320145707,-0.2743188532662217
