specimen_id,dataset_id,height,width,native_count,source_image_sha256,decoded_image_sha256,policy_context_state_sha256
c8-2,74t7kcdgkr,338,340,114920,2a4636f95444c53278b22acdee76cf7123442ffbf310fb2b4700ca7b64f57954,7d593ca2423ece016ecf2db80a0482a8e74398de58bd91d2b75158a2538a7db1,2c291bb9e440f80e8e15e49bdac9685ea2a790995d7e6db045d91d8da268bf46
c8-3,74t7kcdgkr,338,352,118976,e6e77cc9b13aa9321d2bf77103474c08b9c88d9a3ab037008ef010c1cb5896a7,ed3902181e8ed93c5298bec5b3e21692f7f360c8f84d6810b869092eab8c708b,ec50ab0d02fa3b51fb35b28d9c69753913a5e3474aa2dfebebac54d19d9d9816
c8-4,74t7kcdgkr,338,352,118976,259485b737b1fa4536f5bc93b4db6d30a41b46e0549073847bb6334f8438b5b3,0abb7b10194872bd0c03aaf868ad020379d1ed7437ace3dd247d4dea562a1e52,a7337b95d577dc3b440888afe69883208db6230d348c2c292a532e6f7f821171
c8-5,74t7kcdgkr,338,340,114920,73f89721281271850882b456ef72a38d0ea7d59b2d3ab4e27ddfa54ceef75d09,8a74ff272148c610ebcafd8edfd83df08700dae9953e03b0eed4579ad0a3b189,e0ad8847126aba763cde8990719adc232af8d07227fffaefb545a959d62371fd
c8-6,74t7kcdgkr,338,352,118976,dd422879e64dc2588dc58eb89af69338bf8a619229b66249e6e6bcd283befde7,22302e0e8adcf8c4a82132beaec721a346c4d43f7bd9865dd6ac2284a8e4e3ae,66d8db2b6a2b951bd35611261753ee8919f221884bb0250b4cd7140f3e97223a
c8-6t,74t7kcdgkr,674,675,454950,4391215c4c9c08afa9eb4bb0a43990207917df963b1bef43105096b854486f7b,26a8805ed49d33d0dae65be87800a876967d6b158cfad14d88262be81ce12ab1,c21478d77842475a437e0478e2b14ccba5725f00d7384b3351a5096a459c8c0b
c8-7,74t7kcdgkr,338,340,114920,72d7c1d494d2958df01e3e7c815aaac5f350ce7e7941beb5e7088b34fadb8976,7d4bb2bd37df4c1334ff1e707e2476a920e92d999beb67e03704f8cc55eb2aba,7a28f475654a9cd0752b0d8e6ccb4d36668e263cf95a34b5cb557cd7ab7313d0
c8-8,74t7kcdgkr,338,340,114920,deaa56464ad0eb4c19b66f73847847a626994efe1008e1108ccc0088f891f1e6,6d21044d5ee9112339fe06dca99e67d813f686607e0977f9a59e17adb83f4c1d,cf501cebdc045a64f2b08cc7da986a93cbd4c601af70c3f7f4c767d89246cb51
c8-8t,74t7kcdgkr,674,675,454950,184e5d418e958c2d3b94056f8334ef86614cbc20c9480d7843a9887375ce547b,ce6b09a27cf219ebea6309b83616b0ee9ff51d786a9184076341a40fbf1800e8,d6be8e1a0a15c103367432e051280114b99b2345b85ac1265643eb36faed15f1
c8-9,74t7kcdgkr,338,352,118976,b6fb1ea0e6ffdfa5276a4a95a0fb33b86871cd341974fcc836c248468cb39aa8,fadcd1117bcc1b090a6807365dd3b5ce807bd7026343ee162227c0ca9f88d49a,140c05e74fbfac0bc12cb8048865a407c9e1c65edf7690f5e7320488e5a33950
c8-9t,74t7kcdgkr,674,675,454950,fc611b4c93553b7ff179254696bf75cde070663a8cd2a739919faa634bd5f518,cb33db1af91de010930fd8a9bbd3ec4fe6a91bdf883cf8768c98d1a0440b8751,0610b4a82fcebc2cd7cea8c0ef17b3a1494c2e646b7baf0257c985a0a86628e1
c8-10t,74t7kcdgkr,674,675,454950,090d622f8e50cac912a20202dd01b4b0ae8ce5450432faefe0bc71e2179b8835,ee9d570d113500433a1b4323ec5b2bea45dbef910d40c81bb2c99b96751a9bc7,6c9a1aba069c4e1f8d1bd6d3008ab228f6cf113528f2ae5afeac890acedce63f
c8-11,74t7kcdgkr,338,352,118976,d20944f5270d9747d0ea859720e260fb71565c5a02e3b16a82ee60b252252294,ee3cbf50c7976c4d64e2f525d0efc7daa5f1c10b95e7be89929bc16f98816c14,b37b205d1f6ce738faf5f9c3754e406a2b19c7c165a785e19b60815c128c8fb2
c8-12,74t7kcdgkr,338,352,118976,89f4ee717122fd03ef0261c42911fa721f4b5ce4467b63904c966d9302fd43d9,1d546215c8dd905736cbc7fdb62e6cdc1adf39e3602d33f0314305f072745415,54a5f27ab120e36053d7bd0d3977b40e15b92a96bbfd75c66834f10e69be6e20
c8-12t,74t7kcdgkr,674,675,454950,42b00aa0a8b4a96a2014db60374d103c25da1bba9ca0e0bf36e94ae33e4cce48,d11300e88e60906d98a7b45bb00fd943753a9539b7303bf041eea33f7a5aa0ef,17aacecd85a6fe9e12e4747c6d4f564522435b29fd7a9ae8a1936076a451d3c2
c8-13,74t7kcdgkr,338,340,114920,4dc6ce2a1003d7addfb010a949db3e2ae3e680f6fdc41ad18d4a88166a3c86f7,3e7246d4bcd165d3d099cb9c54c398d6e4bab6d725282e6cb2d41bfb41e95b00,b5c0e16a01cc176a0b8fe69618400db16dd75275a113f88b776c84591145d750
c8-14,74t7kcdgkr,338,340,114920,6829c1a1db8c1f9f71c91466c587cae3c4e5f1280dedc93c95b5bd344e4b93d4,cc01de1701992520506fd0cba604ab212d69d1e141b9f0ccd93832e6ebda194e,8a9e1ccf86f84886eded4f378bfc739bc284deb239f89469b59d056551f4dfce
c8-15,74t7kcdgkr,338,352,118976,a0dd12f97eaf396b8c4c08b60d3a58c524c7e511fedacdd19b5a09f78c586ead,5fb66a74b59cb290ba49bd274278b33ad210947fc58871effdb8ea8279a79fdd,202851cf95724f0e91e06966baf461636155f664d199b237cd95b5c6b7cbc927
c8-16,74t7kcdgkr,338,352,118976,234a50307f16631456e3cfcac69b111a854d67d954381ada8e29ccd2199e9100,11ad78f3eaa048a76c6204d945afa2245cfd6bbfe8843e1b71c3adeee642c01c,916626cab279497d8e10d32cc79e2a9d6c7235bafcd7ff885ec0284504aae7ef
c8-17,74t7kcdgkr,338,340,114920,2b257727cd7cae92f4c6b84353ecd471ecfcdefd45d1fcd83a59d7801b0810a4,c7c07e67733d77170dd88520541ba697a51ad0027ce74c5105f4a572248efd75,b507b2e4989ad34547ad05baa8d9fdd0da1ee531ed5b0cc323ffc025659a6812
c8-18,74t7kcdgkr,338,352,118976,78b9da1a0593837752e6f1717eb40240d125ddcc6f34ce8196f3e3f96d39ac3e,3c2f0fd555c907ad49e3fc6f0e29df969a780eb09f8937972620971f6b0e1277,9cd66987e3959ff4b789f82734af0582f18c7b8542822ccfb3d7844ec534d260
c8-19,74t7kcdgkr,674,675,454950,3e021ed85ba7b5f6664a410d373c67625fb30fe65f93387bfa98f0a151100008,e3b018ad3f72c675a3c04daf91e4cb93e280aa40981208e75e52d5d0ae5e1a39,67554775a7f583a613fedff29695886719749a1370cb06e15b66273b0a76d4a1
c8-20,74t7kcdgkr,674,675,454950,89c9cccb85fc7dc6990631b0bc5dc1ccbca65acadfc261c9a53d4b4803804619,0d322ead1057cfb5b8f3d3d0f2d83e07a95ddfdd7e67b123d2979f57dddc91ae,016c4d2f4112e9d60a4c3c1547d295cd82364efbe6f3f9aa8d8f51183c283903
c8-21,74t7kcdgkr,674,675,454950,0242d92627e506c763859f498a6e0f4734f3cec576f154060e6b55f3e9594bf0,2a0a4c5c6f37afe653aea5dc1a57e040d657a01a2efa88d4799047a2a31812d4,d57c2bdb3f9c6cae0c7524815ef278356495812600317baad43efb3ee04d04a3
c8-22,74t7kcdgkr,674,675,454950,72449713a844dc00d887b80beb89128d128360b0a348d56f5ed86f960a1decbf,890e97c882f16ae2e41db61c5fcfdc5c1747909b5b9c3e438e9d5e025fd60dc7,6f100a4141348ecfec7671dbd7d3cf3ca14d2dc7453ee86f73ae4560696439c9
c8-23,74t7kcdgkr,674,675,454950,c40a82ffa3d70161a862fe223e51ce9e64f22b5215c68c330f5c70cfdfc52204,31cd9b9c6f28d6a8bce88723546a72b9ea667d2fe2d3eb7427eb0182c7be18df,b1f2ec4f10789ac982601cf91104dfed3bfee28a04cd72df00dc6530b16c1344
c8-24,74t7kcdgkr,674,675,454950,39f519201158d464808bea9e455af79bc2c2d747a694dc0bc3f3b48bea77a355,d37ba70a70f9590dad85fcda0a927c1db1c8f0680566799fa4bcb55b4fbc0ddb,54de322d25d6408dfccc5ffb3ed226c3d50ca3d4dbfbe568f38c231c85e0e229
c8-25,74t7kcdgkr,674,675,454950,d47d110fd874cb7e4d43fee4ef0c2f552f449bc3c349da382148b25fa3a3529a,3e9c2906ed1c4593ced343989116cc2b0f1f60343ec4bb2b14fc53140217ec92,ff573593897212077035152c8ba626a080b184a1e0c3058b5499b8b925866aeb
c8-26,74t7kcdgkr,674,675,454950,059b1f52a71da61747b4a5d5dd286e2524edc34c7f6a37145c0c6e36ab668ba2,d7a3d023d992a775b8910d5e3a657a93a302d811e4805a151a3b6c060c77c649,0cec2e559dbdd5a81e44031e8c6ce596774bbc158e751c9f58cc954d2e70a0f6
c8-27,74t7kcdgkr,674,675,454950,3b880ac4fd2077eb152973bcc8bdcf58fb41027119fb805a04fa653e2d943fa7,443c00c1a889b991cec7d46e72e74dd5a09772de6fdc4726f12ab158b0425e23,c8c445e8117082e9d2c746a70e03d8ffffcda432c972f83f257a6cfa52611d46
c8-28,74t7kcdgkr,674,675,454950,b681873337e1d403ccfc399b975c6b86218ae5f3173e6a915ed0b6e6c703ca58,6868bd8b9c00fedcb4c72944de32958633cff5f264da38ade436f5b815db5ff9,bc9e687a00b21e78dac8b4f494c268936849dd59b348727439be2149db6d319e
c8-29,74t7kcdgkr,674,675,454950,1064f6f9e13dd456bb48cc6ae4936d4a6005fedcb0c4c76435b55c1f7da19c13,7e1440a804d3f077adb4aa424a9784eb791aa50f3b9cb45a64481c4d71b23d04,86341126b3fa1e0f8ec3fef7bd26427c796fc76300ed835c5dd7c258199f8613
c8-30,74t7kcdgkr,674,675,454950,7d6b21883ce821d3c8cc4cf4263545e744b39970a5998edf971e8a675dba1586,e132d4fbca2fad96699337f24d02e804fc41688a503a113d6256825599b0d42a,62f91e2df0819f052d9cfafe5f931e7c12fd3247dd7346879753c6eaee858b51
c8-32,74t7kcdgkr,674,675,454950,aa675f7abf8ffd3a3dac0b18269610f240a4fb21a7be6fe0b9423ac8f2ea599a,088e47ed53505f0835960bc66b3575e4c1412c745e19d89221d568db61554a72,e79797b8887add4e5da3f948f79ba78e4aa543afae7912c1252e0128d7282fc1
c8-33,74t7kcdgkr,674,675,454950,3f6b7a660634ef09530460b0cafa7fbe82426f635667b554cfd1c0d70ce7e037,504a976f7763ca8c4b4e85405bc579a9bf66ba86f575a5553b2c53e90841fa19,133ade9635c0f36ecc4282de9e21285c9686eceefee55ea7731f7aa5eb8e7a7e
c8-34,74t7kcdgkr,674,675,454950,64b4e82a60948c242f6b3a14780755bebec469e9df4acf900426644c634736da,c9822530d113874c867f5579429e5716759fd598baa48a30c21edb718aac2ec5,decd6b09e04741a2cc74f7aa1737aa763de59eab23c18bd1474a3039fec10f19
c8-35,74t7kcdgkr,674,675,454950,d39af242aee2534dd7316a5f03497bd4287977d173ddff3cb36934e59ef1200d,801505ba697972edd5f26d1f0377fe602293457c0dda250c3d822b5ab12ff0ef,d0308aa4a95b0992cb30a4a01dc6db910e2ea8247eb9972b4ab2738074151c0c
c8-36,74t7kcdgkr,674,675,454950,3b389d7edf5262c7ca9a0c1d090b9ede28a84642d80a952412b8a997a0389467,bc82f670c842694326879f7a18d6710baed8a2748f5537372d04137631012c22,a128009d64a82136bc6e633b701ccb8d318ec13b9ee56da0aea94b1eb0bd570b
c8-37,74t7kcdgkr,674,675,454950,46cc27870ed7489db2ddb687107dad7499476317895d750b87dc036f8e5f0bc2,d3f048730c5a940d7c701f18d37e66fe7dc8af4f0b36e3b1a2ffc6473d4472a6,4e904d874e04776076f896ceb8ea941f966a16b078cc1c878d8fc3f8b3937a2a
c8-38,74t7kcdgkr,674,675,454950,81c8fde016b08bf60dd3a95cd6a28b1424be94e099e89f32dc474775dda064bc,9e8739855635b96706b608ca50e519fe1a29d3ef7751da4cfd9cf9cee59096fa,02cc3a799778d88d18963db2f3e92b4cd58bcb839183cd156560e8f43f5aca70
c8-39,74t7kcdgkr,674,675,454950,a2708a02d12434e3f8221f3ba15200f39a94571616157892cc76ce37f8cc912d,70fc5542395c62b5285d52ca6838e5f4ba9e8dcf5cd5d3ffb6c879f6f6fe9605,b796186fa13f3c5340650d64bfa5351c28bcc6e32ab505abf79e269bb68e495c
c8-40,74t7kcdgkr,674,675,454950,269311a4880e08b174ecc3e3e5f33d2e193a8831b608a42eaacf254ccc65cbf1,1e3a4277d17f94e4851cb203b1bfd12560ba948f4443574c2e97bd06be07e301,f9bac29cc2026da368b15f8d57c3e7fb98a89d3c9ca6872ac399b421e01fc3b0
c8-41,74t7kcdgkr,674,675,454950,8786699e0853a3b9909a55ad3eefcaf8c19824d9ec541629a8d22255f20553d7,69444b3619a4691e38c8f1744d7de6c420024da73eee137963ccd3f1f05b9018,eed2537e381639c48cdc510fcbdba3ce3d6a69e1780b864b7fabc273453fa82b
c8-42,74t7kcdgkr,674,675,454950,bcfc130e19afa16db105b66d67bab4a34d0f0b9cb71f5e9e5f9fc07a86b00516,86a4bf38670fee0b78fa2a3b72732b66b833e39f6a70844d13ce7e64f55b0aad,b827844faa03ed5bbaf4edbfdd4cd14a60e2c96ef99c6c6d20773646dfba7418
c8-43,74t7kcdgkr,674,675,454950,7ec3f87981b0381039588f1cc3ca95086589634bad49e9de41d56edd143cbec7,5d80af369c530594bfb0c5105db750b1a51c462d2450a29b1e3fbd3ce8561173,090bb3f1580d55f6f156a1a0b65da8a694fda89d4ad3c25846494a90ea714493
q24-1,cgtnjyggtm,674,675,454950,d46c389da763f00cad60b823ebf46e9424dec93fbf65f08b3b981c41bbc28bce,c5e908ffcae41b035a46d84f7dd3de873347bf36a2ed30014eae70f7b4d91e51,e9478fa149c5e41ac9ca25d98be347f42ee8d0de64ecf2f1a4abfb8e76fd0821
q24-2,cgtnjyggtm,674,675,454950,781f2d8ef11e970e55a88d43264c967f23f757e4111f5723966075326aef62f3,7bee380485b2eb29f36ed30320b3525829e595c649d0d99296d7cb9418285f69,14fe236635c8ed3ab749d6c81bc461f0af3d6a041a592397b8ea69b67a740421
q24-3,cgtnjyggtm,674,675,454950,50e6a22e1de63ff6cbf2fa1283b78ab7e41c0675971d2f4cbe63ed122c161a85,1c54679720ef67c5adacab817e134def3ecec551f395318196c277c8a89c78c2,bb1b58e3d328cf46bc0b338fe26ab134e25e581fec9fdd0a23b5e29425400b42
q24-4,cgtnjyggtm,674,675,454950,444a22e7e0edf3f7bd02b06bcdd3f090785d6af74108543191b9e12c18c56745,3179b35abd5c199e26b8e9cac5d79f0b1311a9d683bc74d8035abbdfbc8e0a22,2fb035c156d54baef9bff82c0ec73e8037213b448b7f5e63f3ddaba7a1362e45
q24-5,cgtnjyggtm,674,675,454950,f137e82b1552dd614a6cd94af5d7d4ea3cdded58107a730c12f471495b0556ad,ca5e466c99eafc2372044392e5fc532017332a1c8dd42aee6995bca155f847ff,477d394883ca0fdaca4d961e49aa50597fb9bd07a3f115f6b22ae9661c56d28c
q24-6,cgtnjyggtm,674,675,454950,33621f71b2ecf995ae7d5d95367bcf3330a78618d7226db030b9e030f9f51e9f,0fd4f7dbfdd3e705d39abb4b15d5387d03174b1a64260f032c61cdabffa4a611,36a27e4417e3a4e83fdc2aef326cbc437eba9dfc535b2fc800db27976a599260
q24-7,cgtnjyggtm,674,675,454950,2a6738e12bfaa3ea27acf47d8efc41813771142711c14d6ea60c96e875ab94bc,b33fa93c2c35a3216fa83a8681bf1a8d313b0f1fcda64c2dbc1b63cb06053760,1528b1f7087142b24b13f8f5248b7d3c07b7e29b6aed05a550840e171a886edf
q24-8,cgtnjyggtm,674,675,454950,54cccad86e57fcda126bb3f2fe6e7cd81dc67f22218454d743aaee2474e8e57a,0f53e9ce7ccfafc22422311e5a0886a081466e13ab60d9594368e8235729e493,2c3853742cb211c0c8f49f900f9b29d33614888f98cf8033e2f4389badd18277
q24-9,cgtnjyggtm,674,675,454950,0c6370c485be65a51ed887d754714b341dfca7f0fce3281383a4729c4b2ce01f,936576fd6b7b84785095db52b19d9aefea5791b8d8a678d42393c2fa7112993d,bc682bb89c0d8fffa63410444ee0afa28a0b153fcc871b0a5725b65788d4b396
q24-10,cgtnjyggtm,674,675,454950,15647859126bfffc598040519d2ffe56e5456d5b7027754c811043406c8c037a,82097ab1ff95e98ed31636df4bce3293bedd57d5defdcc57e907570a858402c4,e532f20eebd675ee7eae7d273dc7774ab321ab6f0f2d8160ec6637e42169b6e1
q24-11,cgtnjyggtm,674,675,454950,172741aa4fb3cff0f2d90f2afbea2b67f0656c2fc168e0a26725713e37eac78e,8644dc9154e7158021c812b496596ba8ce5e5ec46b0fc334ba6624dceae34e3f,3b53710221f7b1f3847f2898defce311dadd717bcacce51906697e267763365c
q24-12,cgtnjyggtm,674,675,454950,b18c13cc24b4be8b978fda888dd72b16c38d0965de8703621d73109fde8d304f,2e4465e104f01a95ae4215ec0ec4844122c9434136f800abc8d57bd9893f06e2,2f93fab841db3529698887215a7944c782c0f50d547114899f2331d86be00a85
q24-13,cgtnjyggtm,674,675,454950,f9ab7da2adf7041b04d9e31d2d8695113c8983fefe62639f6365807256fc62fa,64d585f565ec31db9400165b2b56da00890bf81b5d0531409261ba5359450216,0264b7baf725c344ced8bd7e39e429ee84ee5aa13c24b4863f3264c6f2f2b964
q24-14,cgtnjyggtm,674,675,454950,6ad3eaee2a688b73892f29f52bb42a9ad0f22e3ae29d972aea263a1edd169b58,5709a4873f9927d06e778615f3c427fa6013e630e6618d620bbe852b8efece50,1f1d5f6330066f5c985647f3a55a49b4e1234d06a08769edae7fe40652f06174
q24-15,cgtnjyggtm,674,675,454950,10b657ee2eee2439f6913d062297c9723e0c2caf7b6575f2f5a794e967c54e62,00fe1471249f7c252ba8b82364a20051e216c2fd13049997fc7c08864d8fd102,49deb1cc24a8db9061e3b402f24080665ef834dd35e62ebd57d8670143e246e8
q24-16,cgtnjyggtm,674,675,454950,74e64a32c9a4bbcdd4d2f71f106e40e618325151050c9d718d994568b8427931,d7aa952c2056d30521359164261a78c2e7dd838a54757223688996e0af4d3b2f,1a9e5d980e7a1fa418f0ae501c3e693a03ff3a80e4d686457bc349a37c80da0c
q24-18,cgtnjyggtm,674,675,454950,c5db5bf7c0787e846e3fc9a324470d4bbf7e117532eb9b58ff6d552640b504e8,e42ce448de60399b45a0baa075cefe136cdb41736b793a98570e4a00dd477d6b,fd6d4fa755dc7f5e875414788faee38ee2fe2d3badd20a22c00cdd570054c371
q24-19,cgtnjyggtm,674,675,454950,2bdbb22a359dc86d73ef7e5f8ee42f2aa92e45084237afe4cae213418503755a,a42ead9e5b1b8ded9cd917c384faea51123d1a58207e3fd2871fae4be715b622,b4d3a7f753449c29b9e7a57ba66f7a0e6d8479cee0b1cac84b7fd1de6d926c56
q24-20,cgtnjyggtm,674,675,454950,6184c495b2f98a2a27f48ecd47a8522c5e74b75256a96dbd23bdc34b208a685e,deba2ac7a4740efe75fecc078a8b0115ea79d79c8306cdddfede206acc552a96,306b9ae32ed6172d9c635a99e7b277d571c3ae6f1959670f781e237bea7c30d4
q24-21,cgtnjyggtm,674,675,454950,02ec16ba0bdb8a9f3cb7f1d305699cbf69dcb92ff6222c284f6ffbb2c73c8b7d,a1240f011ff7c494562421a2452b831c5493667702c6641776edda50eeb67dd6,0954758efdc80242757dafcd076bf58f62f875778add3275672a40430c8118a5
q24-22,cgtnjyggtm,674,675,454950,a9b218f122c59f9d7f606a59de8f23e1906fafb7a85ff36dada72148bc85e22c,fe38c07b6caaa63e083f65d1ca9dabdd90eac752f535018636a3af658a08f027,bb40ab9b50133cde43939fb56a4af9d08ed664c4548cdc6749af7f2cc08f3879
q24-23,cgtnjyggtm,674,675,454950,7b898cf8dc25e687657de047e3d044c74eb18376b308c992c5be33d5770ad1c8,3e0bbcfe54e733db5c49b8ed743c3eb73207cc344b7c82a63f2df055cb212325,02af788ece16e683ab0ab9529e477bf48b3e727c3c8b84e423fccee267b5fa7e
q24-24,cgtnjyggtm,674,675,454950,62f6f8c9ce49a993507c06f8b37cac1b1989669ca5edd30314882874e1b9c614,9abafc2fc427757bf141dd68a80310449885b9024be70d67cb66a13528ffa0b1,491745a4b09da61f13522212dbbf6a76e1d5232574a135295213b376f18b8bc0
q24-25,cgtnjyggtm,674,675,454950,15d565c6c97b81bc13e1d422b5cf5d210f4ac91b52bf99318db3712b5c076720,d6d6e18f5d7f82afee3945897c4ef70ce7bae18082b644ca0e31f8e27bdf37b6,3d6ea80001f5a4b773a2711acf25338e65bb1986ac0b18f5a80e5e53ed0ae3ab
q24-26,cgtnjyggtm,674,675,454950,f563c0b4baf39fb719fbf44d4615000c42a586dac3a9255d5a72af4445d6c79e,0eee15817534f3b94b52db0b1415315825daf8adaf97edc0928af3a7951cfd14,34eb2a9b6c2044a38e579557eddd392837ad6894764f4eaa11b3735d1c05621d
q24-27,cgtnjyggtm,674,675,454950,249be70e88565c20f2bb0ed546d32de4d5328afb4e1f08ee59109ebdecbf51ff,df7849abccf7a0815e220318e867ad4b488783d633190c95db88a75106e28969,ae3ee60e939f8bc811617e18272580684ee58873f03092d6afd3ed9c9f1879cd
q24-28,cgtnjyggtm,674,675,454950,e1030ea914e6136a991481b6e4a7579a07a0030b2768fe9bd7a14251a300d441,753f91db6a76dd48c65fdd26f8e6e9f4fceff376f0a0f21bdb65846cd47c985f,34a74a1befe965d9d0d66e0cc86913bab20e249c7664ed5876f52f03097585a9
q24-29,cgtnjyggtm,674,675,454950,f8f144b6f5a3c5ee6b31478d66c712e5a655c3a430da8aa8e0c16871cbe94a85,97580273ea3a0fe4cae19014e604129eb444ae0dbb6ef7d37319a40a5526b506,d496611135c4c3ca4a23daf9e390490ef833d51ba90cb5690161e14065fa6e1d
q24-30,cgtnjyggtm,674,675,454950,46fa140977bcbbf79e71b85cf08068fa571b36860c66283ef098682daa3aefbb,d5eca27305a014b924b90b7618ee8ee2a9a5f6daa7b9dd3c2c6ace4b0cc9cf58,11738acb6bfda8c131f86ae3117b5fcf23b7757b256e1a7c726226415f6bc1b8
q24-31,cgtnjyggtm,674,675,454950,ca7d3ffcdbc21dbd9852b1ee8d8dbab150945f1859312b2a9d59304adcc6c70b,55de6d1d6394541f3dec2b96d3ee5b2339d7b3eb3d79dd3d15c61e63ce5db53e,9ea976d26d4f56b2eee23cd99c1a3143906bf2296405eb288890067cff5a343b
q24-32,cgtnjyggtm,674,675,454950,63ad4845314e1333feedc68cc65fcc37e9c06a7478f6b2e2060316d9b55e4ce4,ace5a246a0a6c4d585a9e6fb339c117f718ba6aa847fde689a594c7cb58194b5,15a190133efdd35c1a808ae1fb825f92b96383a57afa52ebc6320d6c6ed3f321
q24-33,cgtnjyggtm,674,675,454950,e8a7fb7879b0d0c48d6b2a07963aa242a7feb33aa262db1deb8107c4ba80495e,38b9a977b29b905327039f628ba19e16bebaa7292aa5ce2671ca941fb39b4824,60cb4f22be8417742e4711383d02bd02dd293377f552d8ccdac3916c42b5b12b
q24-34,cgtnjyggtm,674,675,454950,66b4efb50a924f0f2d04757dceb87fcab70316ab37c36ff70ee8140e883a1031,10b16ea7ec9cfb1e37d20276278c52de85b2b1f23d44e3bda4cf2f2c789816a8,22f9e257ce899c542357c8376e3d918daa43daea03a0dcee24a53125d0de321a
q24-35,cgtnjyggtm,674,675,454950,41a2dcbcb36543cdf1c128dc5b5c92f018d698a8d3faba9d8d45bf5813cfdad0,7a738ff22cce3ff1c002340d0523f08195cf8ce22293c0809dead0155cd6bbb0,1d8bd148ef364aa874f1eb0c9900b4008b3d7163247af09df6669e847a9b68f5
q24-36,cgtnjyggtm,674,675,454950,438f48a5549cd340ed5e10831f1b6397364f6dc8e7b997edef16c52464728c85,0f4996b93d157ff06130bc0380ea4c241d37dec184380655f2b8d9cf7a803221,7588c3cfa94de6e904319ea5e0177b6c7780d8e6ab89f5c91ad16613fe4afa51
q24-37,cgtnjyggtm,674,675,454950,0caa2bdfff372124f9116725fefe96fcb76700bc2775e991a623aec5ebd1b4f2,136b6aea858a0e80bcc0c0e45d63f70ebcfa7675d6dea0cbdc0fd36c52dc3fec,ff9788deca6fac5f15d395ef8a1e65b06802286921c1fa59ca8cd2a9f6d31af4
q24-38,cgtnjyggtm,674,675,454950,0f5f3384c56a763927fa635a97ee20c0b995b194fb596b96cbbabe0cb4839254,fd4c3ed3975218126878e24fb6d5d8613aea31d2ff569149e28cb902ab0d8882,aebeb6cfae4235ab4070487b41ce7d454b10b7d974ead57ed9de1adda77ea097
q24-39,cgtnjyggtm,674,675,454950,4769f3c54777c305a1b1398f627a6734c7eff184edb72f733f68fd8d53e6db21,cb57e9eafcc8d91f1c2f4b7229671810a461133f78e339eb6eb7100ca819a202,384f9310f7575c6419c55c2ce565f50f1c84b6963580912c3a16fa113fb79fb2
q24-40,cgtnjyggtm,674,675,454950,888ba49cc90410ef4b1326c9fc8bfb51b6e6c84379136a010e5a9a024d6c01f7,4a93142ddf87d238c09eb1ae7e296a41e4ac26077ebde6b81e6f88878dd817f8,2524cb661e281f5796315d8c6d28cd4e02d35fd3e1828f2e62fa81265b332132
q24-41,cgtnjyggtm,674,675,454950,b55cec4519b118f31e5b8b239b14b12482910873a043420f6bb5ffeaa32f9d53,75090c314caa33db82de578ffdfa724fc1982acdd63746a10ab8b410e34cbb5b,62372dad9560a9989949153e9faccd5cfdf350ce744a300b460aa8fa1097f63f
q24-42,cgtnjyggtm,674,675,454950,c2fc746e9baa9b64415b2e59d1b7904ef65eef0033e9eb752189a7426f8b118e,e0e86ff3a35894835048adb0492a55e5efcdccea5436e6a7b72e54b9347cd1bb,ccf821cd031afca37976247d426c65cf0e1544383c46277dcbbb8b1e0f07ab93
q24-43,cgtnjyggtm,674,675,454950,0a240393f15ca5d236dade8535703adbbed0dbb636b6feb4415a3ec0b2409f46,e3872235f3f134cd9548f0e5f8c6dd34a3d55b0ca3a6778da1ffc2b336bb4b89,fc226960901a423336bba9cf1be61f4b92210bf154d46a3b06486c43a941f33e
q24-44,cgtnjyggtm,674,675,454950,a87bb031a5bcbecccfa85f8dc0633fc4e916e984a5b9f5c01c24de5f0dbff57e,ed9860ee3f080ca0dac271230062469a21a2e7a3ebc232baa8ed29e2d43c45cb,7809abe450b66dfa4c9fe4eeb07b37235515edfee632c78c8382e721ada547ea
q24-45,cgtnjyggtm,674,675,454950,2de033f926011c39767d697d912ddd5a514025591fb3fb99ca4d1a35af35d7fb,15caaaef8abfc8cb984b08df5ef380d5453a9e2a0468d1b5c9f716ca27ef61cb,de1db99a9f1717545476b2e7eca65960da58300c0cbe9f2639651864d60e2e03
q24-46,cgtnjyggtm,674,675,454950,d3f6076782495f96bcfe451e56c4009ceb48e139ac5e42028eb81d5cf74718a3,98d32ace5cba7e0fcbbe53873a5fc261a9bac559ba2ea3ed5e92956a7a382ebb,06ff83f9c5c079207377213044847d315d0cab7dbfd4c0eafcc10919a4289027
q24-47,cgtnjyggtm,674,675,454950,b7d83421bf3b7e12d4bbc0ce57153b035bc75b424ce3ae0388101e3edca5c811,b774cce3a9cc92b371616fd3f714846352dd8af7752e749521bd7c6c17787346,11cc1803cd4d542a9da4cb23d54637ed13a6eae55d74751099e96e9b9cddc704
q24-48,cgtnjyggtm,674,675,454950,891dc75c089b0bd4362492f6c84fe4ddb9ed484b9c4e00c92b69184e1d2b0037,ff2ee7a05d63c690c7b4861e9a9983057401b189f1b136c6442fcdd4f047c652,1cf8c2b50ea6e242129d1e4e7316951872fc3f19f99d915def0ffcc05c577e7b
q24-49,cgtnjyggtm,674,675,454950,3db90c9f51d95c34820d9233395cf58473fde477367f3b30363efa565a6dc400,aebc2885a5e133e4223782da393bdfe955abcd4bcd3f323096bc6385b37bd782,cdc198b7fd8bc88e51de77305f492d03352beaac97466b60d4f2e3e1b07807f0
q24-50,cgtnjyggtm,674,675,454950,7186613586d221bcb3c009e0559d2dea5c95deabd1c87fd33ad69b7228e4550c,e0a25bb4eab366a768e5ec847b0b1a507ae695bd0fae4a6547cabe784a67764d,7b12bbf0ffc10135dd063c71905d16c499aed0823f79565559bfea2a5e0f623d
q16-1,w68dtmpfyf,674,675,454950,4d313ddf25ee7d156b42811c79d08cf6b7aebb5b2e54de2c2d077e0e93523bbc,7b3a64aa0a9e40a86f37dedf3e67f3dedb710389ae323e88efe697c4bd72ced7,83104f562cdc78f94ee3099173af8ece339941dee949b4844604bf7cd8a0a9a0
q16-2,w68dtmpfyf,674,675,454950,545f7ec77650e7600917ba62b8756945c92d06e0601b48086ba0aa2e1c76f98c,2aab15918c534abe2233cdb47f45cf9c55d0df0e1c17a6f64a808f55449f39f3,ce3d3dc8763e7f518a01c8c49053265cc415ffa5528ec5467c38132f066e3d89
q16-3,w68dtmpfyf,674,675,454950,d8bce00b811b8a9c284ce88f989689032ebf98a72841c8943af5a57f085fd0e8,6bb2509e2e6f5f1e64ef1e642efaa0842223169dc119a9bb43592178f029c7fb,5f96a105996fd67e6c93f0f196d697cef267684e5f27a127bac2f3529bbc92c9
q16-4,w68dtmpfyf,674,675,454950,20b2a0c355cc62177e2c18da13c3ca65f22c5bc8e6e93a29ed96f0dd924031e4,a48a6bf5fa842ed6d22965e0534c7903cd1e0e14a48c4fd61622c1679208b2a2,d72080526607cef89cd61881a11ac2937b337435a962a450685ce258f732cd44
q16-5,w68dtmpfyf,674,675,454950,285457c4b818268380ae326ec65b300eb262a45faf1c8cb1047a7c54836219ca,8f0a77d701a5e08f1c70121296c1cb9099bc220d96d894295c7e37fad8f461c9,09d32949dc9e38c4100a6898bec6fd6118ef9febd6650359ac9bc79166b5b8bb
q16-6,w68dtmpfyf,674,675,454950,bf9b2f864289c8b07d8df28e31bab74cfddcb9a04683aa9d7c3b00f3e7a2572e,f12e2d8d062ad12c8047af9b9b00e2b05729e88f3673358666c1256bd28ebb83,2cb932ef5822d7bf3bd187db927547ce11ec25b3bb79263d209f9ba1797522fd
q16-7,w68dtmpfyf,674,675,454950,d4d8f534176be7a86b6b65c012c1c6b2217d305cb4af9698ea98cf37c6220522,3e0afc4297956cc9d099c584cd347d3568caa82d41323fe384cd4a89aa1fe883,91aa64f606c9766a3145f2dbe147cf1407a2cfa6004d9ad143b4cea7addc0a93
q16-8,w68dtmpfyf,674,675,454950,8751cf3ccd04345642f6d65b1224c077815fe0f1e971f1f32c3f49b294da46e6,8b0f153c01aae3c67e09a27c1908f1966e19e8c372ec1e707e5ad971a973d7a8,9ac311aaf757ce1cab36d4232e9223f9a38b4f5d3a997bdde7c30c6b49c32628
q16-9,w68dtmpfyf,674,675,454950,0d1529616f897952436ca62733d41e3421635a9fb605f1e7422b2773bcef89d5,c51e12642039d5ff7d95c1a57512e2e51441d21ff52f5cf5901ff4355454c025,f53609fe47cd0df439e756f118ed3ef4cfc505182518ef6e71934512ba6ccefe
q16-10,w68dtmpfyf,674,675,454950,1f11b5275774f20a3cc4fdf646e01d1e1d48d8702d51befef9afe3d36dcdaf87,9e94da6dea50166105360de63096d7ae2b2c682e0fc5bea704c5f56a92f52077,e594285a484e5e572ada94bcab155f9b293a56c5919c6f8fdceeb3fec3c63a82
q16-11,w68dtmpfyf,674,675,454950,85245d7522f4af0ba94dcc3ab92082576e79ffe2780b602fdfdc88619b2d4526,c3108b6550ea4238f10cce6172b49bc23a5f26030891b5c499c2a819f835f725,6ca3012cda943757d3a5e52815e7a9e00fb9e4d44ccbaca68649c6233745fd12
q16-12,w68dtmpfyf,674,675,454950,b98d5e0a5eee421669a6924e30940a7e92407b2a6c102ce0199d2f8a9bd8d426,0e442b6624a5273aafdd76112f5995f92c8fc69fdc32c1fcf5fa00c521c01e4d,ee3d9e29a41c11f2c411a10f9283b99108db0888913c393716a30ff69df73fa1
q16-13,w68dtmpfyf,674,675,454950,3b0935b08f7fe85d600aa20ce08ae7b8a47664e7b956139b3a918a0e814548f1,5afb906e17969e3fa1915914fa6b7137cb953c0d3c83d1c7588277986b9027b5,a3c408b1e8257d076295283caf73d06f84056223b29cbb03c4d66d2a55ae1648
q16-14,w68dtmpfyf,674,675,454950,66ce1337c8081cf89c1124186a62febbc902ee337bbd476e7c27750135e82483,dda15c7cba10c8a0d932961048487e8b5be6927a2cdc826ad2761550c058ce53,2e1eed28a3bd48963e288b9d974739096c42792efb5481dfd77baf2a3c144b1c
q16-15,w68dtmpfyf,674,675,454950,a8be252461882d620ca7d7464a3dfc6e3ae72e8f2ac343f824b841125b8799ae,b49699cb20d9f55a05956af6cad6f844838c4e53bd92f8aedd5c8b08f86a5710,0071e9b21403d28ec6a5a693e0d2ed8380780da4d5c061d4178a78c2a6206f72
q16-16,w68dtmpfyf,674,675,454950,fa0461c62287126d5c3effe4c21403b0ebcd13d568ae2bdbf8d22c159e5d30b5,f47d62883c28cf237b932dc32187e739a9d0302c3787e846cf36a19195df8c84,7fadb934e73749d6c2c5002f6d74ee1cea1674428c612f33e1f0a67819e66ae2
q16-17,w68dtmpfyf,674,675,454950,ce71ffa29a4fe161b7786033e21ae247445063b529c377ffb501877d580bbb55,1857fceca2e22b589fcaf021bd20181d225161bd88ee6bf00241fd56d23e96e5,650db1f3108c2d86434642cd8464cf9789cf8c91e2293eb2b7aebf97d630a0bf
q16-18,w68dtmpfyf,674,675,454950,012712bfb8b4f61686a347f85f8f2128cc980a4213525518a739ebde727610cb,d0970eaa8b97cff79015ca11d34d7bdcab2431dc55f39ec5f06379fc7ff8b352,cb8f72fe1bf38ccb76ac64a604371c1696d6ac44c97ccaa8dad37a058e601f3c
q16-19,w68dtmpfyf,674,675,454950,e0a3fcc0182080a0024860e1fc5c2e07b1dd643f2c501983a816d01c2a6bc90d,327542eb25fecf84f6c46bcb0714bf160faf0010b15c8fe789c748e8ceac00d7,0bd9dce175af02f76c4a9cb3fb3c8b1941accf7a4603a3c3c1e7f1081798067f
q16-20,w68dtmpfyf,674,675,454950,246e67ee3296460b30d842d83a10251dd0d1b4a5a12ea3397ce39c9c692b4926,65691f008657044c96dbaf13c17ac7c1accc1603901123a8643ca409d0cbd5d9,ea257a87b3469219b089377a7a9d2a441b52f76a77c62a546402ce198e030f0b
q16-21,w68dtmpfyf,674,675,454950,5c956b6a9137aa39d82d11791718c22ecabff5d76b0ac3ab3792cb9d31380de6,da9b45f33eed4640fd35f61bc16175922d5e53f6aaf179856f4279eca981ca60,964431df99f0183d87a05dc2663bdcd8fac176794acea00594d6b2bf171e1726
q16-22,w68dtmpfyf,674,675,454950,3df90b070aec083cfed49564d6a99c4dd2d19fe10c0935abc1530a7f7353f2e1,63342f5749c9b7b27107a29eb70fb9222fe94b5779744a1c93aa3c38e1c4415d,2600e88f3016a4d6fffe9959c69a190de4baad856f4f7dbae2c614df2a44ce53
q16-23,w68dtmpfyf,674,675,454950,54280b5fa0746ea5745c159f4cf25b457037f40a92580c89cf81eec3db4838ab,04a7a90fd8bfb4c77c7816a6b664a39ff43f2876e38183cf040f71a31a219604,79fd29df4a8b92a62926b226a81fdb555e3357ad137a78f1fe3faaa37fec47e7
q16-24,w68dtmpfyf,674,675,454950,be215c3064003df36b6d6362f9598df9a8f9ddd37bcb98f5bd54e68889dedb32,85b2b0c673428e19525b8f855d862b0354c9d792de965aa2a95ceae7c97deef7,3c0296f9db3e5553c3a7a07e3eca4a28a4d8610f0ba6742d8092d69407a5ea7d
q16-25,w68dtmpfyf,674,675,454950,b90cd5288cefcf9e9b4a3e23e2cbd9ce5c0ec34bdfb4d9ad7b3d589e13b42897,48172e5e8f5d0cd0c1fcfc1d5c4dff3f02220e99bb591978f1c8ec9ddd562bc5,055cbc998f2d15a23bf5a4dc2ac0bc03fde88a2e22bc0ab7e041544244db357d
q16-26,w68dtmpfyf,674,675,454950,2049fad0b92ac0cc87bf990bf967e9ed3c93810b5d476fb8b0cc36b3395a9b0c,f703e7819e0a03081ed3fe757f7990eef30a21729a0de149c2cd7e2eb5fb6c4f,95b41d9108adc4a2bfafca42f2263cb34f57620888b154c61486af96b8e4fdcf
q16-27,w68dtmpfyf,674,675,454950,5dcb5dfedd498e7c401b7422612916c9557a09692c4d3424c5b83d5c81547903,2c838f581299fbc2f6665864dd03b03e157d13aa2f2a61f3c8c901f540c63117,e7a0a799ccec78697c5e348f27b567b49c070313a25b1471de547c105e80cd30
q16-28,w68dtmpfyf,674,675,454950,82dfd10222c01151611b865547dfdc0f19dccf6639ed7073aa637d9c7b9bed02,c6629ee132d5c8c20ac6ac03cafc22f0b8d812bfd2905d1c13473f3500f68a0e,cd4851de60b3302d159b49c83c3df3a9f54c8d9f0c883b9e46f9b0ab483e9f2d
q16-29,w68dtmpfyf,674,675,454950,4d49fb7db9fc20d7645d297568774df3178c060bb991275f42b0a92cee1d5064,1492066f57f1513c57500108c77ccd09a967274c2e5b9d80445f2ac63c952456,13616c56599ee09d39186aa734bb7e277ae66773ee1474834016c7e0b63d646f
q16-30,w68dtmpfyf,674,675,454950,d806496ac261907b606f5c8656a344734f09a4b287ad4dd17d529a1ab9b6aad6,15e3b047ac5b49d3707f8ed0c949002976a4e59ffe6f6971d3f15684cb9fd876,353b26676726320987365a8c997fd454aa042de2bd4c7ef036af26b45f86bd3d
q16-31,w68dtmpfyf,674,675,454950,a3b6dd996ef5a19d518674f9dfd51f17569981e7ba41609dbbc7cf54cdac7a33,3d66c54ddc4a56d80fbcf55401e58d53f5451842ae57ec4654014d99f1a98552,079e204c0389db03f1a8ff7e8222f2334922457d789951286bb324b655c1c75c
q16-32,w68dtmpfyf,674,675,454950,250e0fa0b709c8c0cf4b36ddd70dc06ffc9b8b2eba61881af35ec63de030f4bd,ed964f56d15c2af217040b13acfcc74d446961acada63b9d8adb2167850031bb,cb5c7568d8dd2278924e92b11c45b738080b540962e20450280fb8f3ec83d90a
q16-33,w68dtmpfyf,674,675,454950,ddc396913548d129465a20a777e5c884e6ab09c4304cf19765152a4f160e171d,a5fcb877014c64f55ab6036c296d21bf5120a9bfe9483ab923ac2ed0ed4f0f16,0f25f25eedfd654004f0eea4f646e1700f4ffe47d87d71afee10d50a6fe4d7c3
q16-34,w68dtmpfyf,674,675,454950,c7e02b0f79144cffbc8c6cb75a1fb5f51c0efb37fedebb390af4dd545ea7be1c,c231059cff4a4cbbc8c9cb46c89e16fe080082c15cde66d928099e17bebd569b,9a6daf6aa5216ef28ba13aea72d9bdbe7c2697b289f22e1c9f3f26873d538203
q16-35,w68dtmpfyf,674,675,454950,b549a6bc288be7d5e4287c25c4405d83a744339a3c3be3e0f3f1adb607983f4a,ff3f2ce57e8f79200bef86095684811f3ccf5abc5c597f6766dead7bd0c39ac8,b878e4199be7fbb4c52ce957d7adf6a9d07999dadb06e18933dba160294244b2
q16-36,w68dtmpfyf,674,675,454950,0b4ae9236eed4c06f3e43132150dc0c1b4811df851d6933554d3e9f29d0d9e6d,551ac60db5d98cb7ecff14d8b3dfd3ba8d2b91e8e1c4106263d4541d10a8450e,d39cf6a17b92a1074b77bdf6023ae3f3271ca6953e90ee1eff7de41282712388
q16-37,w68dtmpfyf,674,675,454950,1ec1f6d101632fc4ec948f50b844c1b2cc5c7f2ecf451b8b03bc4d9f8742f9e9,c318693bdc27106c61b5f9e7bc173f7382d09fdd099712b4ea2e48582f33c882,28a329dde210739b7658152a6be53c05f01fefefe750e6ce309ca65ce94ea9c0
q16-38,w68dtmpfyf,674,675,454950,c07fdfa825807f0a96f26b46126796641b371e7077d3bb476a6c6e249e53b6cf,3f622d089f96b2d7ef3f9a77638d6c9a4f8a2e2e4419ce43e8f075b7a163fc4d,e387f2950d6bf21279af32b4c31d0e47ded63b89da9dee3f795a597d87bf1668
q16-39,w68dtmpfyf,674,675,454950,702c21b0d6555a94fac1a73e3a3c93a21f9b702ca5197cb665e0d3cf6c9584ee,8ef579bbd6ac9f7222b27196ae3369f543ecd548fcd4524350d953a9df0b473d,6cb92c6dc1841777da228f09e63d4d782f8ad9ff45f26843bd277ccbc0a0f0b4
q16-40,w68dtmpfyf,674,675,454950,ef9deba8d798bb1c76fe9de4da64c1d5e299f24f619130ff1ae113fd3f2cdb3f,1c087f265b970c838a2f943cabda90777274f41dabbe8affd41b25a42165fc58,a446f3388494a32477345941b7cf70d0d760223f4f026d58a9bfbbda89ea4319
q16-41,w68dtmpfyf,674,675,454950,c3a629536533f5de69a1b65de8fedab6c18f15399dcae274e37bc06744d46ebc,705fd669dcc6a77ff53854fd4cf412872dacf1033acddcef89b7b670c6fc87aa,183a7665c6d036d52b12a22f156d4bd7d09d80b61161e6b89c3add43d9fbc7a4
q16-42,w68dtmpfyf,674,675,454950,8df05641eea2eee66f453b4fd6ecc30de07a152ece9abef73ea166d3f2b740da,ca37e48f4a78eb9f7554377607b15f232ef35bab1c96bbdfc953faf8ecb18072,8c49f621ad8d5ad37f3880240d645de0e72aa58e30b9c29743a7ebf9944552e9
q16-43,w68dtmpfyf,674,675,454950,13deed1d2e9fa54ead60ca89553381011a30fb9dfa335b8e6166434ea4c6f8cd,27e8b26e9b19f1529be3e0488be4a5a45c5feff7f435bac5044b8825f5e95efa,577af63256eeba91811a1f383bc9edee8f795624aede4067dea468a876d1053c
c24-2,xcmzfsbd9t,338,340,114920,4cb4b508acf7b4f22115507fb2580a5d84e4b3c55fed2ecf9ada5ed5c87c3cfc,885421376d9a108e9281875737de34440a53941e4d846f529e678a4948884cca,d3f53a28ceaef1eb4478a3e9035740f8993daa335a49d7dc7f3f96458108b768
c24-3,xcmzfsbd9t,338,352,118976,c91130c780021d44be436d16f42f0876fb9a3e05e53980dbcf97a0cacb3dee08,77c56233d00d57d06df7bfa72b2ca4776c132a72550065697b04b025996c075b,f31dcc3448e0c2e9a4cea36ee0c960c85ec0a76014ecf0ae12d746f9a533d155
c24-5,xcmzfsbd9t,338,340,114920,9dd02ede86f43fa3a89ca82a3bc25d9a6826c9347335f5e906e008c82d921c02,80d32677eac417813a33a6c0bf81b6d6217eafad462c2652bad8bba358948fb8,5c92c1d7552043197087c2aea7aadb74885e9ddc26138227e486c06c8a89ee0b
c24-6,xcmzfsbd9t,338,352,118976,eb04b07804461d66676247f8221a90df360b7d6d0f7c0bbd649085c3fe7c000f,5d2a93247a836dd516725dda51f4a70e171b2cfbe38bf980d1eb60072fe3e635,250654d2d995e7793f2c4fa32a903678595f227b4d43898837356d9cfef1cde5
c24-6t,xcmzfsbd9t,674,675,454950,e172c099158f41678df899a2637351385e91b4496fe11a0a6e42b92133c5f6c1,152b4532ffa2afe7937f8379e4dd5816f0128a0e8e7b219ca0bd102f164b2cc7,6f889ebfb2ced6804b727a71a0f377084d8d781c248a25c12cf7fbc84be3b5cf
c24-7,xcmzfsbd9t,338,340,114920,31a52c174509e7f6515b28e8e913b51f20cbafb66be6af477c1b723dca424d5f,2ae767e5db065fbc418f7647f76e9f8daa139798ec793d9d943647d7e4d614c4,a1843bd22c02d890a6386d5a57a3d007e0f4ad709b73c2775ed5069819a6e4f5
c24-8,xcmzfsbd9t,338,340,114920,f2d1fa87b5490ee609820507e479ca8b21e7fc6002d2b44db1d3e67f2a103e88,4f8d2a7140ad88781f1dbddc272202dfc9f00d41e48489eb7d77abbf0d84f813,85161054e98417b4a2f8261609567a1f9b2829765b919dd9ce61f32ec0ac348c
c24-8t,xcmzfsbd9t,674,675,454950,9c1a60274498f4579b8f48dc358cc11fd5c7a0b65d35d6636f05d43c132b14e3,9aae2b6d6cfb82a1ce2be679924ca28f41db7f05eb036234dda1415090cafba7,984fb9ff9687e123916535343204028714f035b8a3d09c51de89fd5d7baf18ff
c24-9,xcmzfsbd9t,338,352,118976,1b7aa6edd3e864f19fc48622d9e02aebb234bd80fad7e7e39a8742bb7444228c,3b5c91308e828f6b63e3e4c49bb69657ca2634e4a6a3341af2bf9056dae6fc76,1fee88c5537a1b625e24b4bef318b36ab51cd4b97bcb770786cb8fb2f03f8143
c24-9t,xcmzfsbd9t,674,675,454950,85c8c37364c644a455082919dd67363ee7e5b22a00c73b134048be0ce7862f20,3b945fa8eca179e9f49aad6fecc3e13a37f712b6231c72ae510294e5859a3535,f5c47c184afc3f347bf6fd546b7ba9e125c5ec6ef63689799b46c295efcd0428
c24-10,xcmzfsbd9t,338,352,118976,e191a098ee009ad9308c0305c8cc21feb952252a3009d49218e8d8af34de5445,0fe4a909c47793889c6cee8cdd6a22f1d5c58a77bc3a52629c99cbc6734041ee,478da8e60ee616a073dee885bef3ac9c05a7c0fd2057abeb1b1c7fff5b81e150
c24-10t,xcmzfsbd9t,674,675,454950,33f2fa44f5c0f3ba53d0f3aa587fb59070b9f318007bf7873d3160d044967418,1b3278766729162f6118188da8b5b67307c792e7b21a85366d3be20d8923255b,8208cee86644350ea48ae54277bc18799df55c86b8e7adbb1f23bf96e6ac2ebb
c24-11,xcmzfsbd9t,338,340,114920,8b2890b08602ce1699c2c2b615c7029a496ab5440f838ee45d371cd0d22b1832,288db4aa76e55212ab8140bb8a9d8405d367205b1ff9e7f6699b036a74944b07,875356ee107280a5640c16dde281f723b927671c9c7c79ddc3e244799a27517b
c24-11t,xcmzfsbd9t,674,675,454950,da2f286f15fc6112799a945a07be3a3c705e6715ee540e9ecf730af3a5918305,13f6832954ba3a45d59e58a5f46b60875d817b3754df02563e9279de26676412,e78aca8810bfb7d427082108e03b6dea7f730490aeecf3870730e3238b40ae8f
c24-12,xcmzfsbd9t,338,352,118976,ec409643cde7cf03691b66a25498592842b45210640e7ea52f7d8cc49674c3e5,c9589f68fa94e5943613bd50367ddea4f2dd18b915a2a2a08227892c547593a4,fd52fc0ca973c7e5641c2cd2bc97019138cbbf19027b7380ad0cc71de4485bdc
c24-12t,xcmzfsbd9t,674,675,454950,31d6ee277eca66c71e45ecba87f7647b14be3d3be4c4b704eec137bbb09a9ca0,b0cbfaf43a5f1a3bfac83d81bc191572b13f7f9b236bf94b228c94448a88906e,ae28540cf07158644c4511a1c3a206180eb0de60e8e438b1a2af055ab35aad20
c24-13,xcmzfsbd9t,338,340,114920,4ff73184f4d59f6c8ea9cc72edf340e30b7861c00cbe8f19fafdb39db44d38c4,e17a566772cbe484eb5c127a7d2a9c3cf3db66f8292b08fc7f08243f60641f8d,7d7960a6b4acdb93251596ede2003c90ec11f93b927011db7a3078f8b18428f5
c24-14,xcmzfsbd9t,338,340,114920,0f5ed28e63e9e38ebcb6e018e6fc609ae9fdeb49284bf3d48f37125e9d5ac141,0bd94d82db8667d6fda2980cef286a92950abc959bbddcdf747fa714064183e7,1886db162a84fc66fb323886c80714f01b06e10a4fa08971e698f6c9f36ea6c4
c24-15,xcmzfsbd9t,338,352,118976,714fc1a8fd8f61afc16b0ac0429ee6be6fffa1d4ba8d06e1944d22e6e5dd5d4a,b38cda56efe6a64b7215eebd1f9106106dffb8298a38c3768aeeecf7c44330be,e356c22852b5f1ddc521d9f75e4efbc6bb7db3e40e86d8831fd04ebd836017fa
c24-16,xcmzfsbd9t,338,352,118976,e2c68273ac67adfab8ca9cc9a100f518e65889743f183773736bcdea52b55013,54f50727fb05804f737a8f28d26cee7a23d5187f1c4fcb7b375940f62459fff8,6264677e4cdcfe6d9048c32a2033fc7423f7494225b903d17f0e70e15b1c96da
c24-17,xcmzfsbd9t,338,340,114920,42e7ab74f21ac710735b58de0e98d6eaada8ced1e1f683f3e8679daee1d2341a,730c24919bb296cb76fc32fe6734627770d006e19947c3d8dbb7062c879d6184,a7dd58160545597a6711aec46b7bb1b84098975ebbafb01121f21595d915704d
c24-18,xcmzfsbd9t,338,352,118976,ca968ff823645e6d0dcecd57c3e4c9b888bd573ae12664bb10edc6c5711b57d7,20c3eeadeb656f5b1ce6bbcfab6841f36e1b8b7486d6dd28d73dbe60d42b0e49,f28beab523596801ccb3235ddf0eb87169f3ac03098efc6e4c3e5c49caa87960
c24-20,xcmzfsbd9t,338,340,114920,9c021666e58c65b242b6b3da2d78a8cf4561e66f9c5485f2ea0e50505acda0e2,e8ebe52983760a5c8911553dbb287924c8264913dce44b8fadaadae8531a7af9,4ede4cdf0ad39e0c81a01dbaeb84ec18ce6c2332aa585fc143e03a2f5cfa3845
c24-21,xcmzfsbd9t,338,352,118976,8a4fc492e78241ed4d52eb92151bf036104adc536968f0c566062cdbd312c014,0408930044ebd0b6385ff679628ec73afa474013c1fd245164f33ebcd6458457,2b7c078df7574fbeb941d55c767e03594811f2bd1dbfaeb768608d7a174ec953
c24-24,xcmzfsbd9t,338,340,114920,15b0a1a29a107fab0f25598c3c6ca81a5f105ef1dd9642e8ffa2773695587c20,f9f0629f2a55df6b7987f25c466bcb699ce957bc466dab9064e3504efb85f387,070480608258ee4d49214e252f63876dafd0cdb739964a5a57434c55a1f40dad
c24-25,xcmzfsbd9t,338,352,118976,5c72f91924287f5d1eb654f45ad0edad59f7cb0dcefc0542bdc6b3c914232142,e176312ea003ecd6cbc16d12cd24e2fdb043ce27942009fc59b2b2ba8bbe3ddd,4417151cbf8be9c4dac570e99a0d479694c6ee83d6bf54fa720ba1b0ef7ec702
c24-26,xcmzfsbd9t,674,675,454950,2a66320a6700430f7e8aa6487012d13e88bacca9ec83a8df7f80ca88ec18c6bc,53040b74b6fa06f4562973a20f942bdbd5defc9a061ec29567c5bf7a5be0cbd9,008ed9aaaa28180d8f27b178973a380ccd057690d61b035622ebe9f1765a65ba
c24-27,xcmzfsbd9t,674,675,454950,03737e34b2c530e9c861fd54b06a39ec73e8eb5523b79354c2fc4d745950f051,c54d4d4098666ddfaab0d44b42496d1a32239a379f4f965c0ad302681d7c7cc2,a59cf2f8aab349329bd32633bb5b289bbf9e5dfcf434ad0f1c7652a6fe7b1178
c24-28,xcmzfsbd9t,674,675,454950,5be43672ef1727e76e3c6d8fc69d6176759c836dd758ff4423437afa91be3192,e8a0568334a485809e84a9751dbadae23321db6aadd70d8329f34a7231f52707,443f25e64124b941836a14cc451990b4914d597a3a329c50bd770e16e4756ef7
c24-29,xcmzfsbd9t,674,675,454950,d17ff341416843fd2eefcf0ef07a64e0a2323793cfb848b22c9cbfdd14637f99,1f5e34887912b44bd9050994889758e3c5767f01dbf6237e4df1f310937b0ede,8b384110c8df010b3aef9f4bb91c2fe2cf5a20059d5a85ba42286cf5f98d6de5
c24-30,xcmzfsbd9t,674,675,454950,131bcbf2d0770709bdbd0c178551b61c3a606982b31cfa87152dfc159b960379,482b2e3fe801b12da9d3906fee7e59410cae73f86e838d6b84427838b494f63f,c188d5f072459d739f3c14974006a8c14679057878297c7f0951bd9c455c1498
c24-31,xcmzfsbd9t,674,675,454950,8634f22b41c3efecb6a0913083a1f7f4d721688e824212dabc22545b5ecd05bb,4e018fb1a66b516174c1dab28424acd1fbbcbfa76b10478b596a2ff1d5ce43e6,7751f4fdc9bfc5a5dc8d29f0d646712aa39868d02e6c6ae8da068c5e31a6812f
c24-32,xcmzfsbd9t,674,675,454950,c474a9d225c01d372fa63c8409e86372ce73ca1700702557b5bb2888c5e3fe4c,dad14ff5c07a07a0c3cac89f7bcdd386cf9a84c5ddd334f75b149f450e7f6425,36b6ad9c1dac938355f1e8d77b802733155fea0d717a417c16e53b4894435046
c24-33,xcmzfsbd9t,674,675,454950,b66d551db8dbb948ad696f0f86b0d19a5e16b39f62cc8ab422ee5d4eb8052cc6,2e98405848bd2f37b5ac60f43cf01d3beed209589616c248458f56bc2a4007f9,771d13c2f59144c8274b32b40e9c056fcce4949556c14f401c15d3c130158f43
c24-34,xcmzfsbd9t,674,675,454950,b7073f2614ae4cd18ad7152ebf58b4120a3ff0148cc6a3cce4c1a757c296873d,d9f60f711f18952150e837c8cce06ded178a168697a7a517f1e5959119e882eb,9b60eb1bab2d6106be2bb5ecd893a5ab91abb67b09da21fa513027dca2fa0d00
c24-35,xcmzfsbd9t,674,675,454950,c3e089e66880fd473c81b5d32c6ea2e9aab50781ded2d63c9880dd3aebe3bfd3,2fe95f5e3ca30e592f78ae780805f4c3ebb4c5292a5a8975d758e27deb55316e,4be010fe0a62c3c96e8984c24f153048694a3db6633cd451dd268e840613809a
c24-36,xcmzfsbd9t,674,675,454950,76bb1278394c563ce5f0092d5ab0cf65ab4bd12c4db1affdf93976447f3ec397,fe86572e223f7927734dfdd72008bd1dfc85df01dc38d0d09c55e98366f1b915,7bdb96163b7b02bf3af6ed320330348c4e0af5f4c9d1c88ed7528a05966b69e7
c24-37,xcmzfsbd9t,674,675,454950,4b3d2ed2de86d80b1e865c9216375ca77682f50b6b7becec049e14d0c5afbc5e,2af886392c0d122c76d624ab831b1b0cb522cba4f62ad0407d2e1949aff0c31b,767bd0bd6bb5e0980c61e9d5e7e13bd1251ca23a4b7d0efb397db3542228fd26
c24-39,xcmzfsbd9t,674,675,454950,5bdfc9567c043ba84e34d7c8099106c7ba8424399f539b96ea3dea2690c37499,6bbf522e29f146f54d23b087dd056e4cfafecf15cae714f35bbbe4184e818a6d,dadc4bc8eb6e32b59a06f848befaf8902035643de16943f1bf57203cafad6f90
c24-40,xcmzfsbd9t,674,675,454950,bd6b713024ffd7e96bb313167f486268d4cd4a10b5e8e969f71da9be75cf13b4,5a8a5cd411bb4d62a0d902e6fa9cca56607252a9910335a7e57f4b189f2866e1,5e95af0db7c0776c4b5a84eea9906e920dd7c449c51b3253da9329e2b2f2575b
c24-41,xcmzfsbd9t,674,675,454950,5fc9aca8383a4a114aa6527d179849045d08ea34681b92299e06d68e5e5d5f0a,e8f80b34713e4c4e22c32da9aa7314fde63349737dc509f6bce01a8156310c2e,40bf2b38da72e6f3e3ed2593a6c25a061d99d4cea601e9ed6be539ed93441638
c24-42,xcmzfsbd9t,674,675,454950,687d9773586d0b6360709d7d5ee2b0b2147906ef770f64f5b962bc8ae6010c9b,828f85e2e84481c6d30236a4b9f862acb04553740217015ed8afe0b081ac1f83,57185baa75c38ce94bbc6330042c99db4547ed105ad9c5de661466ecc9e3cddf
c24-43,xcmzfsbd9t,674,675,454950,3ef0b32a50111d0dda8384bfe89e7e9daf625dd7476f367575c1104779d88962,f57ea587e144da2282d401cc7388e8b078f5f064adea098a252fc8b4de360faf,1f9a4914909087a0e4fcc5e161bb8cb83446de7e0bd346391ece06d2e674cf28
c24-44,xcmzfsbd9t,674,675,454950,f118be75bb6409600f41f82f7eab052525fdf37029af2f57011d3dad5e858fb6,40c4c07b8dd7bc918e8f54bd9a97ace0da943fb5c7f1181439da61c72f891ce5,9be988139f0d3d6732a3151177f7eefe21ef9ab138d22bc592e07720f893cc7b
c24-45,xcmzfsbd9t,674,675,454950,ddb7eca0731fa9704025412e3c16a7ecd4e0a13099547394f236fa27e1ea23da,ac402f6f6e276f3b67147c937855cb2d7874ed5ae95ca2cb8fe93dc9404d8cb8,cbfe7e6726128967507f229cc3d34924362791ce74c68190bba056c17909b83c
c24-46,xcmzfsbd9t,674,675,454950,c375e019c6168e49c34891f022e815397b42da99258d8cacf41c29a27a640980,809056c9dd2d19f4b2ec2743c4fe6cc1be571e3430fa9aa5457e1812ace202ef,472fee8bdb998b8b5552a807a149d1bcb4fc5ab3116040cc732bda63d78cacdf
c24-47,xcmzfsbd9t,674,675,454950,c4bca5a44e37edb2c89e7f79be5968be35a327c8a74e73fa2dcf9b5b355ddb98,09b79c35b5d715a3e25b75dd2f82e230ea4513216a772f04b080cc7f56e4aebe,3120dc9d0f070e18eaa43b15174985225ebf65a904e3fb2d508858c502fa9d03
c24-48,xcmzfsbd9t,674,675,454950,6f9dd64ee13431000eddde186136cf2a046c4c0e93d53af25bc39790d093fc0c,969cc23b2676a04781397e92077ed6c537bd98810ecd017b1603cc70549262d3,dad6fde8b9fcfb5924fd5f83807d41fecbbe17739cc519a1f7b25e52daa82015
c24-49,xcmzfsbd9t,674,675,454950,b2f0842f2c51b23410f0128ebf40dd66688846d5fd37b4284fb1c16a8f2c2234,f872252379997f1327811ed43367c6114a02474ce74e2060ec797a518b0a0b8d,e84887a256181c870a191f8d3194949158a6951aba777ab9600db55d3b503444
c24-50,xcmzfsbd9t,674,675,454950,64249ab49cc23c41c207c66141f06ec8dd8c5b2d583b790ef05c2d142b9958ef,7adf9539a4e7488b688c337d92f3b522866459ff8529bdf7bd5c1f5db19cac6f,8c0732b4c9187752cb132fc1929ea64692e7ef7143dd2ea5ebe027cd09438f32
c24-51,xcmzfsbd9t,674,675,454950,7e2f5d90c3c3c2dbc9ace1b85a5621f1e09b554902ea3dfdcb038d703f32e930,06a5ffe7a1ea542d397431d58d6a074c62d14f42007ff3a68becb7f5e48e3540,94f1939911b4cc7424f2418f7943f5de86214a99fa821be6f0ba663bc21bac3d
c24-52,xcmzfsbd9t,674,675,454950,509953ea8c8a9def9e47e1da02d3105980397d8bfd355648dadade8d39188d48,ac59b0d6b9b57ef6f9cb7109177a7b7701e2c272320dd0e0d58119b111397556,8a0c2fad88f1c202ee861f003e41dceda79a12f6e7ebd4e3fbbc3f631319b2a9
c24-53,xcmzfsbd9t,674,675,454950,a70813c50147118526a8fe52861605b06a63d4c772d9f5c9744528ede33550b8,52285ae4a6e61047828fd05e0d1a3627f3fd9da4b54da01fb3af5469427174fb,726b340c617c70024b50677b98c6af8d3bbbf763f9f58a42606bb466cc630878
c24-54,xcmzfsbd9t,674,675,454950,173a65d0345263fa4e7cf8643f4af73f5e9efe3b699fd1c7b4acbd517a9918b8,275b1cd7570bfe299ba3e2bc12773c7b3e4e939d01a4ddaa07ce4997e9c5178c,56e1aa8a2a71a70b42db21e87682f69c079bd722818802f2626fce9438b4be9c
c24-55,xcmzfsbd9t,674,675,454950,049ecdfd34d732bb4f475e4b1b39d28fcba0b7cdd8fdbf7c00ab0533501c31cc,2464426c2733348730a3a6681a418eee90f710320e3217bc0ab833cf6bf8afb1,2f1a5720618a105ad0e05d6d366b195580c6da3be420a9404c8affc07393745f
c24-56,xcmzfsbd9t,674,675,454950,2a7cf21f5f95372479f6cf878193fd71f5b159b2a8d93e17c5c65735d6134f48,d2585eeb29ae7525bc4bf6a57d41198c65423a1c143124da6563e8951f3c5dfa,fb561ad95528f8b5b92be34a53d661bae3c5375cc60326c7216d026ca8b0ae6f
c24-57,xcmzfsbd9t,674,675,454950,18fb22d49c429e931fc8e2d2481a733e4d084f9250d2fd1fb9238b09a710d6f8,f571e121aed8d3e8f8134ee7f06aa45f11b19381b28957f750b2cf2b19395b01,4461ef844cf9fe35bb870d0ae2e6f02a345e0cce8001800ba13caf5ba6abd6ba
c24-58,xcmzfsbd9t,674,675,454950,ce2018e2735f9228ca8249a544f02a732cde9446504fcb9d23ff33d9a7c49f85,c75537f826f2dcb7cf00d055955c4a9c91936ac352a27ab3d578d5e0a9d392d6,0921bc1424f4077ebf2e9daac877297db0152142eb53af67a5cdf48fbee9bd77
c24-59,xcmzfsbd9t,674,675,454950,f684d1e6fe3359c608767149a05be0405aa56714c543e21b5f0aa3d213b48312,8e8ea0d1ecf92bdb138078ec1f012f55e6af9e645671604c0d48cbabd9927954,31a1b66a8818c8bed054c034e029c5628e42b5d4787c9ce504774234620f4c08
c16-1,yfxyg8jm46,674,675,454950,4daea22cb3a90f36d33178f97b40ec63abc57a7fd49f28885e54c73f394e109b,7a8100fb4d0fa0c5cfb56cbd52f17283d60b42b20c5b9fbec8334512605dc8ad,3b5fff23a6a66d5c4107199fec92273d9167ddda8c67ed414fd84261f24be72d
c16-2,yfxyg8jm46,674,675,454950,4ef844cacf0881b7baa28857561e932caf587c77bad92cfe117344ee8447b439,809a67d9b485e111a25feb00fd821acbeba520a69896e9986aa8d3991f3168c3,10db22dec5b832acce101415073722d8c36c95cb2d7a0082abb17eb4df041ca7
c16-3,yfxyg8jm46,674,675,454950,c2c0c3fdd79f8ca3bacebfbdf54f766d13405ad4d14a26263103d333b1a19733,09564a4db28169d202703d21a856f67cdd58e0033adaee7aeb1470bfb22d27c0,ac43f69216f69300a5b5d0f27a1a8360a1b188e645e8bd5b439d2f6c51668a59
c16-4,yfxyg8jm46,674,675,454950,b549de38a94eaf9c48cecbacfea09a1ff6972566103af3bd81800f8a144ede67,3bbc5a02d31a2ac312c96e1badee4701e54db5b10cdd07a87a1210657f325c33,c086f4a0a0084ebecc4af7af642c0cb81aecd20dc4df72b023997a426214a120
c16-5,yfxyg8jm46,674,675,454950,ea20aebf2966b8722dddce6f6291a7dc95de1392fb0cfdeed7770f40e08db42a,f4e5e3ae28a7ef6de0cb5ee9e9332f82176dd59eaa33b614769f2a6e0202781c,5c4485ce7adea4a0dc8b080b9090f4e65aa761ce8985e9ad354c62c6330591e1
c16-6,yfxyg8jm46,674,675,454950,bcd4696ecaf38bf038fd6ec3e73f4850d7c9e89133245bd9d0cbc354b8b98900,7bcf1a3e50d84152bcdef693e4fb190760c387340d9d718d7a605956876daca5,d5a3385f065be487cd32ec4a437e345c3dc7ca02fbdccba8488160d217cd2857
c16-7,yfxyg8jm46,674,675,454950,3ca6fe9b9f3c7c904ec797e192a864f78a5f3ab30cce1dca8d8afa3ed6908209,af58f147bbd59a5c19a5246cdd8a9c1f4f38bc8b8db9aaf2e0772616cd444c55,8e8ffd45064928ad457218b8aa5d878879114c8ff8fd113a8009b1f2960c37fa
c16-8,yfxyg8jm46,674,675,454950,9504d58f1f110029ba63d925d294afbaf813a62ac2a8a62d5cc14634a58c4f4a,0008a13996e19ab45c860a1deee22a41a2c7be3dfdd4a7eede6de68a45e53896,62d73e4eb3971b09026e7434e75fd4f3d47a16e263ce32109f85a555e4fc5798
c16-9,yfxyg8jm46,674,675,454950,698d0a9645a6855533fe90ce03b0bfba014f04f5c427cf6d4c35750d8e4940f2,84e53ae2c98cd5cc02bfadfb2a782f5aa083036bb00c50701ab88f618117be2e,4c6aec3de44fe47c9d902245e326746bf5d8d2d38e2b6f76111a0d1ff721feb8
c16-10,yfxyg8jm46,674,675,454950,ecaa868eb533fcdda48aef2f01ff42ab7ed4149632444b4126f94ba7a3921f81,09404cd16eccfef5677961c8e9072706d3f6bb8c72e30c101a45e7711730a1d8,65ef142a7b8c160458599318fc6449d28aca0e3707b6a26a04d7094904ebf6d2
c16-11,yfxyg8jm46,674,675,454950,5f7d4e6f2e7ad2431bfea4b265fb6dd0c768aeec418013a0f3692723d0eca26e,ca550d5f3e42b13586d4d864baa1d657fb8dda2842ddee02072c9ebc1ad79441,afcfd46b70dbba564955d3d5743ef090c2eb1702ab81bb306af35f38f12834c1
c16-12,yfxyg8jm46,674,675,454950,39a42d1171f6754e2f9bdefee1640b09ddb1604ee318ca9cfd673c353bcfab31,ee47a90f139539b0aa63b9b82783a893c54114ccfad3a2bfe423ac68abdc98f5,c9eaf99894189a08ea866285db498028acc672b6dfc773e1d1b1ae0442579fa4
c16-13,yfxyg8jm46,674,675,454950,ce465dae0d739eb9f4c1798985bb8d126137c7bf31fa4946eaad2bce104256a3,818421023617007e7a7a738d27593d549a6a5b5ba98dc7ddca018be61f1431a6,8cb6cd10ccfd9fd15b70c4fb06542c527936da3f25b073eb1984b7136f17eec8
c16-14,yfxyg8jm46,674,675,454950,2e570f266c48a694883787f6e7bd5c708cf5e35aca0005927dfe79d00ebc85e5,29a39b2546f304c8c72089339467630201e7b0e9d5adbff8519d8b49ab5b51f2,076031d8056c770fcc17e29f694a97a28e1e0027306fee86298be572c2fdafd2
c16-15,yfxyg8jm46,674,675,454950,855be2590cdf34a7895b9cab2ca545ea4fff7c0f90e32b93d91913bac56570f2,21a7d121c2ea6aee5ee4e175bacb4c36aeef9defb4905de5bd53b9288f38fd9f,e0da0b581dd24eaf6125595d96122c3aed6d028ff3bbf56c2a36e956c1fc4e6b
c16-16,yfxyg8jm46,674,675,454950,34a319b030256c4ed903dfde4728a2072cd30ed5452ac2e84d1d6b51c542d36c,6828e033ebfcc7255687c952cf31b8a2962e42bb90842128642c854971f10b0f,d862585bfca42782cd2252ac63fb3c2c7f9262fa87a702ccd071500a50493d27
c16-17,yfxyg8jm46,674,675,454950,f3e0fc5777702454f10b87a0a7f6b8a2db7eefc118d7eb1b6bed236fda5fc64d,ea8e6e0d71bebb7fe6164bf5c07b021a1b0eec592ae1c1adea9f0fcf67d48634,832f9d2f95bc81859b1d50e19e45090f0c5372cd507be46b73167eb52e13d6c4
c16-18,yfxyg8jm46,674,675,454950,409d54f08d9adbbbf4cd65e158ee19f8bafa8d1b8affe57ce19025684f388c9c,ac34f3af116415d188c093d8429e7de41bad5502d7e786e11b4aa2b0276340d7,678e7a1381b7421d229f9f7fe26747500fd4f5a84aa3cfa974ae4481fba68995
c16-19,yfxyg8jm46,674,675,454950,02926e1a2086065bbde477e8a9648b6dae76784b5307b94a914f67b461546da2,79183206ec5e987f864b13842da6a43a75f01c76b200c45b57e8606480be07ef,a015089d0d2bb2bd656ab463b40f860c25457327352a45143798bc5fb2ae4d7c
c16-20,yfxyg8jm46,674,675,454950,3a89fee1060e717b8d083495d99475e01282c925ec585eb324932a288ef72b44,2d7fb47c46736e3463c3844309a5276a0dd059519e3f97c033080f4fc2d85db8,6a8be6a0c3e02248a2c7dd4826056bfa6dec7d7b36ea32ee6652b71a1923c77e
c16-21,yfxyg8jm46,674,675,454950,2a33de6535bcea8139af75e1d932b564496bea8ae7a60a925042af97fab45866,fb3dc7285e4b911971dadd8f077f6660a7f164bb14e14539483562055f7002b2,5a437527faf313e60a7c0b40ccac8d3868510e058f6994a4126a2f817c86a772
c16-22,yfxyg8jm46,674,675,454950,cd15770dfd23b510d697b86231567ef78744a8705f9202ad3216e37b893f9069,5df1c5913df6deff4857f66210d3bebc3dfd6692099106dbff9bd18bc3ebe6d2,e5f6e59954eb40b0554fe5509822dba2d126b4308c235670882d204a83e79b32
c16-23,yfxyg8jm46,674,675,454950,0a42a67fab7ba25732dc6a5f61ed0291a514c0cfe1746c80f70e29be172224d7,b89810cde88bd7d65ada26e5cd6af99b3aa04cc58a639bd60574d068b206aed9,9dea84e6ad644aa78b8ca7ac597a525f024a6a41996fd5f6c0de52d072340f75
c16-24,yfxyg8jm46,674,675,454950,80b6ec326e5da4f3cd9adfb3a81414eae179cb23d8e2245c7efa0f53a31d50df,25357c7ecd331c4864635a6b4a2ad57803e15f7c5b926fd68664fc8652918f5e,dfcd01a46e9d4f1633e4fdd1a5b2cc4fb45fdff191756e127d6e1a7f933ed164
c16-25,yfxyg8jm46,674,675,454950,5c5f428467e2fa06452fc334d3e5de7693153f3fb0037793f8b501987369d01a,662ebd5fc6dc2ac368a65211e2238dc3ac7f0924a26da5ae5b2580ee86add992,38b83c8e08d29158bd7ac69bed98ba8516ba1c4e124010268e17b97e72b19520
c16-26,yfxyg8jm46,674,675,454950,25f0ae7b0b338ad998f9d17b06d2dfd7ef04db73ef424877977557932bf98ca9,7ddc65c5bdcfdb29943028e3ad3b5c0a223899fb90ec91f85e4f29a5bcc84cbf,bcfeee0fd8ca6a164baacda9c5243b0de6dcaf26a1b8c04868d2df286c3fd7be
c16-27,yfxyg8jm46,674,675,454950,537b16e18abd2b18fbfbed561e9fdbc7ebd4919300c25e2daf2195f1879535c4,1c7d67f90bad7c490b24dd23b2ddcd2b364e3fe3474489c4de4a18dbed96e982,4d00ef0f32a6018d649dafdb373d7fb88d9785688b685c8e757701c6d10557e2
c16-28,yfxyg8jm46,674,675,454950,a67890418c3d9a8069bed002e1cf0a23d6dc5dfc61d1c63adbc2e5c859256927,cab8783f516c9d13038fbfebbff83d929d987ef4ecb08a146a7b4fc728c148a6,7d7ef834fbfa26e77ccfff89958e86efa5ff9ef8d9afd1392323bacb5b744849
c16-29,yfxyg8jm46,674,675,454950,14c8178460979970b8a0d499642d24bacbe3e4d14bfc43780ad61005da706264,2a6021f1b8beb5731f3fa06704e585e1aca0f6ceffe17b9bcfe84537e18e2575,e183a27596a2a9e538f6da6437dc228af67f6b5805ed60dcf32629469c7769e5
c16-30,yfxyg8jm46,674,675,454950,e5712cc7ed915061d9777a86ca5516cf7b22e650941e4df635f5decd1575b258,53588ada04095331dde30a9850ae0c94a7de86e836c87d86b7038e3292c7741a,693be2b1cae26b83367dbbb676d18848e17ad745d2de765c9585f1c8f3a3abce
c16-32,yfxyg8jm46,674,675,454950,b7f39ced102ba0f3f9455a377afa609743448820daac6301a12b6f8dc4104cc5,6819b18b57e176ca5369900eb6682d7eb85fac09eb4d89ab3fc5f05848d20c1c,8e351bd40b2fa9d8df45870bf7227e250fd14b9d0199b0dff0b965b215bdac1f
c16-33,yfxyg8jm46,674,675,454950,04fda979180503f84bcff6f621bddbeafb37c2bbc36592beea87e20d415bc0b3,4e27a5014f981716697aa7845d531cb93bdaad3e535dc3ca424eb2819a23da2b,04160c665ce850611e01c0c1c3fcd9bb804719d2696847649e3cd8cc4b1b1f2d
c16-34,yfxyg8jm46,674,675,454950,4e99988b7f6cb0edcb75e297d1e02881d3703e0790f641e186635458af8c1626,1f3d338926fd9f6ff583517b915f817fee1c836971a98bd262d3594ddf902258,64fff95f4aa605f09ab5caa82e32d91c480848de5d03945861a1fb398db22461
c16-35,yfxyg8jm46,674,675,454950,84cb4b644cc50d5792220749e8e9c21d1aff6720dba4862b3b0d27f314c9feaa,c39623bb13d9d8832ec02343f4789987e7dee0613836fe26cd18dbd25ca0e8af,ce333dee82fcde187c63d4517c96af64cb6be7be62d086d34c33658537b76fbc
c16-36,yfxyg8jm46,674,675,454950,231f8f740eaab04d43449eb82e2bb4469d8b0cb3be30d716b340d6bcac70c7ec,7b2ed825f503971738270de85517580f3bd9c6c36a15f9a26edd3d6bc4faf597,375a99013770a615e0f744f8b38d298a53ff01391d6110add1a2f298115127ce
c16-37,yfxyg8jm46,674,675,454950,46e87c0a1acc3a3f4ce96d84a1be257eaad3eaa9a1cab199494436dcd8e64947,3808265972ae0f13c9917d1fc25d901d6cd3df2cd4ac4f32484da80ffd554330,a3cff2af8a40904ab7ccbbad6767a4f8a218424e9fb136c208a65d4a7a280f2b
c16-38,yfxyg8jm46,674,675,454950,2d8b5fc2f185c91555dd8dda33c9fed0b89b12463ec07f9101343470466ef45d,df54c559dcdaa374a8ccebe89d1e117ba300ebc9c8550625d0dafd6506c8d9ba,725feeb07c67f0377b15164e4f58eb535b12d7abebf243dde3225f71e03a1ab7
c16-39,yfxyg8jm46,674,675,454950,ee54cfb3f95cf265353d179ae1d200123aa847b08dea9cf40377b5f215046c51,e65b83b356751fc6c9e917cb111f828dcd3f70ad4b2ea33a044314edb9a9b925,d47b62b72fd19fb7706a942601271aca7bf3733d84657a965b6a764f382da9ad
c16-40,yfxyg8jm46,674,675,454950,5690d754952c7f754f4908a4bb35db94b8205abc66406acfae69e998197de1ef,c2843ec44c03fadffec51c8df7b17bfe095740a78069552d0e60329190195f0a,5db1bdf3b3250b512658c5a3da39db445f5dfd29b27b0773a195044da285f777
c16-41,yfxyg8jm46,674,675,454950,830df6c4ec123e80ec9912768e4de28acce5d5a95ee8cbd7201ec4d54a8a0281,5a6c81ef79e50e85867619d0d60363887cb3ecf1d6d68cb994c54ba597cb0ba0,0e09ef710304c9443be9707adba8fa1d6822bc9dee36984f6808542fd1b0ca5d
c16-42,yfxyg8jm46,674,675,454950,55a664176a681566cd6ee3cc7d098476fc292d9a1c00d8b514f0c266a1587156,6028f6f1059f67b0c985d9029008f5b42e8cf54d941d4f5dcf79e4ee44436ddc,87fda2927f0324be236f0f491380154107ce2ec0d8ef1b1e0a78e64d1fdb70e9
c16-43,yfxyg8jm46,674,675,454950,ab4b436f092e45b7f7008460a41ca1fb5d1f8b9be072c5f5d065eaf9b1b1942f,6ed14ce42cfeda1929c86beed3c8f0e3216e3a3a043e4ff8893fecdc48d2fad8,d6947ad58e4df607de56ef6f34a68b72e0f55137c6416afad8d34e9d9b5863bc
q8-1,ykhs7s2dck,674,675,454950,d196a620b2fa0427ccc7d549bf47f35f1f338a10aee2fc1b71d38e7d2a94a978,79ba8a84773727a5eab1fbabef07efedff6d9d5bb2a1d3907ac8e6c5ec64f160,defe17a6e353dc391b06ca69bb997b73ba4d16c96ce00e939808c0b24876e711
q8-2,ykhs7s2dck,674,675,454950,58ea5f6380e9e0d4bb421a6d4892f27a89ef1c052eb1977af3aec5dfde576122,0a4ff705a908832cc24f8007a77f0e56c83ee12865629002afc5fd97ea81fc67,a13b37b20493b249ddad7b1fae6a38bb3a0b6662ab4451ec1e5e530d58af31b2
q8-3,ykhs7s2dck,674,675,454950,4bf3d74071d52a5d1e37d32ad3034d95974cb43e90f5aed9b1be299241b5e828,ae2f3252dd873d2bd443c6f5300e0b2bdcbbd8f75ff7e7d5e434279608bbea30,4bd399761a7f98d64feb5ee023dc27cc82ddddb595ff85be5f916e6bdb7de806
q8-4,ykhs7s2dck,674,675,454950,f671d2558f1bd96d6977bb556e59d5b0dbdf28daca5821518e840bbc73a4e21d,f2c8e38ee4ccfad86fcdde4de5f9551590158399a08c254c414538706d010066,6597a0a93ab26fe3948375191d1a39dd62bb5a400d38cbe93aae53511658fcf2
q8-5,ykhs7s2dck,674,675,454950,ea46d6cdbee595c0a83ae5d30ed37a53b8ac1a4664d693be83f87ab290b42959,fbad807b3455959e4f25b620b6479e5649f6d28c50077798286380554f8bd2a3,d0ff1a8b1d88c3f9b15ccd99107a79c05b8f3c1149158175f59ccc7f45e9e55b
q8-6,ykhs7s2dck,674,675,454950,347bfd02112f2ca6174a72c26233b3256a8e55a64e179ae9d5ad269c33143228,6174dc28d7af49a232d594e778b627c32b62b79b97be1ad09ebcd91665279535,4a30843764d902ace10b5a8c09f55b1da7e35ef8a0a1193e913c3ce63ed698ff
q8-7,ykhs7s2dck,674,675,454950,4d397c847f43161a6d32abc8349caab162f55addb6e717b10a8a861d8ea05f61,f8eb04ce6220bf15a7534a5ecacd97a2b7ccfd26c4fb45a6bd7e9cdc5c9e1150,875d33ebe576aff85f0813422196aa7da296855213289fbd8e1b35b74e2e4b95
q8-8,ykhs7s2dck,674,675,454950,004d34dc891b7760aabf9929af229db0f89760ab65fc242c4701f7f8a1e7ae43,6581102fc85c2ce121ec392486863940265909a9ff0a81f6b33e461a59bcc593,0106f8e1b4149e1832e17b1a2f5deeaa42b9178856efcf5db45a053fe7861776
q8-9,ykhs7s2dck,674,675,454950,6025b0b654be39e5075683c1b82a7161892e76f47b9b27c3e22f447ce485feae,6997ce409d8575f8b88419189af3aa3ed680b8ff675624f05a6a35e48b39f2ad,b790a7fa08e52829ebc6b8c266c695de2a46c9ab02140fdca331ecb79d5deed0
q8-10,ykhs7s2dck,674,675,454950,d23b13ed4a785cd8ff6c2c80eaf2a3ab494df506650f0f58ea837b077ee75234,03e0ed7d8212dea1112bc57352c6d91dc6644cc16a88dc9b13263fad95483b18,77fd9011cdbe57a01a0f85e8e460839fe7c7a3f89b0d1e9522777f1070ef1c0e
q8-11,ykhs7s2dck,674,675,454950,94d7b857c5df0bdee3284b45b7f1c7fde5d325c7865451ddb72ef932479023c7,86c02a1ed056a74b99eee5c75c08b82f72d0fc18295dafd127d411671c85a2bc,18b7b2578512da146f1923c4cde076f38e077b36f3aa38e0b6d68a90f526c066
q8-12,ykhs7s2dck,674,675,454950,044612e5198cebaeb7b22cc1a094aeef0edf1523818ab4747a75d42f1de18aee,951de997bc49057d26765af017fc6d962f157915adb4f75d9ba99b9ee04c4a32,f6e6c354b9de46a4108713b969c7a0a92bace43e5dbdcad4ab67840e3f78eb56
q8-13,ykhs7s2dck,674,675,454950,deeaa3c5774e1c5d9cbee580c1e5292b9665954a5ee584f066f976f336d63c32,a70a1035b3c1ffeafc151213fc455c1d289cb676b22231eee37ad238a35b1010,caa9e43ac784cd716c798311eb7c6678f0176b285cfacb54855b5e3bbdc904fd
q8-14,ykhs7s2dck,674,675,454950,9bfeb0a61e9402910c6eac750d7ac8b48825ee95d90aa1bddeea888fafbf8076,c4201e5aaa2e3cc94e37bb1d74c20c786b65ee99b3d2068abb1058e2acb3846e,f39615f7a241d74642952a68d9b8f1b3f00945de272776d75f776572b9896792
q8-15,ykhs7s2dck,674,675,454950,d275e7eb6fd325f8b95ecdf4255660bae96521ad6c2412422974115f9afb3798,b09b1b2c1454b254842704b03d8e009021de268fb843a62ddee24934c8b226b1,f95a2b9569855dbef4948f0396be3f6d24df900df8e4a806130b087b38088b4c
q8-16,ykhs7s2dck,674,675,454950,30861c9966ca883bad297642b68c1a86a83f530d7274ebb163d4a30050558bd7,e5f3bf21a2e7ff7362c0c7b40b8faa9fd1a865088e49768bd04b9d28333fa800,625c6be07157ff3cc8dc7ae87a91570f6d02e63229877272eeaa4e964bfc28a3
q8-18,ykhs7s2dck,674,675,454950,b3bf97bfa24b09f02566e9e83ab79ffa116fb9c7fa94fe9b4fa2f2bce0504719,f78a2c8593c760aa8e6d4a452dbee68d673fb46f0e7cfc4f5a18c9301c6f4f49,eeaded212d14d0a84407bc33f9a445e2309c14103b5a1fd5da5da54dc208ca37
q8-19,ykhs7s2dck,674,675,454950,b07fcffaa9e5f3fca0243c458b0725939eadb3c75afd66509107cc58320e110c,3a5fc3d0debcd2f7f1cdcd5e61447995bb26fe21eeb50497ebed74e208052650,269154c8544af2313b985670b125876386337458b98b1f91beede67cc08b2755
q8-20,ykhs7s2dck,674,675,454950,c4ecfdeafa74e7fec59a6d44e2fed99e8e78e64559ceceeb486b60b346d47c18,f8577250e85cf5b0ab3c1c9e176c7116d5a53b3934f2037eb4b5964f9a20abe3,bd3ec0721d9daf93ed4aa8be2ebaf3469b3b95693380e76415d8a9c7bbb497d7
q8-21,ykhs7s2dck,674,675,454950,54c59f9f5e503b47098d33d8d8d45e57542a11e0a401232a50ed891e1223018f,4794f19d69f3b855ef993e6fca6db936fffcce077da86c7cc67f9326ae95b4ff,fd5b43b99b53f87782b2a77512c59c4e99fc8c0849035075229340ecf9739ecf
q8-22,ykhs7s2dck,674,675,454950,35c9d490efe28228d6132574dae6dde1af3eb1b93e788401b60599c4a6c85ac2,657908f0b5ba46df23c55417538df590ca8d7982bb5a6eee16835cdef17722a5,76fb3f86bb050b295698076d3292f9262e4a35d4bc5aa5974bc37a931214f96e
q8-23,ykhs7s2dck,674,675,454950,d00e61a46e67a4908dbcbce39cab14fc455fc1afbdf23ed0ec0f5098ad8d746c,74d1a627179d42dd4731e2524c91caf7391c5b9d5536905e0c1b98ab33f8157b,72558c446551467c8b4ed47e20ceaa04069e106dcd3754ff65994f4014177fd7
q8-24,ykhs7s2dck,674,675,454950,2ef59b16ad59697e58dddcdea56ca2f04e5c9920aed99512d31324a51bcb752a,30b7168fcebe56fa3098d8660a2695276e6ea3f4ab0e68dd0a67fba6cd09fcdf,e503e3d7a87fa472cb50318edfe9125f5ae48fbdf0a5913d1416a03d779339f6
q8-27,ykhs7s2dck,674,675,454950,f78f2590ff13a502c36c059c68f678a33a03a3139c7ff05a39dc7eb7b69a6005,7ff1ca8034cb2509f47bed0a4a76caf5fa5d000add825f26df9f36af119f601c,d46d442d83eae46182acc188fe48892ddd0ee305fda07c461797710270608267
q8-28,ykhs7s2dck,674,675,454950,e49b58b8def3ea5384024879a7a7491a2f7a73353c424146d015d6bc527c1e08,330527818052340aa87c63f490e28396e0442e8347a5ac6a0f0dc842e46a2bd2,c4d7114bc11f1f5c56806aba81266703227d2f52528daef65624a90e1c559cb8
q8-29,ykhs7s2dck,674,675,454950,da1a92efa93ed61c21b4cafd892bab409d454fde022f16b5e2dd6cca67e6c703,7f410abc6372546392545e5564170ac563e100922458e8b8f9a57b88ad3ace2d,1848a0379ce99eecf8f5366665a941c8c400c72bd8586b9f0bf6e2238c93426f
q8-30,ykhs7s2dck,674,675,454950,9db01bf181602a596a70f16022dcb896ef153485cbc36bfd3615d23ed28080a9,51845b614d048f06b27749f67f5f4487ba46dda0d9a8547b1c2424f52e7a819e,a1a80f9df4fa4c4835aa93587d47a549f4dc073b9b6477887951d5c5a7ae4d15
q8-31,ykhs7s2dck,674,675,454950,5563eeef311e4ef686cd45729bb1bb4caa1634ba78b8b19917ecb364c780f8d5,922c56b0314037ae05c1a361a6acf991fe235bbf03d5917f63422c07e2f040ad,6af3c44853dea602d9016db13a9e18238fa360e6939e8efcfa9643ebbc2474e1
q8-32,ykhs7s2dck,674,675,454950,0f22b13a45c685f25d65e4d0b8cd65b5d9033985d6f7bd7a80b2bff3f9319a5f,49bf08217fec0aa20164f8ed8fbd18446ba2c0d7ba5ee4e9f61f842696516c97,45814de789d0a2f656849bb3b6982b18038295a0b6ca498d9ccf006920c5f5a3
q8-33,ykhs7s2dck,674,675,454950,23696a0f60143096bf7081b102a348e2c5fe91c37d331ac13ce15147844768b8,819dee92870bfcd96b76348dbadca204ba98d2e5e015b8dee6f03009e409b92a,ce70b791606a6d33bdff3ce01aa6816a54f52dd34163ff729bd0ea98169a5b2f
q8-34,ykhs7s2dck,674,675,454950,76c3de08ef1be510e41d486c2af9d2d2714f8fefc9f5db5a853ce454efd0347a,1b594999c53017803dc29f80df437a00ed550299dc0b6bb862e9cdc593af023a,d72277df7e6a1da73e96fd2643fd41c43ff709e86924059270cefb49c8297760
q8-35,ykhs7s2dck,674,675,454950,0f48d02b8c6a120b0e7920585cb8d076bd2f463de2cdd96f1cf23312634accdf,c403013889168c4135f18081bef1c8412b6aaa29aaf1da936540abefe132ab3e,4232201edf5d859a0dd3f3e36d3dc6efda619659df5bd056917fdbbd2d79ade1
q8-36,ykhs7s2dck,674,675,454950,f3bdb43f385f20c95e39ce547c4c7c8ac8f1a1695f68cb7779d4f84e7ce95ffe,93dabc3b2bedfd013875e6c7fd14290c4100d3b455f5277c972bb5cc30894287,4af368eb8a9a479732441a1163140aad6febaea61e8fe806b613352b9549af91
q8-37,ykhs7s2dck,674,675,454950,e4130c8d2bd446f8da363578ab367136e5548ef78acb976fc21a0849d2489ea5,816fb16532f4691636f6afbe41225c4d23ffee3316ee17d090eecc8971b3cc6f,1fed4a0806abea20669436cb793c481e6e508b375cdea0f6f4024641ab8229e9
q8-38,ykhs7s2dck,674,675,454950,ad65a37e311138ce2d4b0db422d6960b2bc9a64fbb64980f57a826db8576c034,30906b12513f17c797d60d39c017da595d5eddadd100d80c14c70b18f530741c,93d61e3e2bd8a286f0af349113fd93748a3314e575b095f0909eafa1bd271de2
q8-39,ykhs7s2dck,674,675,454950,a856148c3551e827893491c11b8563cbe588c79fe6d8823d01225d88ab68413e,2ea24d4aec06530446526a7b5c4ffccf66fa59fa8a62dc6b6f9a73f07b676761,e4bb347b5397522b9735c64cecf731fe7a21add298c89d251eaa641b82487984
q8-40,ykhs7s2dck,674,675,454950,da6c9ccacac301598868b2970576a0ff14dee514d6fee9717935c7c6cb3ae8b6,d6dd568d83d6370058a89e352d0a7734fc3bad9667e75672db5b1c1e0011384d,bfd883825837a645af3948c639863008340d61dec23a00b254a40f29ad9e1538
q8-41,ykhs7s2dck,674,675,454950,2f2cb25ca012e42ea68b79feb307cc0dfeebdf78b93d3d399dfc0635086fb6e5,578e5ffef6225dbfe3d5ed2c5540ccce676c373490e62f614b22e9fcee9e5467,08047cb2645c6bd5a69ac3c94bceb5705bd5acdc8ce8c648369c4c11d6ca4955
