authorized,boundary_consistency,cai_access,dataset_id,decoded_pixel_replay,deterministic_transform_replay,global_orientation,grid_cell_count,hidden_cscan_orientation_selection,invertible,maximum_round_trip_error_px,oracle_access,panel_resolution,physical_mm_cross_modal_mapping,specimen_id,status,unsupported_rotation_reflection
true,PASS_FULL_NORMALIZED_FRAME,PASS_NOT_ACCESSED,74t7kcdgkr,PASS,PASS,PASS_ROT90_FIXED,64,PASS_NOT_USED,PASS,0,PASS_NOT_ACCESSED,PASS,PASS_NOT_USED,c8-10t,PASS,PASS_NONE
true,PASS_FULL_NORMALIZED_FRAME,PASS_NOT_ACCESSED,74t7kcdgkr,PASS,PASS,PASS_ROT90_FIXED,64,PASS_NOT_USED,PASS,0,PASS_NOT_ACCESSED,PASS,PASS_NOT_USED,c8-11,PASS,PASS_NONE
true,PASS_FULL_NORMALIZED_FRAME,PASS_NOT_ACCESSED,74t7kcdgkr,PASS,PASS,PASS_ROT90_FIXED,64,PASS_NOT_USED,PASS,0,PASS_NOT_ACCESSED,PASS,PASS_NOT_USED,c8-12,PASS,PASS_NONE
true,PASS_FULL_NORMALIZED_FRAME,PASS_NOT_ACCESSED,74t7kcdgkr,PASS,PASS,PASS_ROT90_FIXED,64,PASS_NOT_USED,PASS,0,PASS_NOT_ACCESSED,PASS,PASS_NOT_USED,c8-12t,PASS,PASS_NONE
true,PASS_FULL_NORMALIZED_FRAME,PASS_NOT_ACCESSED,74t7kcdgkr,PASS,PASS,PASS_ROT90_FIXED,64,PASS_NOT_USED,PASS,0,PASS_NOT_ACCESSED,PASS,PASS_NOT_USED,c8-13,PASS,PASS_NONE
true,PASS_FULL_NORMALIZED_FRAME,PASS_NOT_ACCESSED,74t7kcdgkr,PASS,PASS,PASS_ROT90_FIXED,64,PASS_NOT_USED,PASS,0,PASS_NOT_ACCESSED,PASS,PASS_NOT_USED,c8-14,PASS,PASS_NONE
true,PASS_FULL_NORMALIZED_FRAME,PASS_NOT_ACCESSED,74t7kcdgkr,PASS,PASS,PASS_ROT90_FIXED,64,PASS_NOT_USED,PASS,0,PASS_NOT_ACCESSED,PASS,PASS_NOT_USED,c8-15,PASS,PASS_NONE
true,PASS_FULL_NORMALIZED_FRAME,PASS_NOT_ACCESSED,74t7kcdgkr,PASS,PASS,PASS_ROT90_FIXED,64,PASS_NOT_USED,PASS,0,PASS_NOT_ACCESSED,PASS,PASS_NOT_USED,c8-16,PASS,PASS_NONE
true,PASS_FULL_NORMALIZED_FRAME,PASS_NOT_ACCESSED,74t7kcdgkr,PASS,PASS,PASS_ROT90_FIXED,64,PASS_NOT_USED,PASS,0,PASS_NOT_ACCESSED,PASS,PASS_NOT_USED,c8-17,PASS,PASS_NONE
true,PASS_FULL_NORMALIZED_FRAME,PASS_NOT_ACCESSED,74t7kcdgkr,PASS,PASS,PASS_ROT90_FIXED,64,PASS_NOT_USED,PASS,0,PASS_NOT_ACCESSED,PASS,PASS_NOT_USED,c8-18,PASS,PASS_NONE
true,PASS_FULL_NORMALIZED_FRAME,PASS_NOT_ACCESSED,74t7kcdgkr,PASS,PASS,PASS_ROT90_FIXED,64,PASS_NOT_USED,PASS,0,PASS_NOT_ACCESSED,PASS,PASS_NOT_USED,c8-19,PASS,PASS_NONE
true,PASS_FULL_NORMALIZED_FRAME,PASS_NOT_ACCESSED,74t7kcdgkr,PASS,PASS,PASS_ROT90_FIXED,64,PASS_NOT_USED,PASS,0,PASS_NOT_ACCESSED,PASS,PASS_NOT_USED,c8-2,PASS,PASS_NONE
true,PASS_FULL_NORMALIZED_FRAME,PASS_NOT_ACCESSED,74t7kcdgkr,PASS,PASS,PASS_ROT90_FIXED,64,PASS_NOT_USED,PASS,0,PASS_NOT_ACCESSED,PASS,PASS_NOT_USED,c8-20,PASS,PASS_NONE
true,PASS_FULL_NORMALIZED_FRAME,PASS_NOT_ACCESSED,74t7kcdgkr,PASS,PASS,PASS_ROT90_FIXED,64,PASS_NOT_USED,PASS,0,PASS_NOT_ACCESSED,PASS,PASS_NOT_USED,c8-21,PASS,PASS_NONE
true,PASS_FULL_NORMALIZED_FRAME,PASS_NOT_ACCESSED,74t7kcdgkr,PASS,PASS,PASS_ROT90_FIXED,64,PASS_NOT_USED,PASS,0,PASS_NOT_ACCESSED,PASS,PASS_NOT_USED,c8-22,PASS,PASS_NONE
true,PASS_FULL_NORMALIZED_FRAME,PASS_NOT_ACCESSED,74t7kcdgkr,PASS,PASS,PASS_ROT90_FIXED,64,PASS_NOT_USED,PASS,0,PASS_NOT_ACCESSED,PASS,PASS_NOT_USED,c8-23,PASS,PASS_NONE
true,PASS_FULL_NORMALIZED_FRAME,PASS_NOT_ACCESSED,74t7kcdgkr,PASS,PASS,PASS_ROT90_FIXED,64,PASS_NOT_USED,PASS,0,PASS_NOT_ACCESSED,PASS,PASS_NOT_USED,c8-24,PASS,PASS_NONE
true,PASS_FULL_NORMALIZED_FRAME,PASS_NOT_ACCESSED,74t7kcdgkr,PASS,PASS,PASS_ROT90_FIXED,64,PASS_NOT_USED,PASS,0,PASS_NOT_ACCESSED,PASS,PASS_NOT_USED,c8-25,PASS,PASS_NONE
true,PASS_FULL_NORMALIZED_FRAME,PASS_NOT_ACCESSED,74t7kcdgkr,PASS,PASS,PASS_ROT90_FIXED,64,PASS_NOT_USED,PASS,0,PASS_NOT_ACCESSED,PASS,PASS_NOT_USED,c8-26,PASS,PASS_NONE
true,PASS_FULL_NORMALIZED_FRAME,PASS_NOT_ACCESSED,74t7kcdgkr,PASS,PASS,PASS_ROT90_FIXED,64,PASS_NOT_USED,PASS,0,PASS_NOT_ACCESSED,PASS,PASS_NOT_USED,c8-27,PASS,PASS_NONE
true,PASS_FULL_NORMALIZED_FRAME,PASS_NOT_ACCESSED,74t7kcdgkr,PASS,PASS,PASS_ROT90_FIXED,64,PASS_NOT_USED,PASS,0,PASS_NOT_ACCESSED,PASS,PASS_NOT_USED,c8-28,PASS,PASS_NONE
true,PASS_FULL_NORMALIZED_FRAME,PASS_NOT_ACCESSED,74t7kcdgkr,PASS,PASS,PASS_ROT90_FIXED,64,PASS_NOT_USED,PASS,0,PASS_NOT_ACCESSED,PASS,PASS_NOT_USED,c8-29,PASS,PASS_NONE
true,PASS_FULL_NORMALIZED_FRAME,PASS_NOT_ACCESSED,74t7kcdgkr,PASS,PASS,PASS_ROT90_FIXED,64,PASS_NOT_USED,PASS,0,PASS_NOT_ACCESSED,PASS,PASS_NOT_USED,c8-3,PASS,PASS_NONE
true,PASS_FULL_NORMALIZED_FRAME,PASS_NOT_ACCESSED,74t7kcdgkr,PASS,PASS,PASS_ROT90_FIXED,64,PASS_NOT_USED,PASS,0,PASS_NOT_ACCESSED,PASS,PASS_NOT_USED,c8-30,PASS,PASS_NONE
true,PASS_FULL_NORMALIZED_FRAME,PASS_NOT_ACCESSED,74t7kcdgkr,PASS,PASS,PASS_ROT90_FIXED,64,PASS_NOT_USED,PASS,0,PASS_NOT_ACCESSED,PASS,PASS_NOT_USED,c8-32,PASS,PASS_NONE
true,PASS_FULL_NORMALIZED_FRAME,PASS_NOT_ACCESSED,74t7kcdgkr,PASS,PASS,PASS_ROT90_FIXED,64,PASS_NOT_USED,PASS,0,PASS_NOT_ACCESSED,PASS,PASS_NOT_USED,c8-33,PASS,PASS_NONE
true,PASS_FULL_NORMALIZED_FRAME,PASS_NOT_ACCESSED,74t7kcdgkr,PASS,PASS,PASS_ROT90_FIXED,64,PASS_NOT_USED,PASS,0,PASS_NOT_ACCESSED,PASS,PASS_NOT_USED,c8-34,PASS,PASS_NONE
true,PASS_FULL_NORMALIZED_FRAME,PASS_NOT_ACCESSED,74t7kcdgkr,PASS,PASS,PASS_ROT90_FIXED,64,PASS_NOT_USED,PASS,0,PASS_NOT_ACCESSED,PASS,PASS_NOT_USED,c8-35,PASS,PASS_NONE
true,PASS_FULL_NORMALIZED_FRAME,PASS_NOT_ACCESSED,74t7kcdgkr,PASS,PASS,PASS_ROT90_FIXED,64,PASS_NOT_USED,PASS,0,PASS_NOT_ACCESSED,PASS,PASS_NOT_USED,c8-36,PASS,PASS_NONE
true,PASS_FULL_NORMALIZED_FRAME,PASS_NOT_ACCESSED,74t7kcdgkr,PASS,PASS,PASS_ROT90_FIXED,64,PASS_NOT_USED,PASS,0,PASS_NOT_ACCESSED,PASS,PASS_NOT_USED,c8-37,PASS,PASS_NONE
true,PASS_FULL_NORMALIZED_FRAME,PASS_NOT_ACCESSED,74t7kcdgkr,PASS,PASS,PASS_ROT90_FIXED,64,PASS_NOT_USED,PASS,0,PASS_NOT_ACCESSED,PASS,PASS_NOT_USED,c8-38,PASS,PASS_NONE
true,PASS_FULL_NORMALIZED_FRAME,PASS_NOT_ACCESSED,74t7kcdgkr,PASS,PASS,PASS_ROT90_FIXED,64,PASS_NOT_USED,PASS,0,PASS_NOT_ACCESSED,PASS,PASS_NOT_USED,c8-39,PASS,PASS_NONE
true,PASS_FULL_NORMALIZED_FRAME,PASS_NOT_ACCESSED,74t7kcdgkr,PASS,PASS,PASS_ROT90_FIXED,64,PASS_NOT_USED,PASS,0,PASS_NOT_ACCESSED,PASS,PASS_NOT_USED,c8-4,PASS,PASS_NONE
true,PASS_FULL_NORMALIZED_FRAME,PASS_NOT_ACCESSED,74t7kcdgkr,PASS,PASS,PASS_ROT90_FIXED,64,PASS_NOT_USED,PASS,0,PASS_NOT_ACCESSED,PASS,PASS_NOT_USED,c8-40,PASS,PASS_NONE
true,PASS_FULL_NORMALIZED_FRAME,PASS_NOT_ACCESSED,74t7kcdgkr,PASS,PASS,PASS_ROT90_FIXED,64,PASS_NOT_USED,PASS,0,PASS_NOT_ACCESSED,PASS,PASS_NOT_USED,c8-41,PASS,PASS_NONE
true,PASS_FULL_NORMALIZED_FRAME,PASS_NOT_ACCESSED,74t7kcdgkr,PASS,PASS,PASS_ROT90_FIXED,64,PASS_NOT_USED,PASS,0,PASS_NOT_ACCESSED,PASS,PASS_NOT_USED,c8-42,PASS,PASS_NONE
true,PASS_FULL_NORMALIZED_FRAME,PASS_NOT_ACCESSED,74t7kcdgkr,PASS,PASS,PASS_ROT90_FIXED,64,PASS_NOT_USED,PASS,0,PASS_NOT_ACCESSED,PASS,PASS_NOT_USED,c8-43,PASS,PASS_NONE
true,PASS_FULL_NORMALIZED_FRAME,PASS_NOT_ACCESSED,74t7kcdgkr,PASS,PASS,PASS_ROT90_FIXED,64,PASS_NOT_USED,PASS,0,PASS_NOT_ACCESSED,PASS,PASS_NOT_USED,c8-5,PASS,PASS_NONE
true,PASS_FULL_NORMALIZED_FRAME,PASS_NOT_ACCESSED,74t7kcdgkr,PASS,PASS,PASS_ROT90_FIXED,64,PASS_NOT_USED,PASS,0,PASS_NOT_ACCESSED,PASS,PASS_NOT_USED,c8-6,PASS,PASS_NONE
true,PASS_FULL_NORMALIZED_FRAME,PASS_NOT_ACCESSED,74t7kcdgkr,PASS,PASS,PASS_ROT90_FIXED,64,PASS_NOT_USED,PASS,0,PASS_NOT_ACCESSED,PASS,PASS_NOT_USED,c8-6t,PASS,PASS_NONE
true,PASS_FULL_NORMALIZED_FRAME,PASS_NOT_ACCESSED,74t7kcdgkr,PASS,PASS,PASS_ROT90_FIXED,64,PASS_NOT_USED,PASS,0,PASS_NOT_ACCESSED,PASS,PASS_NOT_USED,c8-7,PASS,PASS_NONE
true,PASS_FULL_NORMALIZED_FRAME,PASS_NOT_ACCESSED,74t7kcdgkr,PASS,PASS,PASS_ROT90_FIXED,64,PASS_NOT_USED,PASS,0,PASS_NOT_ACCESSED,PASS,PASS_NOT_USED,c8-8,PASS,PASS_NONE
true,PASS_FULL_NORMALIZED_FRAME,PASS_NOT_ACCESSED,74t7kcdgkr,PASS,PASS,PASS_ROT90_FIXED,64,PASS_NOT_USED,PASS,0,PASS_NOT_ACCESSED,PASS,PASS_NOT_USED,c8-8t,PASS,PASS_NONE
true,PASS_FULL_NORMALIZED_FRAME,PASS_NOT_ACCESSED,74t7kcdgkr,PASS,PASS,PASS_ROT90_FIXED,64,PASS_NOT_USED,PASS,0,PASS_NOT_ACCESSED,PASS,PASS_NOT_USED,c8-9,PASS,PASS_NONE
true,PASS_FULL_NORMALIZED_FRAME,PASS_NOT_ACCESSED,74t7kcdgkr,PASS,PASS,PASS_ROT90_FIXED,64,PASS_NOT_USED,PASS,0,PASS_NOT_ACCESSED,PASS,PASS_NOT_USED,c8-9t,PASS,PASS_NONE
true,PASS_FULL_NORMALIZED_FRAME,PASS_NOT_ACCESSED,cgtnjyggtm,PASS,PASS,PASS_ROT90_FIXED,64,PASS_NOT_USED,PASS,0,PASS_NOT_ACCESSED,PASS,PASS_NOT_USED,q24-1,PASS,PASS_NONE
true,PASS_FULL_NORMALIZED_FRAME,PASS_NOT_ACCESSED,cgtnjyggtm,PASS,PASS,PASS_ROT90_FIXED,64,PASS_NOT_USED,PASS,0,PASS_NOT_ACCESSED,PASS,PASS_NOT_USED,q24-10,PASS,PASS_NONE
true,PASS_FULL_NORMALIZED_FRAME,PASS_NOT_ACCESSED,cgtnjyggtm,PASS,PASS,PASS_ROT90_FIXED,64,PASS_NOT_USED,PASS,0,PASS_NOT_ACCESSED,PASS,PASS_NOT_USED,q24-11,PASS,PASS_NONE
true,PASS_FULL_NORMALIZED_FRAME,PASS_NOT_ACCESSED,cgtnjyggtm,PASS,PASS,PASS_ROT90_FIXED,64,PASS_NOT_USED,PASS,0,PASS_NOT_ACCESSED,PASS,PASS_NOT_USED,q24-12,PASS,PASS_NONE
true,PASS_FULL_NORMALIZED_FRAME,PASS_NOT_ACCESSED,cgtnjyggtm,PASS,PASS,PASS_ROT90_FIXED,64,PASS_NOT_USED,PASS,0,PASS_NOT_ACCESSED,PASS,PASS_NOT_USED,q24-13,PASS,PASS_NONE
true,PASS_FULL_NORMALIZED_FRAME,PASS_NOT_ACCESSED,cgtnjyggtm,PASS,PASS,PASS_ROT90_FIXED,64,PASS_NOT_USED,PASS,0,PASS_NOT_ACCESSED,PASS,PASS_NOT_USED,q24-14,PASS,PASS_NONE
true,PASS_FULL_NORMALIZED_FRAME,PASS_NOT_ACCESSED,cgtnjyggtm,PASS,PASS,PASS_ROT90_FIXED,64,PASS_NOT_USED,PASS,0,PASS_NOT_ACCESSED,PASS,PASS_NOT_USED,q24-15,PASS,PASS_NONE
true,PASS_FULL_NORMALIZED_FRAME,PASS_NOT_ACCESSED,cgtnjyggtm,PASS,PASS,PASS_ROT90_FIXED,64,PASS_NOT_USED,PASS,0,PASS_NOT_ACCESSED,PASS,PASS_NOT_USED,q24-16,PASS,PASS_NONE
true,PASS_FULL_NORMALIZED_FRAME,PASS_NOT_ACCESSED,cgtnjyggtm,PASS,PASS,PASS_ROT90_FIXED,64,PASS_NOT_USED,PASS,0,PASS_NOT_ACCESSED,PASS,PASS_NOT_USED,q24-18,PASS,PASS_NONE
true,PASS_FULL_NORMALIZED_FRAME,PASS_NOT_ACCESSED,cgtnjyggtm,PASS,PASS,PASS_ROT90_FIXED,64,PASS_NOT_USED,PASS,0,PASS_NOT_ACCESSED,PASS,PASS_NOT_USED,q24-19,PASS,PASS_NONE
true,PASS_FULL_NORMALIZED_FRAME,PASS_NOT_ACCESSED,cgtnjyggtm,PASS,PASS,PASS_ROT90_FIXED,64,PASS_NOT_USED,PASS,0,PASS_NOT_ACCESSED,PASS,PASS_NOT_USED,q24-2,PASS,PASS_NONE
true,PASS_FULL_NORMALIZED_FRAME,PASS_NOT_ACCESSED,cgtnjyggtm,PASS,PASS,PASS_ROT90_FIXED,64,PASS_NOT_USED,PASS,0,PASS_NOT_ACCESSED,PASS,PASS_NOT_USED,q24-20,PASS,PASS_NONE
true,PASS_FULL_NORMALIZED_FRAME,PASS_NOT_ACCESSED,cgtnjyggtm,PASS,PASS,PASS_ROT90_FIXED,64,PASS_NOT_USED,PASS,0,PASS_NOT_ACCESSED,PASS,PASS_NOT_USED,q24-21,PASS,PASS_NONE
true,PASS_FULL_NORMALIZED_FRAME,PASS_NOT_ACCESSED,cgtnjyggtm,PASS,PASS,PASS_ROT90_FIXED,64,PASS_NOT_USED,PASS,0,PASS_NOT_ACCESSED,PASS,PASS_NOT_USED,q24-22,PASS,PASS_NONE
true,PASS_FULL_NORMALIZED_FRAME,PASS_NOT_ACCESSED,cgtnjyggtm,PASS,PASS,PASS_ROT90_FIXED,64,PASS_NOT_USED,PASS,0,PASS_NOT_ACCESSED,PASS,PASS_NOT_USED,q24-23,PASS,PASS_NONE
true,PASS_FULL_NORMALIZED_FRAME,PASS_NOT_ACCESSED,cgtnjyggtm,PASS,PASS,PASS_ROT90_FIXED,64,PASS_NOT_USED,PASS,0,PASS_NOT_ACCESSED,PASS,PASS_NOT_USED,q24-24,PASS,PASS_NONE
true,PASS_FULL_NORMALIZED_FRAME,PASS_NOT_ACCESSED,cgtnjyggtm,PASS,PASS,PASS_ROT90_FIXED,64,PASS_NOT_USED,PASS,0,PASS_NOT_ACCESSED,PASS,PASS_NOT_USED,q24-25,PASS,PASS_NONE
true,PASS_FULL_NORMALIZED_FRAME,PASS_NOT_ACCESSED,cgtnjyggtm,PASS,PASS,PASS_ROT90_FIXED,64,PASS_NOT_USED,PASS,0,PASS_NOT_ACCESSED,PASS,PASS_NOT_USED,q24-26,PASS,PASS_NONE
true,PASS_FULL_NORMALIZED_FRAME,PASS_NOT_ACCESSED,cgtnjyggtm,PASS,PASS,PASS_ROT90_FIXED,64,PASS_NOT_USED,PASS,0,PASS_NOT_ACCESSED,PASS,PASS_NOT_USED,q24-27,PASS,PASS_NONE
true,PASS_FULL_NORMALIZED_FRAME,PASS_NOT_ACCESSED,cgtnjyggtm,PASS,PASS,PASS_ROT90_FIXED,64,PASS_NOT_USED,PASS,0,PASS_NOT_ACCESSED,PASS,PASS_NOT_USED,q24-28,PASS,PASS_NONE
true,PASS_FULL_NORMALIZED_FRAME,PASS_NOT_ACCESSED,cgtnjyggtm,PASS,PASS,PASS_ROT90_FIXED,64,PASS_NOT_USED,PASS,0,PASS_NOT_ACCESSED,PASS,PASS_NOT_USED,q24-29,PASS,PASS_NONE
true,PASS_FULL_NORMALIZED_FRAME,PASS_NOT_ACCESSED,cgtnjyggtm,PASS,PASS,PASS_ROT90_FIXED,64,PASS_NOT_USED,PASS,0,PASS_NOT_ACCESSED,PASS,PASS_NOT_USED,q24-3,PASS,PASS_NONE
true,PASS_FULL_NORMALIZED_FRAME,PASS_NOT_ACCESSED,cgtnjyggtm,PASS,PASS,PASS_ROT90_FIXED,64,PASS_NOT_USED,PASS,0,PASS_NOT_ACCESSED,PASS,PASS_NOT_USED,q24-30,PASS,PASS_NONE
true,PASS_FULL_NORMALIZED_FRAME,PASS_NOT_ACCESSED,cgtnjyggtm,PASS,PASS,PASS_ROT90_FIXED,64,PASS_NOT_USED,PASS,0,PASS_NOT_ACCESSED,PASS,PASS_NOT_USED,q24-31,PASS,PASS_NONE
true,PASS_FULL_NORMALIZED_FRAME,PASS_NOT_ACCESSED,cgtnjyggtm,PASS,PASS,PASS_ROT90_FIXED,64,PASS_NOT_USED,PASS,0,PASS_NOT_ACCESSED,PASS,PASS_NOT_USED,q24-32,PASS,PASS_NONE
true,PASS_FULL_NORMALIZED_FRAME,PASS_NOT_ACCESSED,cgtnjyggtm,PASS,PASS,PASS_ROT90_FIXED,64,PASS_NOT_USED,PASS,0,PASS_NOT_ACCESSED,PASS,PASS_NOT_USED,q24-33,PASS,PASS_NONE
true,PASS_FULL_NORMALIZED_FRAME,PASS_NOT_ACCESSED,cgtnjyggtm,PASS,PASS,PASS_ROT90_FIXED,64,PASS_NOT_USED,PASS,0,PASS_NOT_ACCESSED,PASS,PASS_NOT_USED,q24-34,PASS,PASS_NONE
true,PASS_FULL_NORMALIZED_FRAME,PASS_NOT_ACCESSED,cgtnjyggtm,PASS,PASS,PASS_ROT90_FIXED,64,PASS_NOT_USED,PASS,0,PASS_NOT_ACCESSED,PASS,PASS_NOT_USED,q24-35,PASS,PASS_NONE
true,PASS_FULL_NORMALIZED_FRAME,PASS_NOT_ACCESSED,cgtnjyggtm,PASS,PASS,PASS_ROT90_FIXED,64,PASS_NOT_USED,PASS,0,PASS_NOT_ACCESSED,PASS,PASS_NOT_USED,q24-36,PASS,PASS_NONE
true,PASS_FULL_NORMALIZED_FRAME,PASS_NOT_ACCESSED,cgtnjyggtm,PASS,PASS,PASS_ROT90_FIXED,64,PASS_NOT_USED,PASS,0,PASS_NOT_ACCESSED,PASS,PASS_NOT_USED,q24-37,PASS,PASS_NONE
true,PASS_FULL_NORMALIZED_FRAME,PASS_NOT_ACCESSED,cgtnjyggtm,PASS,PASS,PASS_ROT90_FIXED,64,PASS_NOT_USED,PASS,0,PASS_NOT_ACCESSED,PASS,PASS_NOT_USED,q24-38,PASS,PASS_NONE
true,PASS_FULL_NORMALIZED_FRAME,PASS_NOT_ACCESSED,cgtnjyggtm,PASS,PASS,PASS_ROT90_FIXED,64,PASS_NOT_USED,PASS,0,PASS_NOT_ACCESSED,PASS,PASS_NOT_USED,q24-39,PASS,PASS_NONE
true,PASS_FULL_NORMALIZED_FRAME,PASS_NOT_ACCESSED,cgtnjyggtm,PASS,PASS,PASS_ROT90_FIXED,64,PASS_NOT_USED,PASS,0,PASS_NOT_ACCESSED,PASS,PASS_NOT_USED,q24-4,PASS,PASS_NONE
true,PASS_FULL_NORMALIZED_FRAME,PASS_NOT_ACCESSED,cgtnjyggtm,PASS,PASS,PASS_ROT90_FIXED,64,PASS_NOT_USED,PASS,0,PASS_NOT_ACCESSED,PASS,PASS_NOT_USED,q24-40,PASS,PASS_NONE
true,PASS_FULL_NORMALIZED_FRAME,PASS_NOT_ACCESSED,cgtnjyggtm,PASS,PASS,PASS_ROT90_FIXED,64,PASS_NOT_USED,PASS,0,PASS_NOT_ACCESSED,PASS,PASS_NOT_USED,q24-41,PASS,PASS_NONE
true,PASS_FULL_NORMALIZED_FRAME,PASS_NOT_ACCESSED,cgtnjyggtm,PASS,PASS,PASS_ROT90_FIXED,64,PASS_NOT_USED,PASS,0,PASS_NOT_ACCESSED,PASS,PASS_NOT_USED,q24-42,PASS,PASS_NONE
true,PASS_FULL_NORMALIZED_FRAME,PASS_NOT_ACCESSED,cgtnjyggtm,PASS,PASS,PASS_ROT90_FIXED,64,PASS_NOT_USED,PASS,0,PASS_NOT_ACCESSED,PASS,PASS_NOT_USED,q24-43,PASS,PASS_NONE
true,PASS_FULL_NORMALIZED_FRAME,PASS_NOT_ACCESSED,cgtnjyggtm,PASS,PASS,PASS_ROT90_FIXED,64,PASS_NOT_USED,PASS,0,PASS_NOT_ACCESSED,PASS,PASS_NOT_USED,q24-44,PASS,PASS_NONE
true,PASS_FULL_NORMALIZED_FRAME,PASS_NOT_ACCESSED,cgtnjyggtm,PASS,PASS,PASS_ROT90_FIXED,64,PASS_NOT_USED,PASS,0,PASS_NOT_ACCESSED,PASS,PASS_NOT_USED,q24-45,PASS,PASS_NONE
true,PASS_FULL_NORMALIZED_FRAME,PASS_NOT_ACCESSED,cgtnjyggtm,PASS,PASS,PASS_ROT90_FIXED,64,PASS_NOT_USED,PASS,0,PASS_NOT_ACCESSED,PASS,PASS_NOT_USED,q24-46,PASS,PASS_NONE
true,PASS_FULL_NORMALIZED_FRAME,PASS_NOT_ACCESSED,cgtnjyggtm,PASS,PASS,PASS_ROT90_FIXED,64,PASS_NOT_USED,PASS,0,PASS_NOT_ACCESSED,PASS,PASS_NOT_USED,q24-47,PASS,PASS_NONE
true,PASS_FULL_NORMALIZED_FRAME,PASS_NOT_ACCESSED,cgtnjyggtm,PASS,PASS,PASS_ROT90_FIXED,64,PASS_NOT_USED,PASS,0,PASS_NOT_ACCESSED,PASS,PASS_NOT_USED,q24-48,PASS,PASS_NONE
true,PASS_FULL_NORMALIZED_FRAME,PASS_NOT_ACCESSED,cgtnjyggtm,PASS,PASS,PASS_ROT90_FIXED,64,PASS_NOT_USED,PASS,0,PASS_NOT_ACCESSED,PASS,PASS_NOT_USED,q24-49,PASS,PASS_NONE
true,PASS_FULL_NORMALIZED_FRAME,PASS_NOT_ACCESSED,cgtnjyggtm,PASS,PASS,PASS_ROT90_FIXED,64,PASS_NOT_USED,PASS,0,PASS_NOT_ACCESSED,PASS,PASS_NOT_USED,q24-5,PASS,PASS_NONE
true,PASS_FULL_NORMALIZED_FRAME,PASS_NOT_ACCESSED,cgtnjyggtm,PASS,PASS,PASS_ROT90_FIXED,64,PASS_NOT_USED,PASS,0,PASS_NOT_ACCESSED,PASS,PASS_NOT_USED,q24-50,PASS,PASS_NONE
true,PASS_FULL_NORMALIZED_FRAME,PASS_NOT_ACCESSED,cgtnjyggtm,PASS,PASS,PASS_ROT90_FIXED,64,PASS_NOT_USED,PASS,0,PASS_NOT_ACCESSED,PASS,PASS_NOT_USED,q24-6,PASS,PASS_NONE
true,PASS_FULL_NORMALIZED_FRAME,PASS_NOT_ACCESSED,cgtnjyggtm,PASS,PASS,PASS_ROT90_FIXED,64,PASS_NOT_USED,PASS,0,PASS_NOT_ACCESSED,PASS,PASS_NOT_USED,q24-7,PASS,PASS_NONE
true,PASS_FULL_NORMALIZED_FRAME,PASS_NOT_ACCESSED,cgtnjyggtm,PASS,PASS,PASS_ROT90_FIXED,64,PASS_NOT_USED,PASS,0,PASS_NOT_ACCESSED,PASS,PASS_NOT_USED,q24-8,PASS,PASS_NONE
true,PASS_FULL_NORMALIZED_FRAME,PASS_NOT_ACCESSED,cgtnjyggtm,PASS,PASS,PASS_ROT90_FIXED,64,PASS_NOT_USED,PASS,0,PASS_NOT_ACCESSED,PASS,PASS_NOT_USED,q24-9,PASS,PASS_NONE
true,PASS_FULL_NORMALIZED_FRAME,PASS_NOT_ACCESSED,w68dtmpfyf,PASS,PASS,PASS_ROT90_FIXED,64,PASS_NOT_USED,PASS,0,PASS_NOT_ACCESSED,PASS,PASS_NOT_USED,q16-1,PASS,PASS_NONE
true,PASS_FULL_NORMALIZED_FRAME,PASS_NOT_ACCESSED,w68dtmpfyf,PASS,PASS,PASS_ROT90_FIXED,64,PASS_NOT_USED,PASS,0,PASS_NOT_ACCESSED,PASS,PASS_NOT_USED,q16-10,PASS,PASS_NONE
true,PASS_FULL_NORMALIZED_FRAME,PASS_NOT_ACCESSED,w68dtmpfyf,PASS,PASS,PASS_ROT90_FIXED,64,PASS_NOT_USED,PASS,0,PASS_NOT_ACCESSED,PASS,PASS_NOT_USED,q16-11,PASS,PASS_NONE
true,PASS_FULL_NORMALIZED_FRAME,PASS_NOT_ACCESSED,w68dtmpfyf,PASS,PASS,PASS_ROT90_FIXED,64,PASS_NOT_USED,PASS,0,PASS_NOT_ACCESSED,PASS,PASS_NOT_USED,q16-12,PASS,PASS_NONE
true,PASS_FULL_NORMALIZED_FRAME,PASS_NOT_ACCESSED,w68dtmpfyf,PASS,PASS,PASS_ROT90_FIXED,64,PASS_NOT_USED,PASS,0,PASS_NOT_ACCESSED,PASS,PASS_NOT_USED,q16-13,PASS,PASS_NONE
true,PASS_FULL_NORMALIZED_FRAME,PASS_NOT_ACCESSED,w68dtmpfyf,PASS,PASS,PASS_ROT90_FIXED,64,PASS_NOT_USED,PASS,0,PASS_NOT_ACCESSED,PASS,PASS_NOT_USED,q16-14,PASS,PASS_NONE
true,PASS_FULL_NORMALIZED_FRAME,PASS_NOT_ACCESSED,w68dtmpfyf,PASS,PASS,PASS_ROT90_FIXED,64,PASS_NOT_USED,PASS,0,PASS_NOT_ACCESSED,PASS,PASS_NOT_USED,q16-15,PASS,PASS_NONE
true,PASS_FULL_NORMALIZED_FRAME,PASS_NOT_ACCESSED,w68dtmpfyf,PASS,PASS,PASS_ROT90_FIXED,64,PASS_NOT_USED,PASS,0,PASS_NOT_ACCESSED,PASS,PASS_NOT_USED,q16-16,PASS,PASS_NONE
true,PASS_FULL_NORMALIZED_FRAME,PASS_NOT_ACCESSED,w68dtmpfyf,PASS,PASS,PASS_ROT90_FIXED,64,PASS_NOT_USED,PASS,0,PASS_NOT_ACCESSED,PASS,PASS_NOT_USED,q16-17,PASS,PASS_NONE
true,PASS_FULL_NORMALIZED_FRAME,PASS_NOT_ACCESSED,w68dtmpfyf,PASS,PASS,PASS_ROT90_FIXED,64,PASS_NOT_USED,PASS,0,PASS_NOT_ACCESSED,PASS,PASS_NOT_USED,q16-18,PASS,PASS_NONE
true,PASS_FULL_NORMALIZED_FRAME,PASS_NOT_ACCESSED,w68dtmpfyf,PASS,PASS,PASS_ROT90_FIXED,64,PASS_NOT_USED,PASS,0,PASS_NOT_ACCESSED,PASS,PASS_NOT_USED,q16-19,PASS,PASS_NONE
true,PASS_FULL_NORMALIZED_FRAME,PASS_NOT_ACCESSED,w68dtmpfyf,PASS,PASS,PASS_ROT90_FIXED,64,PASS_NOT_USED,PASS,0,PASS_NOT_ACCESSED,PASS,PASS_NOT_USED,q16-2,PASS,PASS_NONE
true,PASS_FULL_NORMALIZED_FRAME,PASS_NOT_ACCESSED,w68dtmpfyf,PASS,PASS,PASS_ROT90_FIXED,64,PASS_NOT_USED,PASS,0,PASS_NOT_ACCESSED,PASS,PASS_NOT_USED,q16-20,PASS,PASS_NONE
true,PASS_FULL_NORMALIZED_FRAME,PASS_NOT_ACCESSED,w68dtmpfyf,PASS,PASS,PASS_ROT90_FIXED,64,PASS_NOT_USED,PASS,0,PASS_NOT_ACCESSED,PASS,PASS_NOT_USED,q16-21,PASS,PASS_NONE
true,PASS_FULL_NORMALIZED_FRAME,PASS_NOT_ACCESSED,w68dtmpfyf,PASS,PASS,PASS_ROT90_FIXED,64,PASS_NOT_USED,PASS,0,PASS_NOT_ACCESSED,PASS,PASS_NOT_USED,q16-22,PASS,PASS_NONE
true,PASS_FULL_NORMALIZED_FRAME,PASS_NOT_ACCESSED,w68dtmpfyf,PASS,PASS,PASS_ROT90_FIXED,64,PASS_NOT_USED,PASS,0,PASS_NOT_ACCESSED,PASS,PASS_NOT_USED,q16-23,PASS,PASS_NONE
true,PASS_FULL_NORMALIZED_FRAME,PASS_NOT_ACCESSED,w68dtmpfyf,PASS,PASS,PASS_ROT90_FIXED,64,PASS_NOT_USED,PASS,0,PASS_NOT_ACCESSED,PASS,PASS_NOT_USED,q16-24,PASS,PASS_NONE
true,PASS_FULL_NORMALIZED_FRAME,PASS_NOT_ACCESSED,w68dtmpfyf,PASS,PASS,PASS_ROT90_FIXED,64,PASS_NOT_USED,PASS,0,PASS_NOT_ACCESSED,PASS,PASS_NOT_USED,q16-25,PASS,PASS_NONE
true,PASS_FULL_NORMALIZED_FRAME,PASS_NOT_ACCESSED,w68dtmpfyf,PASS,PASS,PASS_ROT90_FIXED,64,PASS_NOT_USED,PASS,0,PASS_NOT_ACCESSED,PASS,PASS_NOT_USED,q16-26,PASS,PASS_NONE
true,PASS_FULL_NORMALIZED_FRAME,PASS_NOT_ACCESSED,w68dtmpfyf,PASS,PASS,PASS_ROT90_FIXED,64,PASS_NOT_USED,PASS,0,PASS_NOT_ACCESSED,PASS,PASS_NOT_USED,q16-27,PASS,PASS_NONE
true,PASS_FULL_NORMALIZED_FRAME,PASS_NOT_ACCESSED,w68dtmpfyf,PASS,PASS,PASS_ROT90_FIXED,64,PASS_NOT_USED,PASS,0,PASS_NOT_ACCESSED,PASS,PASS_NOT_USED,q16-28,PASS,PASS_NONE
true,PASS_FULL_NORMALIZED_FRAME,PASS_NOT_ACCESSED,w68dtmpfyf,PASS,PASS,PASS_ROT90_FIXED,64,PASS_NOT_USED,PASS,0,PASS_NOT_ACCESSED,PASS,PASS_NOT_USED,q16-29,PASS,PASS_NONE
true,PASS_FULL_NORMALIZED_FRAME,PASS_NOT_ACCESSED,w68dtmpfyf,PASS,PASS,PASS_ROT90_FIXED,64,PASS_NOT_USED,PASS,0,PASS_NOT_ACCESSED,PASS,PASS_NOT_USED,q16-3,PASS,PASS_NONE
true,PASS_FULL_NORMALIZED_FRAME,PASS_NOT_ACCESSED,w68dtmpfyf,PASS,PASS,PASS_ROT90_FIXED,64,PASS_NOT_USED,PASS,0,PASS_NOT_ACCESSED,PASS,PASS_NOT_USED,q16-30,PASS,PASS_NONE
true,PASS_FULL_NORMALIZED_FRAME,PASS_NOT_ACCESSED,w68dtmpfyf,PASS,PASS,PASS_ROT90_FIXED,64,PASS_NOT_USED,PASS,0,PASS_NOT_ACCESSED,PASS,PASS_NOT_USED,q16-31,PASS,PASS_NONE
true,PASS_FULL_NORMALIZED_FRAME,PASS_NOT_ACCESSED,w68dtmpfyf,PASS,PASS,PASS_ROT90_FIXED,64,PASS_NOT_USED,PASS,0,PASS_NOT_ACCESSED,PASS,PASS_NOT_USED,q16-32,PASS,PASS_NONE
true,PASS_FULL_NORMALIZED_FRAME,PASS_NOT_ACCESSED,w68dtmpfyf,PASS,PASS,PASS_ROT90_FIXED,64,PASS_NOT_USED,PASS,0,PASS_NOT_ACCESSED,PASS,PASS_NOT_USED,q16-33,PASS,PASS_NONE
true,PASS_FULL_NORMALIZED_FRAME,PASS_NOT_ACCESSED,w68dtmpfyf,PASS,PASS,PASS_ROT90_FIXED,64,PASS_NOT_USED,PASS,0,PASS_NOT_ACCESSED,PASS,PASS_NOT_USED,q16-34,PASS,PASS_NONE
true,PASS_FULL_NORMALIZED_FRAME,PASS_NOT_ACCESSED,w68dtmpfyf,PASS,PASS,PASS_ROT90_FIXED,64,PASS_NOT_USED,PASS,0,PASS_NOT_ACCESSED,PASS,PASS_NOT_USED,q16-35,PASS,PASS_NONE
true,PASS_FULL_NORMALIZED_FRAME,PASS_NOT_ACCESSED,w68dtmpfyf,PASS,PASS,PASS_ROT90_FIXED,64,PASS_NOT_USED,PASS,0,PASS_NOT_ACCESSED,PASS,PASS_NOT_USED,q16-36,PASS,PASS_NONE
true,PASS_FULL_NORMALIZED_FRAME,PASS_NOT_ACCESSED,w68dtmpfyf,PASS,PASS,PASS_ROT90_FIXED,64,PASS_NOT_USED,PASS,0,PASS_NOT_ACCESSED,PASS,PASS_NOT_USED,q16-37,PASS,PASS_NONE
true,PASS_FULL_NORMALIZED_FRAME,PASS_NOT_ACCESSED,w68dtmpfyf,PASS,PASS,PASS_ROT90_FIXED,64,PASS_NOT_USED,PASS,0,PASS_NOT_ACCESSED,PASS,PASS_NOT_USED,q16-38,PASS,PASS_NONE
true,PASS_FULL_NORMALIZED_FRAME,PASS_NOT_ACCESSED,w68dtmpfyf,PASS,PASS,PASS_ROT90_FIXED,64,PASS_NOT_USED,PASS,0,PASS_NOT_ACCESSED,PASS,PASS_NOT_USED,q16-39,PASS,PASS_NONE
true,PASS_FULL_NORMALIZED_FRAME,PASS_NOT_ACCESSED,w68dtmpfyf,PASS,PASS,PASS_ROT90_FIXED,64,PASS_NOT_USED,PASS,0,PASS_NOT_ACCESSED,PASS,PASS_NOT_USED,q16-4,PASS,PASS_NONE
true,PASS_FULL_NORMALIZED_FRAME,PASS_NOT_ACCESSED,w68dtmpfyf,PASS,PASS,PASS_ROT90_FIXED,64,PASS_NOT_USED,PASS,0,PASS_NOT_ACCESSED,PASS,PASS_NOT_USED,q16-40,PASS,PASS_NONE
true,PASS_FULL_NORMALIZED_FRAME,PASS_NOT_ACCESSED,w68dtmpfyf,PASS,PASS,PASS_ROT90_FIXED,64,PASS_NOT_USED,PASS,0,PASS_NOT_ACCESSED,PASS,PASS_NOT_USED,q16-41,PASS,PASS_NONE
true,PASS_FULL_NORMALIZED_FRAME,PASS_NOT_ACCESSED,w68dtmpfyf,PASS,PASS,PASS_ROT90_FIXED,64,PASS_NOT_USED,PASS,0,PASS_NOT_ACCESSED,PASS,PASS_NOT_USED,q16-42,PASS,PASS_NONE
true,PASS_FULL_NORMALIZED_FRAME,PASS_NOT_ACCESSED,w68dtmpfyf,PASS,PASS,PASS_ROT90_FIXED,64,PASS_NOT_USED,PASS,0,PASS_NOT_ACCESSED,PASS,PASS_NOT_USED,q16-43,PASS,PASS_NONE
true,PASS_FULL_NORMALIZED_FRAME,PASS_NOT_ACCESSED,w68dtmpfyf,PASS,PASS,PASS_ROT90_FIXED,64,PASS_NOT_USED,PASS,0,PASS_NOT_ACCESSED,PASS,PASS_NOT_USED,q16-5,PASS,PASS_NONE
true,PASS_FULL_NORMALIZED_FRAME,PASS_NOT_ACCESSED,w68dtmpfyf,PASS,PASS,PASS_ROT90_FIXED,64,PASS_NOT_USED,PASS,0,PASS_NOT_ACCESSED,PASS,PASS_NOT_USED,q16-6,PASS,PASS_NONE
true,PASS_FULL_NORMALIZED_FRAME,PASS_NOT_ACCESSED,w68dtmpfyf,PASS,PASS,PASS_ROT90_FIXED,64,PASS_NOT_USED,PASS,0,PASS_NOT_ACCESSED,PASS,PASS_NOT_USED,q16-7,PASS,PASS_NONE
true,PASS_FULL_NORMALIZED_FRAME,PASS_NOT_ACCESSED,w68dtmpfyf,PASS,PASS,PASS_ROT90_FIXED,64,PASS_NOT_USED,PASS,0,PASS_NOT_ACCESSED,PASS,PASS_NOT_USED,q16-8,PASS,PASS_NONE
true,PASS_FULL_NORMALIZED_FRAME,PASS_NOT_ACCESSED,w68dtmpfyf,PASS,PASS,PASS_ROT90_FIXED,64,PASS_NOT_USED,PASS,0,PASS_NOT_ACCESSED,PASS,PASS_NOT_USED,q16-9,PASS,PASS_NONE
true,PASS_FULL_NORMALIZED_FRAME,PASS_NOT_ACCESSED,xcmzfsbd9t,PASS,PASS,PASS_ROT90_FIXED,64,PASS_NOT_USED,PASS,0,PASS_NOT_ACCESSED,PASS,PASS_NOT_USED,c24-10,PASS,PASS_NONE
true,PASS_FULL_NORMALIZED_FRAME,PASS_NOT_ACCESSED,xcmzfsbd9t,PASS,PASS,PASS_ROT90_FIXED,64,PASS_NOT_USED,PASS,0,PASS_NOT_ACCESSED,PASS,PASS_NOT_USED,c24-10t,PASS,PASS_NONE
true,PASS_FULL_NORMALIZED_FRAME,PASS_NOT_ACCESSED,xcmzfsbd9t,PASS,PASS,PASS_ROT90_FIXED,64,PASS_NOT_USED,PASS,0,PASS_NOT_ACCESSED,PASS,PASS_NOT_USED,c24-11,PASS,PASS_NONE
true,PASS_FULL_NORMALIZED_FRAME,PASS_NOT_ACCESSED,xcmzfsbd9t,PASS,PASS,PASS_ROT90_FIXED,64,PASS_NOT_USED,PASS,0,PASS_NOT_ACCESSED,PASS,PASS_NOT_USED,c24-11t,PASS,PASS_NONE
true,PASS_FULL_NORMALIZED_FRAME,PASS_NOT_ACCESSED,xcmzfsbd9t,PASS,PASS,PASS_ROT90_FIXED,64,PASS_NOT_USED,PASS,0,PASS_NOT_ACCESSED,PASS,PASS_NOT_USED,c24-12,PASS,PASS_NONE
true,PASS_FULL_NORMALIZED_FRAME,PASS_NOT_ACCESSED,xcmzfsbd9t,PASS,PASS,PASS_ROT90_FIXED,64,PASS_NOT_USED,PASS,0,PASS_NOT_ACCESSED,PASS,PASS_NOT_USED,c24-12t,PASS,PASS_NONE
true,PASS_FULL_NORMALIZED_FRAME,PASS_NOT_ACCESSED,xcmzfsbd9t,PASS,PASS,PASS_ROT90_FIXED,64,PASS_NOT_USED,PASS,0,PASS_NOT_ACCESSED,PASS,PASS_NOT_USED,c24-13,PASS,PASS_NONE
true,PASS_FULL_NORMALIZED_FRAME,PASS_NOT_ACCESSED,xcmzfsbd9t,PASS,PASS,PASS_ROT90_FIXED,64,PASS_NOT_USED,PASS,0,PASS_NOT_ACCESSED,PASS,PASS_NOT_USED,c24-14,PASS,PASS_NONE
true,PASS_FULL_NORMALIZED_FRAME,PASS_NOT_ACCESSED,xcmzfsbd9t,PASS,PASS,PASS_ROT90_FIXED,64,PASS_NOT_USED,PASS,0,PASS_NOT_ACCESSED,PASS,PASS_NOT_USED,c24-15,PASS,PASS_NONE
true,PASS_FULL_NORMALIZED_FRAME,PASS_NOT_ACCESSED,xcmzfsbd9t,PASS,PASS,PASS_ROT90_FIXED,64,PASS_NOT_USED,PASS,0,PASS_NOT_ACCESSED,PASS,PASS_NOT_USED,c24-16,PASS,PASS_NONE
true,PASS_FULL_NORMALIZED_FRAME,PASS_NOT_ACCESSED,xcmzfsbd9t,PASS,PASS,PASS_ROT90_FIXED,64,PASS_NOT_USED,PASS,0,PASS_NOT_ACCESSED,PASS,PASS_NOT_USED,c24-17,PASS,PASS_NONE
true,PASS_FULL_NORMALIZED_FRAME,PASS_NOT_ACCESSED,xcmzfsbd9t,PASS,PASS,PASS_ROT90_FIXED,64,PASS_NOT_USED,PASS,0,PASS_NOT_ACCESSED,PASS,PASS_NOT_USED,c24-18,PASS,PASS_NONE
true,PASS_FULL_NORMALIZED_FRAME,PASS_NOT_ACCESSED,xcmzfsbd9t,PASS,PASS,PASS_ROT90_FIXED,64,PASS_NOT_USED,PASS,0,PASS_NOT_ACCESSED,PASS,PASS_NOT_USED,c24-2,PASS,PASS_NONE
true,PASS_FULL_NORMALIZED_FRAME,PASS_NOT_ACCESSED,xcmzfsbd9t,PASS,PASS,PASS_ROT90_FIXED,64,PASS_NOT_USED,PASS,0,PASS_NOT_ACCESSED,PASS,PASS_NOT_USED,c24-20,PASS,PASS_NONE
true,PASS_FULL_NORMALIZED_FRAME,PASS_NOT_ACCESSED,xcmzfsbd9t,PASS,PASS,PASS_ROT90_FIXED,64,PASS_NOT_USED,PASS,0,PASS_NOT_ACCESSED,PASS,PASS_NOT_USED,c24-21,PASS,PASS_NONE
true,PASS_FULL_NORMALIZED_FRAME,PASS_NOT_ACCESSED,xcmzfsbd9t,PASS,PASS,PASS_ROT90_FIXED,64,PASS_NOT_USED,PASS,0,PASS_NOT_ACCESSED,PASS,PASS_NOT_USED,c24-24,PASS,PASS_NONE
true,PASS_FULL_NORMALIZED_FRAME,PASS_NOT_ACCESSED,xcmzfsbd9t,PASS,PASS,PASS_ROT90_FIXED,64,PASS_NOT_USED,PASS,0,PASS_NOT_ACCESSED,PASS,PASS_NOT_USED,c24-25,PASS,PASS_NONE
true,PASS_FULL_NORMALIZED_FRAME,PASS_NOT_ACCESSED,xcmzfsbd9t,PASS,PASS,PASS_ROT90_FIXED,64,PASS_NOT_USED,PASS,0,PASS_NOT_ACCESSED,PASS,PASS_NOT_USED,c24-26,PASS,PASS_NONE
true,PASS_FULL_NORMALIZED_FRAME,PASS_NOT_ACCESSED,xcmzfsbd9t,PASS,PASS,PASS_ROT90_FIXED,64,PASS_NOT_USED,PASS,0,PASS_NOT_ACCESSED,PASS,PASS_NOT_USED,c24-27,PASS,PASS_NONE
true,PASS_FULL_NORMALIZED_FRAME,PASS_NOT_ACCESSED,xcmzfsbd9t,PASS,PASS,PASS_ROT90_FIXED,64,PASS_NOT_USED,PASS,0,PASS_NOT_ACCESSED,PASS,PASS_NOT_USED,c24-28,PASS,PASS_NONE
true,PASS_FULL_NORMALIZED_FRAME,PASS_NOT_ACCESSED,xcmzfsbd9t,PASS,PASS,PASS_ROT90_FIXED,64,PASS_NOT_USED,PASS,0,PASS_NOT_ACCESSED,PASS,PASS_NOT_USED,c24-29,PASS,PASS_NONE
true,PASS_FULL_NORMALIZED_FRAME,PASS_NOT_ACCESSED,xcmzfsbd9t,PASS,PASS,PASS_ROT90_FIXED,64,PASS_NOT_USED,PASS,0,PASS_NOT_ACCESSED,PASS,PASS_NOT_USED,c24-3,PASS,PASS_NONE
true,PASS_FULL_NORMALIZED_FRAME,PASS_NOT_ACCESSED,xcmzfsbd9t,PASS,PASS,PASS_ROT90_FIXED,64,PASS_NOT_USED,PASS,0,PASS_NOT_ACCESSED,PASS,PASS_NOT_USED,c24-30,PASS,PASS_NONE
true,PASS_FULL_NORMALIZED_FRAME,PASS_NOT_ACCESSED,xcmzfsbd9t,PASS,PASS,PASS_ROT90_FIXED,64,PASS_NOT_USED,PASS,0,PASS_NOT_ACCESSED,PASS,PASS_NOT_USED,c24-31,PASS,PASS_NONE
true,PASS_FULL_NORMALIZED_FRAME,PASS_NOT_ACCESSED,xcmzfsbd9t,PASS,PASS,PASS_ROT90_FIXED,64,PASS_NOT_USED,PASS,0,PASS_NOT_ACCESSED,PASS,PASS_NOT_USED,c24-32,PASS,PASS_NONE
true,PASS_FULL_NORMALIZED_FRAME,PASS_NOT_ACCESSED,xcmzfsbd9t,PASS,PASS,PASS_ROT90_FIXED,64,PASS_NOT_USED,PASS,0,PASS_NOT_ACCESSED,PASS,PASS_NOT_USED,c24-33,PASS,PASS_NONE
true,PASS_FULL_NORMALIZED_FRAME,PASS_NOT_ACCESSED,xcmzfsbd9t,PASS,PASS,PASS_ROT90_FIXED,64,PASS_NOT_USED,PASS,0,PASS_NOT_ACCESSED,PASS,PASS_NOT_USED,c24-34,PASS,PASS_NONE
true,PASS_FULL_NORMALIZED_FRAME,PASS_NOT_ACCESSED,xcmzfsbd9t,PASS,PASS,PASS_ROT90_FIXED,64,PASS_NOT_USED,PASS,0,PASS_NOT_ACCESSED,PASS,PASS_NOT_USED,c24-35,PASS,PASS_NONE
true,PASS_FULL_NORMALIZED_FRAME,PASS_NOT_ACCESSED,xcmzfsbd9t,PASS,PASS,PASS_ROT90_FIXED,64,PASS_NOT_USED,PASS,0,PASS_NOT_ACCESSED,PASS,PASS_NOT_USED,c24-36,PASS,PASS_NONE
true,PASS_FULL_NORMALIZED_FRAME,PASS_NOT_ACCESSED,xcmzfsbd9t,PASS,PASS,PASS_ROT90_FIXED,64,PASS_NOT_USED,PASS,0,PASS_NOT_ACCESSED,PASS,PASS_NOT_USED,c24-37,PASS,PASS_NONE
true,PASS_FULL_NORMALIZED_FRAME,PASS_NOT_ACCESSED,xcmzfsbd9t,PASS,PASS,PASS_ROT90_FIXED,64,PASS_NOT_USED,PASS,0,PASS_NOT_ACCESSED,PASS,PASS_NOT_USED,c24-39,PASS,PASS_NONE
true,PASS_FULL_NORMALIZED_FRAME,PASS_NOT_ACCESSED,xcmzfsbd9t,PASS,PASS,PASS_ROT90_FIXED,64,PASS_NOT_USED,PASS,0,PASS_NOT_ACCESSED,PASS,PASS_NOT_USED,c24-40,PASS,PASS_NONE
true,PASS_FULL_NORMALIZED_FRAME,PASS_NOT_ACCESSED,xcmzfsbd9t,PASS,PASS,PASS_ROT90_FIXED,64,PASS_NOT_USED,PASS,0,PASS_NOT_ACCESSED,PASS,PASS_NOT_USED,c24-41,PASS,PASS_NONE
true,PASS_FULL_NORMALIZED_FRAME,PASS_NOT_ACCESSED,xcmzfsbd9t,PASS,PASS,PASS_ROT90_FIXED,64,PASS_NOT_USED,PASS,0,PASS_NOT_ACCESSED,PASS,PASS_NOT_USED,c24-42,PASS,PASS_NONE
true,PASS_FULL_NORMALIZED_FRAME,PASS_NOT_ACCESSED,xcmzfsbd9t,PASS,PASS,PASS_ROT90_FIXED,64,PASS_NOT_USED,PASS,0,PASS_NOT_ACCESSED,PASS,PASS_NOT_USED,c24-43,PASS,PASS_NONE
true,PASS_FULL_NORMALIZED_FRAME,PASS_NOT_ACCESSED,xcmzfsbd9t,PASS,PASS,PASS_ROT90_FIXED,64,PASS_NOT_USED,PASS,0,PASS_NOT_ACCESSED,PASS,PASS_NOT_USED,c24-44,PASS,PASS_NONE
true,PASS_FULL_NORMALIZED_FRAME,PASS_NOT_ACCESSED,xcmzfsbd9t,PASS,PASS,PASS_ROT90_FIXED,64,PASS_NOT_USED,PASS,0,PASS_NOT_ACCESSED,PASS,PASS_NOT_USED,c24-45,PASS,PASS_NONE
true,PASS_FULL_NORMALIZED_FRAME,PASS_NOT_ACCESSED,xcmzfsbd9t,PASS,PASS,PASS_ROT90_FIXED,64,PASS_NOT_USED,PASS,0,PASS_NOT_ACCESSED,PASS,PASS_NOT_USED,c24-46,PASS,PASS_NONE
true,PASS_FULL_NORMALIZED_FRAME,PASS_NOT_ACCESSED,xcmzfsbd9t,PASS,PASS,PASS_ROT90_FIXED,64,PASS_NOT_USED,PASS,0,PASS_NOT_ACCESSED,PASS,PASS_NOT_USED,c24-47,PASS,PASS_NONE
true,PASS_FULL_NORMALIZED_FRAME,PASS_NOT_ACCESSED,xcmzfsbd9t,PASS,PASS,PASS_ROT90_FIXED,64,PASS_NOT_USED,PASS,0,PASS_NOT_ACCESSED,PASS,PASS_NOT_USED,c24-48,PASS,PASS_NONE
true,PASS_FULL_NORMALIZED_FRAME,PASS_NOT_ACCESSED,xcmzfsbd9t,PASS,PASS,PASS_ROT90_FIXED,64,PASS_NOT_USED,PASS,0,PASS_NOT_ACCESSED,PASS,PASS_NOT_USED,c24-49,PASS,PASS_NONE
true,PASS_FULL_NORMALIZED_FRAME,PASS_NOT_ACCESSED,xcmzfsbd9t,PASS,PASS,PASS_ROT90_FIXED,64,PASS_NOT_USED,PASS,0,PASS_NOT_ACCESSED,PASS,PASS_NOT_USED,c24-5,PASS,PASS_NONE
true,PASS_FULL_NORMALIZED_FRAME,PASS_NOT_ACCESSED,xcmzfsbd9t,PASS,PASS,PASS_ROT90_FIXED,64,PASS_NOT_USED,PASS,0,PASS_NOT_ACCESSED,PASS,PASS_NOT_USED,c24-50,PASS,PASS_NONE
true,PASS_FULL_NORMALIZED_FRAME,PASS_NOT_ACCESSED,xcmzfsbd9t,PASS,PASS,PASS_ROT90_FIXED,64,PASS_NOT_USED,PASS,0,PASS_NOT_ACCESSED,PASS,PASS_NOT_USED,c24-51,PASS,PASS_NONE
true,PASS_FULL_NORMALIZED_FRAME,PASS_NOT_ACCESSED,xcmzfsbd9t,PASS,PASS,PASS_ROT90_FIXED,64,PASS_NOT_USED,PASS,0,PASS_NOT_ACCESSED,PASS,PASS_NOT_USED,c24-52,PASS,PASS_NONE
true,PASS_FULL_NORMALIZED_FRAME,PASS_NOT_ACCESSED,xcmzfsbd9t,PASS,PASS,PASS_ROT90_FIXED,64,PASS_NOT_USED,PASS,0,PASS_NOT_ACCESSED,PASS,PASS_NOT_USED,c24-53,PASS,PASS_NONE
true,PASS_FULL_NORMALIZED_FRAME,PASS_NOT_ACCESSED,xcmzfsbd9t,PASS,PASS,PASS_ROT90_FIXED,64,PASS_NOT_USED,PASS,0,PASS_NOT_ACCESSED,PASS,PASS_NOT_USED,c24-54,PASS,PASS_NONE
true,PASS_FULL_NORMALIZED_FRAME,PASS_NOT_ACCESSED,xcmzfsbd9t,PASS,PASS,PASS_ROT90_FIXED,64,PASS_NOT_USED,PASS,0,PASS_NOT_ACCESSED,PASS,PASS_NOT_USED,c24-55,PASS,PASS_NONE
true,PASS_FULL_NORMALIZED_FRAME,PASS_NOT_ACCESSED,xcmzfsbd9t,PASS,PASS,PASS_ROT90_FIXED,64,PASS_NOT_USED,PASS,0,PASS_NOT_ACCESSED,PASS,PASS_NOT_USED,c24-56,PASS,PASS_NONE
true,PASS_FULL_NORMALIZED_FRAME,PASS_NOT_ACCESSED,xcmzfsbd9t,PASS,PASS,PASS_ROT90_FIXED,64,PASS_NOT_USED,PASS,0,PASS_NOT_ACCESSED,PASS,PASS_NOT_USED,c24-57,PASS,PASS_NONE
true,PASS_FULL_NORMALIZED_FRAME,PASS_NOT_ACCESSED,xcmzfsbd9t,PASS,PASS,PASS_ROT90_FIXED,64,PASS_NOT_USED,PASS,0,PASS_NOT_ACCESSED,PASS,PASS_NOT_USED,c24-58,PASS,PASS_NONE
true,PASS_FULL_NORMALIZED_FRAME,PASS_NOT_ACCESSED,xcmzfsbd9t,PASS,PASS,PASS_ROT90_FIXED,64,PASS_NOT_USED,PASS,0,PASS_NOT_ACCESSED,PASS,PASS_NOT_USED,c24-59,PASS,PASS_NONE
true,PASS_FULL_NORMALIZED_FRAME,PASS_NOT_ACCESSED,xcmzfsbd9t,PASS,PASS,PASS_ROT90_FIXED,64,PASS_NOT_USED,PASS,0,PASS_NOT_ACCESSED,PASS,PASS_NOT_USED,c24-6,PASS,PASS_NONE
true,PASS_FULL_NORMALIZED_FRAME,PASS_NOT_ACCESSED,xcmzfsbd9t,PASS,PASS,PASS_ROT90_FIXED,64,PASS_NOT_USED,PASS,0,PASS_NOT_ACCESSED,PASS,PASS_NOT_USED,c24-6t,PASS,PASS_NONE
true,PASS_FULL_NORMALIZED_FRAME,PASS_NOT_ACCESSED,xcmzfsbd9t,PASS,PASS,PASS_ROT90_FIXED,64,PASS_NOT_USED,PASS,0,PASS_NOT_ACCESSED,PASS,PASS_NOT_USED,c24-7,PASS,PASS_NONE
true,PASS_FULL_NORMALIZED_FRAME,PASS_NOT_ACCESSED,xcmzfsbd9t,PASS,PASS,PASS_ROT90_FIXED,64,PASS_NOT_USED,PASS,0,PASS_NOT_ACCESSED,PASS,PASS_NOT_USED,c24-8,PASS,PASS_NONE
true,PASS_FULL_NORMALIZED_FRAME,PASS_NOT_ACCESSED,xcmzfsbd9t,PASS,PASS,PASS_ROT90_FIXED,64,PASS_NOT_USED,PASS,0,PASS_NOT_ACCESSED,PASS,PASS_NOT_USED,c24-8t,PASS,PASS_NONE
true,PASS_FULL_NORMALIZED_FRAME,PASS_NOT_ACCESSED,xcmzfsbd9t,PASS,PASS,PASS_ROT90_FIXED,64,PASS_NOT_USED,PASS,0,PASS_NOT_ACCESSED,PASS,PASS_NOT_USED,c24-9,PASS,PASS_NONE
true,PASS_FULL_NORMALIZED_FRAME,PASS_NOT_ACCESSED,xcmzfsbd9t,PASS,PASS,PASS_ROT90_FIXED,64,PASS_NOT_USED,PASS,0,PASS_NOT_ACCESSED,PASS,PASS_NOT_USED,c24-9t,PASS,PASS_NONE
true,PASS_FULL_NORMALIZED_FRAME,PASS_NOT_ACCESSED,yfxyg8jm46,PASS,PASS,PASS_ROT90_FIXED,64,PASS_NOT_USED,PASS,0,PASS_NOT_ACCESSED,PASS,PASS_NOT_USED,c16-1,PASS,PASS_NONE
true,PASS_FULL_NORMALIZED_FRAME,PASS_NOT_ACCESSED,yfxyg8jm46,PASS,PASS,PASS_ROT90_FIXED,64,PASS_NOT_USED,PASS,0,PASS_NOT_ACCESSED,PASS,PASS_NOT_USED,c16-10,PASS,PASS_NONE
true,PASS_FULL_NORMALIZED_FRAME,PASS_NOT_ACCESSED,yfxyg8jm46,PASS,PASS,PASS_ROT90_FIXED,64,PASS_NOT_USED,PASS,0,PASS_NOT_ACCESSED,PASS,PASS_NOT_USED,c16-11,PASS,PASS_NONE
true,PASS_FULL_NORMALIZED_FRAME,PASS_NOT_ACCESSED,yfxyg8jm46,PASS,PASS,PASS_ROT90_FIXED,64,PASS_NOT_USED,PASS,0,PASS_NOT_ACCESSED,PASS,PASS_NOT_USED,c16-12,PASS,PASS_NONE
true,PASS_FULL_NORMALIZED_FRAME,PASS_NOT_ACCESSED,yfxyg8jm46,PASS,PASS,PASS_ROT90_FIXED,64,PASS_NOT_USED,PASS,0,PASS_NOT_ACCESSED,PASS,PASS_NOT_USED,c16-13,PASS,PASS_NONE
true,PASS_FULL_NORMALIZED_FRAME,PASS_NOT_ACCESSED,yfxyg8jm46,PASS,PASS,PASS_ROT90_FIXED,64,PASS_NOT_USED,PASS,0,PASS_NOT_ACCESSED,PASS,PASS_NOT_USED,c16-14,PASS,PASS_NONE
true,PASS_FULL_NORMALIZED_FRAME,PASS_NOT_ACCESSED,yfxyg8jm46,PASS,PASS,PASS_ROT90_FIXED,64,PASS_NOT_USED,PASS,0,PASS_NOT_ACCESSED,PASS,PASS_NOT_USED,c16-15,PASS,PASS_NONE
true,PASS_FULL_NORMALIZED_FRAME,PASS_NOT_ACCESSED,yfxyg8jm46,PASS,PASS,PASS_ROT90_FIXED,64,PASS_NOT_USED,PASS,0,PASS_NOT_ACCESSED,PASS,PASS_NOT_USED,c16-16,PASS,PASS_NONE
true,PASS_FULL_NORMALIZED_FRAME,PASS_NOT_ACCESSED,yfxyg8jm46,PASS,PASS,PASS_ROT90_FIXED,64,PASS_NOT_USED,PASS,0,PASS_NOT_ACCESSED,PASS,PASS_NOT_USED,c16-17,PASS,PASS_NONE
true,PASS_FULL_NORMALIZED_FRAME,PASS_NOT_ACCESSED,yfxyg8jm46,PASS,PASS,PASS_ROT90_FIXED,64,PASS_NOT_USED,PASS,0,PASS_NOT_ACCESSED,PASS,PASS_NOT_USED,c16-18,PASS,PASS_NONE
true,PASS_FULL_NORMALIZED_FRAME,PASS_NOT_ACCESSED,yfxyg8jm46,PASS,PASS,PASS_ROT90_FIXED,64,PASS_NOT_USED,PASS,0,PASS_NOT_ACCESSED,PASS,PASS_NOT_USED,c16-19,PASS,PASS_NONE
true,PASS_FULL_NORMALIZED_FRAME,PASS_NOT_ACCESSED,yfxyg8jm46,PASS,PASS,PASS_ROT90_FIXED,64,PASS_NOT_USED,PASS,0,PASS_NOT_ACCESSED,PASS,PASS_NOT_USED,c16-2,PASS,PASS_NONE
true,PASS_FULL_NORMALIZED_FRAME,PASS_NOT_ACCESSED,yfxyg8jm46,PASS,PASS,PASS_ROT90_FIXED,64,PASS_NOT_USED,PASS,0,PASS_NOT_ACCESSED,PASS,PASS_NOT_USED,c16-20,PASS,PASS_NONE
true,PASS_FULL_NORMALIZED_FRAME,PASS_NOT_ACCESSED,yfxyg8jm46,PASS,PASS,PASS_ROT90_FIXED,64,PASS_NOT_USED,PASS,0,PASS_NOT_ACCESSED,PASS,PASS_NOT_USED,c16-21,PASS,PASS_NONE
true,PASS_FULL_NORMALIZED_FRAME,PASS_NOT_ACCESSED,yfxyg8jm46,PASS,PASS,PASS_ROT90_FIXED,64,PASS_NOT_USED,PASS,0,PASS_NOT_ACCESSED,PASS,PASS_NOT_USED,c16-22,PASS,PASS_NONE
true,PASS_FULL_NORMALIZED_FRAME,PASS_NOT_ACCESSED,yfxyg8jm46,PASS,PASS,PASS_ROT90_FIXED,64,PASS_NOT_USED,PASS,0,PASS_NOT_ACCESSED,PASS,PASS_NOT_USED,c16-23,PASS,PASS_NONE
true,PASS_FULL_NORMALIZED_FRAME,PASS_NOT_ACCESSED,yfxyg8jm46,PASS,PASS,PASS_ROT90_FIXED,64,PASS_NOT_USED,PASS,0,PASS_NOT_ACCESSED,PASS,PASS_NOT_USED,c16-24,PASS,PASS_NONE
true,PASS_FULL_NORMALIZED_FRAME,PASS_NOT_ACCESSED,yfxyg8jm46,PASS,PASS,PASS_ROT90_FIXED,64,PASS_NOT_USED,PASS,0,PASS_NOT_ACCESSED,PASS,PASS_NOT_USED,c16-25,PASS,PASS_NONE
true,PASS_FULL_NORMALIZED_FRAME,PASS_NOT_ACCESSED,yfxyg8jm46,PASS,PASS,PASS_ROT90_FIXED,64,PASS_NOT_USED,PASS,0,PASS_NOT_ACCESSED,PASS,PASS_NOT_USED,c16-26,PASS,PASS_NONE
true,PASS_FULL_NORMALIZED_FRAME,PASS_NOT_ACCESSED,yfxyg8jm46,PASS,PASS,PASS_ROT90_FIXED,64,PASS_NOT_USED,PASS,0,PASS_NOT_ACCESSED,PASS,PASS_NOT_USED,c16-27,PASS,PASS_NONE
true,PASS_FULL_NORMALIZED_FRAME,PASS_NOT_ACCESSED,yfxyg8jm46,PASS,PASS,PASS_ROT90_FIXED,64,PASS_NOT_USED,PASS,0,PASS_NOT_ACCESSED,PASS,PASS_NOT_USED,c16-28,PASS,PASS_NONE
true,PASS_FULL_NORMALIZED_FRAME,PASS_NOT_ACCESSED,yfxyg8jm46,PASS,PASS,PASS_ROT90_FIXED,64,PASS_NOT_USED,PASS,0,PASS_NOT_ACCESSED,PASS,PASS_NOT_USED,c16-29,PASS,PASS_NONE
true,PASS_FULL_NORMALIZED_FRAME,PASS_NOT_ACCESSED,yfxyg8jm46,PASS,PASS,PASS_ROT90_FIXED,64,PASS_NOT_USED,PASS,0,PASS_NOT_ACCESSED,PASS,PASS_NOT_USED,c16-3,PASS,PASS_NONE
true,PASS_FULL_NORMALIZED_FRAME,PASS_NOT_ACCESSED,yfxyg8jm46,PASS,PASS,PASS_ROT90_FIXED,64,PASS_NOT_USED,PASS,0,PASS_NOT_ACCESSED,PASS,PASS_NOT_USED,c16-30,PASS,PASS_NONE
true,PASS_FULL_NORMALIZED_FRAME,PASS_NOT_ACCESSED,yfxyg8jm46,PASS,PASS,PASS_ROT90_FIXED,64,PASS_NOT_USED,PASS,0,PASS_NOT_ACCESSED,PASS,PASS_NOT_USED,c16-32,PASS,PASS_NONE
true,PASS_FULL_NORMALIZED_FRAME,PASS_NOT_ACCESSED,yfxyg8jm46,PASS,PASS,PASS_ROT90_FIXED,64,PASS_NOT_USED,PASS,0,PASS_NOT_ACCESSED,PASS,PASS_NOT_USED,c16-33,PASS,PASS_NONE
true,PASS_FULL_NORMALIZED_FRAME,PASS_NOT_ACCESSED,yfxyg8jm46,PASS,PASS,PASS_ROT90_FIXED,64,PASS_NOT_USED,PASS,0,PASS_NOT_ACCESSED,PASS,PASS_NOT_USED,c16-34,PASS,PASS_NONE
true,PASS_FULL_NORMALIZED_FRAME,PASS_NOT_ACCESSED,yfxyg8jm46,PASS,PASS,PASS_ROT90_FIXED,64,PASS_NOT_USED,PASS,0,PASS_NOT_ACCESSED,PASS,PASS_NOT_USED,c16-35,PASS,PASS_NONE
true,PASS_FULL_NORMALIZED_FRAME,PASS_NOT_ACCESSED,yfxyg8jm46,PASS,PASS,PASS_ROT90_FIXED,64,PASS_NOT_USED,PASS,0,PASS_NOT_ACCESSED,PASS,PASS_NOT_USED,c16-36,PASS,PASS_NONE
true,PASS_FULL_NORMALIZED_FRAME,PASS_NOT_ACCESSED,yfxyg8jm46,PASS,PASS,PASS_ROT90_FIXED,64,PASS_NOT_USED,PASS,0,PASS_NOT_ACCESSED,PASS,PASS_NOT_USED,c16-37,PASS,PASS_NONE
true,PASS_FULL_NORMALIZED_FRAME,PASS_NOT_ACCESSED,yfxyg8jm46,PASS,PASS,PASS_ROT90_FIXED,64,PASS_NOT_USED,PASS,0,PASS_NOT_ACCESSED,PASS,PASS_NOT_USED,c16-38,PASS,PASS_NONE
true,PASS_FULL_NORMALIZED_FRAME,PASS_NOT_ACCESSED,yfxyg8jm46,PASS,PASS,PASS_ROT90_FIXED,64,PASS_NOT_USED,PASS,0,PASS_NOT_ACCESSED,PASS,PASS_NOT_USED,c16-39,PASS,PASS_NONE
true,PASS_FULL_NORMALIZED_FRAME,PASS_NOT_ACCESSED,yfxyg8jm46,PASS,PASS,PASS_ROT90_FIXED,64,PASS_NOT_USED,PASS,0,PASS_NOT_ACCESSED,PASS,PASS_NOT_USED,c16-4,PASS,PASS_NONE
true,PASS_FULL_NORMALIZED_FRAME,PASS_NOT_ACCESSED,yfxyg8jm46,PASS,PASS,PASS_ROT90_FIXED,64,PASS_NOT_USED,PASS,0,PASS_NOT_ACCESSED,PASS,PASS_NOT_USED,c16-40,PASS,PASS_NONE
true,PASS_FULL_NORMALIZED_FRAME,PASS_NOT_ACCESSED,yfxyg8jm46,PASS,PASS,PASS_ROT90_FIXED,64,PASS_NOT_USED,PASS,0,PASS_NOT_ACCESSED,PASS,PASS_NOT_USED,c16-41,PASS,PASS_NONE
true,PASS_FULL_NORMALIZED_FRAME,PASS_NOT_ACCESSED,yfxyg8jm46,PASS,PASS,PASS_ROT90_FIXED,64,PASS_NOT_USED,PASS,0,PASS_NOT_ACCESSED,PASS,PASS_NOT_USED,c16-42,PASS,PASS_NONE
true,PASS_FULL_NORMALIZED_FRAME,PASS_NOT_ACCESSED,yfxyg8jm46,PASS,PASS,PASS_ROT90_FIXED,64,PASS_NOT_USED,PASS,0,PASS_NOT_ACCESSED,PASS,PASS_NOT_USED,c16-43,PASS,PASS_NONE
true,PASS_FULL_NORMALIZED_FRAME,PASS_NOT_ACCESSED,yfxyg8jm46,PASS,PASS,PASS_ROT90_FIXED,64,PASS_NOT_USED,PASS,0,PASS_NOT_ACCESSED,PASS,PASS_NOT_USED,c16-5,PASS,PASS_NONE
true,PASS_FULL_NORMALIZED_FRAME,PASS_NOT_ACCESSED,yfxyg8jm46,PASS,PASS,PASS_ROT90_FIXED,64,PASS_NOT_USED,PASS,0,PASS_NOT_ACCESSED,PASS,PASS_NOT_USED,c16-6,PASS,PASS_NONE
true,PASS_FULL_NORMALIZED_FRAME,PASS_NOT_ACCESSED,yfxyg8jm46,PASS,PASS,PASS_ROT90_FIXED,64,PASS_NOT_USED,PASS,0,PASS_NOT_ACCESSED,PASS,PASS_NOT_USED,c16-7,PASS,PASS_NONE
true,PASS_FULL_NORMALIZED_FRAME,PASS_NOT_ACCESSED,yfxyg8jm46,PASS,PASS,PASS_ROT90_FIXED,64,PASS_NOT_USED,PASS,0,PASS_NOT_ACCESSED,PASS,PASS_NOT_USED,c16-8,PASS,PASS_NONE
true,PASS_FULL_NORMALIZED_FRAME,PASS_NOT_ACCESSED,yfxyg8jm46,PASS,PASS,PASS_ROT90_FIXED,64,PASS_NOT_USED,PASS,0,PASS_NOT_ACCESSED,PASS,PASS_NOT_USED,c16-9,PASS,PASS_NONE
true,PASS_FULL_NORMALIZED_FRAME,PASS_NOT_ACCESSED,ykhs7s2dck,PASS,PASS,PASS_ROT90_FIXED,64,PASS_NOT_USED,PASS,0,PASS_NOT_ACCESSED,PASS,PASS_NOT_USED,q8-1,PASS,PASS_NONE
true,PASS_FULL_NORMALIZED_FRAME,PASS_NOT_ACCESSED,ykhs7s2dck,PASS,PASS,PASS_ROT90_FIXED,64,PASS_NOT_USED,PASS,0,PASS_NOT_ACCESSED,PASS,PASS_NOT_USED,q8-10,PASS,PASS_NONE
true,PASS_FULL_NORMALIZED_FRAME,PASS_NOT_ACCESSED,ykhs7s2dck,PASS,PASS,PASS_ROT90_FIXED,64,PASS_NOT_USED,PASS,0,PASS_NOT_ACCESSED,PASS,PASS_NOT_USED,q8-11,PASS,PASS_NONE
true,PASS_FULL_NORMALIZED_FRAME,PASS_NOT_ACCESSED,ykhs7s2dck,PASS,PASS,PASS_ROT90_FIXED,64,PASS_NOT_USED,PASS,0,PASS_NOT_ACCESSED,PASS,PASS_NOT_USED,q8-12,PASS,PASS_NONE
true,PASS_FULL_NORMALIZED_FRAME,PASS_NOT_ACCESSED,ykhs7s2dck,PASS,PASS,PASS_ROT90_FIXED,64,PASS_NOT_USED,PASS,0,PASS_NOT_ACCESSED,PASS,PASS_NOT_USED,q8-13,PASS,PASS_NONE
true,PASS_FULL_NORMALIZED_FRAME,PASS_NOT_ACCESSED,ykhs7s2dck,PASS,PASS,PASS_ROT90_FIXED,64,PASS_NOT_USED,PASS,0,PASS_NOT_ACCESSED,PASS,PASS_NOT_USED,q8-14,PASS,PASS_NONE
true,PASS_FULL_NORMALIZED_FRAME,PASS_NOT_ACCESSED,ykhs7s2dck,PASS,PASS,PASS_ROT90_FIXED,64,PASS_NOT_USED,PASS,0,PASS_NOT_ACCESSED,PASS,PASS_NOT_USED,q8-15,PASS,PASS_NONE
true,PASS_FULL_NORMALIZED_FRAME,PASS_NOT_ACCESSED,ykhs7s2dck,PASS,PASS,PASS_ROT90_FIXED,64,PASS_NOT_USED,PASS,0,PASS_NOT_ACCESSED,PASS,PASS_NOT_USED,q8-16,PASS,PASS_NONE
true,PASS_FULL_NORMALIZED_FRAME,PASS_NOT_ACCESSED,ykhs7s2dck,PASS,PASS,PASS_ROT90_FIXED,64,PASS_NOT_USED,PASS,0,PASS_NOT_ACCESSED,PASS,PASS_NOT_USED,q8-18,PASS,PASS_NONE
true,PASS_FULL_NORMALIZED_FRAME,PASS_NOT_ACCESSED,ykhs7s2dck,PASS,PASS,PASS_ROT90_FIXED,64,PASS_NOT_USED,PASS,0,PASS_NOT_ACCESSED,PASS,PASS_NOT_USED,q8-19,PASS,PASS_NONE
true,PASS_FULL_NORMALIZED_FRAME,PASS_NOT_ACCESSED,ykhs7s2dck,PASS,PASS,PASS_ROT90_FIXED,64,PASS_NOT_USED,PASS,0,PASS_NOT_ACCESSED,PASS,PASS_NOT_USED,q8-2,PASS,PASS_NONE
true,PASS_FULL_NORMALIZED_FRAME,PASS_NOT_ACCESSED,ykhs7s2dck,PASS,PASS,PASS_ROT90_FIXED,64,PASS_NOT_USED,PASS,0,PASS_NOT_ACCESSED,PASS,PASS_NOT_USED,q8-20,PASS,PASS_NONE
true,PASS_FULL_NORMALIZED_FRAME,PASS_NOT_ACCESSED,ykhs7s2dck,PASS,PASS,PASS_ROT90_FIXED,64,PASS_NOT_USED,PASS,0,PASS_NOT_ACCESSED,PASS,PASS_NOT_USED,q8-21,PASS,PASS_NONE
true,PASS_FULL_NORMALIZED_FRAME,PASS_NOT_ACCESSED,ykhs7s2dck,PASS,PASS,PASS_ROT90_FIXED,64,PASS_NOT_USED,PASS,0,PASS_NOT_ACCESSED,PASS,PASS_NOT_USED,q8-22,PASS,PASS_NONE
true,PASS_FULL_NORMALIZED_FRAME,PASS_NOT_ACCESSED,ykhs7s2dck,PASS,PASS,PASS_ROT90_FIXED,64,PASS_NOT_USED,PASS,0,PASS_NOT_ACCESSED,PASS,PASS_NOT_USED,q8-23,PASS,PASS_NONE
true,PASS_FULL_NORMALIZED_FRAME,PASS_NOT_ACCESSED,ykhs7s2dck,PASS,PASS,PASS_ROT90_FIXED,64,PASS_NOT_USED,PASS,0,PASS_NOT_ACCESSED,PASS,PASS_NOT_USED,q8-24,PASS,PASS_NONE
true,PASS_FULL_NORMALIZED_FRAME,PASS_NOT_ACCESSED,ykhs7s2dck,PASS,PASS,PASS_ROT90_FIXED,64,PASS_NOT_USED,PASS,0,PASS_NOT_ACCESSED,PASS,PASS_NOT_USED,q8-27,PASS,PASS_NONE
true,PASS_FULL_NORMALIZED_FRAME,PASS_NOT_ACCESSED,ykhs7s2dck,PASS,PASS,PASS_ROT90_FIXED,64,PASS_NOT_USED,PASS,0,PASS_NOT_ACCESSED,PASS,PASS_NOT_USED,q8-28,PASS,PASS_NONE
true,PASS_FULL_NORMALIZED_FRAME,PASS_NOT_ACCESSED,ykhs7s2dck,PASS,PASS,PASS_ROT90_FIXED,64,PASS_NOT_USED,PASS,0,PASS_NOT_ACCESSED,PASS,PASS_NOT_USED,q8-29,PASS,PASS_NONE
true,PASS_FULL_NORMALIZED_FRAME,PASS_NOT_ACCESSED,ykhs7s2dck,PASS,PASS,PASS_ROT90_FIXED,64,PASS_NOT_USED,PASS,0,PASS_NOT_ACCESSED,PASS,PASS_NOT_USED,q8-3,PASS,PASS_NONE
true,PASS_FULL_NORMALIZED_FRAME,PASS_NOT_ACCESSED,ykhs7s2dck,PASS,PASS,PASS_ROT90_FIXED,64,PASS_NOT_USED,PASS,0,PASS_NOT_ACCESSED,PASS,PASS_NOT_USED,q8-30,PASS,PASS_NONE
true,PASS_FULL_NORMALIZED_FRAME,PASS_NOT_ACCESSED,ykhs7s2dck,PASS,PASS,PASS_ROT90_FIXED,64,PASS_NOT_USED,PASS,0,PASS_NOT_ACCESSED,PASS,PASS_NOT_USED,q8-31,PASS,PASS_NONE
true,PASS_FULL_NORMALIZED_FRAME,PASS_NOT_ACCESSED,ykhs7s2dck,PASS,PASS,PASS_ROT90_FIXED,64,PASS_NOT_USED,PASS,0,PASS_NOT_ACCESSED,PASS,PASS_NOT_USED,q8-32,PASS,PASS_NONE
true,PASS_FULL_NORMALIZED_FRAME,PASS_NOT_ACCESSED,ykhs7s2dck,PASS,PASS,PASS_ROT90_FIXED,64,PASS_NOT_USED,PASS,0,PASS_NOT_ACCESSED,PASS,PASS_NOT_USED,q8-33,PASS,PASS_NONE
true,PASS_FULL_NORMALIZED_FRAME,PASS_NOT_ACCESSED,ykhs7s2dck,PASS,PASS,PASS_ROT90_FIXED,64,PASS_NOT_USED,PASS,0,PASS_NOT_ACCESSED,PASS,PASS_NOT_USED,q8-34,PASS,PASS_NONE
true,PASS_FULL_NORMALIZED_FRAME,PASS_NOT_ACCESSED,ykhs7s2dck,PASS,PASS,PASS_ROT90_FIXED,64,PASS_NOT_USED,PASS,0,PASS_NOT_ACCESSED,PASS,PASS_NOT_USED,q8-35,PASS,PASS_NONE
true,PASS_FULL_NORMALIZED_FRAME,PASS_NOT_ACCESSED,ykhs7s2dck,PASS,PASS,PASS_ROT90_FIXED,64,PASS_NOT_USED,PASS,0,PASS_NOT_ACCESSED,PASS,PASS_NOT_USED,q8-36,PASS,PASS_NONE
true,PASS_FULL_NORMALIZED_FRAME,PASS_NOT_ACCESSED,ykhs7s2dck,PASS,PASS,PASS_ROT90_FIXED,64,PASS_NOT_USED,PASS,0,PASS_NOT_ACCESSED,PASS,PASS_NOT_USED,q8-37,PASS,PASS_NONE
true,PASS_FULL_NORMALIZED_FRAME,PASS_NOT_ACCESSED,ykhs7s2dck,PASS,PASS,PASS_ROT90_FIXED,64,PASS_NOT_USED,PASS,0,PASS_NOT_ACCESSED,PASS,PASS_NOT_USED,q8-38,PASS,PASS_NONE
true,PASS_FULL_NORMALIZED_FRAME,PASS_NOT_ACCESSED,ykhs7s2dck,PASS,PASS,PASS_ROT90_FIXED,64,PASS_NOT_USED,PASS,0,PASS_NOT_ACCESSED,PASS,PASS_NOT_USED,q8-39,PASS,PASS_NONE
true,PASS_FULL_NORMALIZED_FRAME,PASS_NOT_ACCESSED,ykhs7s2dck,PASS,PASS,PASS_ROT90_FIXED,64,PASS_NOT_USED,PASS,0,PASS_NOT_ACCESSED,PASS,PASS_NOT_USED,q8-4,PASS,PASS_NONE
true,PASS_FULL_NORMALIZED_FRAME,PASS_NOT_ACCESSED,ykhs7s2dck,PASS,PASS,PASS_ROT90_FIXED,64,PASS_NOT_USED,PASS,0,PASS_NOT_ACCESSED,PASS,PASS_NOT_USED,q8-40,PASS,PASS_NONE
true,PASS_FULL_NORMALIZED_FRAME,PASS_NOT_ACCESSED,ykhs7s2dck,PASS,PASS,PASS_ROT90_FIXED,64,PASS_NOT_USED,PASS,0,PASS_NOT_ACCESSED,PASS,PASS_NOT_USED,q8-41,PASS,PASS_NONE
true,PASS_FULL_NORMALIZED_FRAME,PASS_NOT_ACCESSED,ykhs7s2dck,PASS,PASS,PASS_ROT90_FIXED,64,PASS_NOT_USED,PASS,0,PASS_NOT_ACCESSED,PASS,PASS_NOT_USED,q8-5,PASS,PASS_NONE
true,PASS_FULL_NORMALIZED_FRAME,PASS_NOT_ACCESSED,ykhs7s2dck,PASS,PASS,PASS_ROT90_FIXED,64,PASS_NOT_USED,PASS,0,PASS_NOT_ACCESSED,PASS,PASS_NOT_USED,q8-6,PASS,PASS_NONE
true,PASS_FULL_NORMALIZED_FRAME,PASS_NOT_ACCESSED,ykhs7s2dck,PASS,PASS,PASS_ROT90_FIXED,64,PASS_NOT_USED,PASS,0,PASS_NOT_ACCESSED,PASS,PASS_NOT_USED,q8-7,PASS,PASS_NONE
true,PASS_FULL_NORMALIZED_FRAME,PASS_NOT_ACCESSED,ykhs7s2dck,PASS,PASS,PASS_ROT90_FIXED,64,PASS_NOT_USED,PASS,0,PASS_NOT_ACCESSED,PASS,PASS_NOT_USED,q8-8,PASS,PASS_NONE
true,PASS_FULL_NORMALIZED_FRAME,PASS_NOT_ACCESSED,ykhs7s2dck,PASS,PASS,PASS_ROT90_FIXED,64,PASS_NOT_USED,PASS,0,PASS_NOT_ACCESSED,PASS,PASS_NOT_USED,q8-9,PASS,PASS_NONE
