specimen_id,domain_id,primary,status,error,width_mm,thickness_mm,peak_row,extension_at_peak_mm,raw_peak_mpa,published_peak_mpa,signed_error_mpa,absolute_error_mpa,absolute_tolerance_mpa,passed
c16-1,yfxyg8jm46,true,PASS,,50.136333329999999,3.0750000000000002,2079,-0.61281249999999998,213.34105430047239,213.34105430047239,0,0,0.0050000000000000001,true
c16-10,yfxyg8jm46,true,PASS,,50.155666670000002,3.0920000000000001,2223,-0.64875000000000005,245.08319035907371,245.08319035907371,0,0,0.0050000000000000001,true
c16-11,yfxyg8jm46,true,PASS,,50.150333330000002,3.0859999999999999,2147,-0.60499999999999998,226.25184889009029,226.25184889009029,0,0,0.0050000000000000001,true
c16-12,yfxyg8jm46,true,PASS,,50.148666669999997,3.081,2583,-0.7628125,268.03815167916792,268.03815167916792,0,0,0.0050000000000000001,true
c16-13,yfxyg8jm46,true,PASS,,50.141333330000002,3.1110000000000002,4348,-1.3553120000000001,510.90123986463789,510.901239864638,-1.1368683772161603e-13,1.1368683772161603e-13,0.0050000000000000001,true
c16-14,yfxyg8jm46,true,PASS,,50.149333329999997,3.1099999999999999,4140,-1.2887500000000001,508.22887436170475,508.22887436170481,-5.6843418860808015e-14,5.6843418860808015e-14,0.0050000000000000001,true
c16-15,yfxyg8jm46,true,PASS,,50.140666670000002,3.105,3991,-1.2403120000000001,485.39978698881168,485.39978698881168,0,0,0.0050000000000000001,true
c16-16,yfxyg8jm46,true,PASS,,50.134999999999998,3.085,4027,-1.2271879999999999,499.25977817752687,499.25977817752693,-5.6843418860808015e-14,5.6843418860808015e-14,0.0050000000000000001,true
c16-17,yfxyg8jm46,true,PASS,,50.134333329999997,3.0960000000000001,4156,-1.2925,512.54205951489291,512.54205951489291,0,0,0.0050000000000000001,true
c16-18,yfxyg8jm46,true,PASS,,50.138333330000002,3.0990000000000002,4426,-1.38375,542.12306909644292,542.12306909644303,-1.1368683772161603e-13,1.1368683772161603e-13,0.0050000000000000001,true
c16-19,yfxyg8jm46,true,PASS,,50.139333329999999,3.1059999999999999,2283,-0.68281250000000004,247.97093230847486,247.9709323084748,5.6843418860808015e-14,5.6843418860808015e-14,0.0050000000000000001,true
c16-2,yfxyg8jm46,true,PASS,,50.135333330000002,3.0659999999999998,2229,-0.65187499999999998,245.73702444542886,245.7370244454288,5.6843418860808015e-14,5.6843418860808015e-14,0.0050000000000000001,true
c16-20,yfxyg8jm46,true,PASS,,50.152333329999998,3.0680000000000001,2256,-0.64406249999999998,239.29912959780904,239.29912959780901,2.8421709430404007e-14,2.8421709430404007e-14,0.0050000000000000001,true
c16-21,yfxyg8jm46,true,PASS,,50.151000000000003,3.0329999999999999,2215,-0.62875000000000003,207.70606102902565,207.70606102902559,5.6843418860808015e-14,5.6843418860808015e-14,0.0050000000000000001,true
c16-22,yfxyg8jm46,true,PASS,,50.147333330000002,3.048,3999,-1.2284379999999999,488.58458234515172,488.58458234515172,0,0,0.0050000000000000001,true
c16-23,yfxyg8jm46,true,PASS,,50.145666669999997,3.073,4176,-1.282813,506.42617370505008,506.42617370505008,0,0,0.0050000000000000001,true
c16-24,yfxyg8jm46,true,PASS,,50.145000000000003,3.0800000000000001,4587,-1.4321870000000001,523.44143542169263,523.44143542169263,0,0,0.0050000000000000001,true
c16-25,yfxyg8jm46,true,PASS,,50.14533333,3.1099999999999999,1896,-0.53656250000000005,199.5304815742978,199.5304815742978,0,0,0.0050000000000000001,true
c16-26,yfxyg8jm46,true,PASS,,50.147333330000002,3.1379999999999999,1852,-0.5390625,200.6218680217481,200.6218680217481,0,0,0.0050000000000000001,true
c16-27,yfxyg8jm46,true,PASS,,50.142666669999997,3.1269999999999998,2132,-0.62406249999999996,227.70413771228576,227.70413771228581,-5.6843418860808015e-14,5.6843418860808015e-14,0.0050000000000000001,true
c16-28,yfxyg8jm46,true,PASS,,50.145666669999997,3.1259999999999999,4189,-1.3031250000000001,493.40419973699107,493.40419973699102,5.6843418860808015e-14,5.6843418860808015e-14,0.0050000000000000001,true
c16-29,yfxyg8jm46,true,PASS,,50.145000000000003,3.1269999999999998,3931,-1.2253130000000001,477.11014457178754,477.11014457178749,5.6843418860808015e-14,5.6843418860808015e-14,0.0050000000000000001,true
c16-3,yfxyg8jm46,true,PASS,,50.137,3.0899999999999999,1796,-0.51718750000000002,192.23218349360292,192.23218349360289,2.8421709430404007e-14,2.8421709430404007e-14,0.0050000000000000001,true
c16-30,yfxyg8jm46,true,PASS,,50.148666669999997,3.0920000000000001,4119,-1.2896879999999999,508.97742309301339,508.97742309301339,0,0,0.0050000000000000001,true
c16-32,yfxyg8jm46,true,PASS,,50.143999999999998,3.1030000000000002,1980,-0.56062500000000004,212.33771006340285,212.3377100634028,5.6843418860808015e-14,5.6843418860808015e-14,0.0050000000000000001,true
c16-33,yfxyg8jm46,true,PASS,,50.15133333,3.1379999999999999,1754,-0.50624999999999998,186.50736544435432,186.50736544435429,2.8421709430404007e-14,2.8421709430404007e-14,0.0050000000000000001,true
c16-34,yfxyg8jm46,true,PASS,,50.149666670000002,3.1400000000000001,1995,-0.57999999999999996,195.42426568713805,195.42426568713799,5.6843418860808015e-14,5.6843418860808015e-14,0.0050000000000000001,true
c16-35,yfxyg8jm46,true,PASS,,50.144333330000002,3.1099999999999999,2184,-0.65281250000000002,238.65994291210845,238.65994291210839,5.6843418860808015e-14,5.6843418860808015e-14,0.0050000000000000001,true
c16-36,yfxyg8jm46,true,PASS,,50.144333330000002,3.1480000000000001,2482,-0.75,273.39282638974959,273.39282638974959,0,0,0.0050000000000000001,true
c16-37,yfxyg8jm46,true,PASS,,50.143333329999997,3.125,2673,-0.81156249999999996,293.15960914000931,293.15960914000931,0,0,0.0050000000000000001,true
c16-38,yfxyg8jm46,true,PASS,,50.143666670000002,3.129,3077,-0.93000000000000005,373.59703292490605,373.59703292490622,-1.7053025658242404e-13,1.7053025658242404e-13,0.0050000000000000001,true
c16-39,yfxyg8jm46,true,PASS,,50.145666669999997,3.133,2107,-0.62,234.76339079535219,234.76339079535211,8.5265128291212022e-14,8.5265128291212022e-14,0.0050000000000000001,true
c16-4,yfxyg8jm46,true,PASS,,50.148000000000003,3.089,1872,-0.55531249999999999,210.86225110351893,210.8622511035189,2.8421709430404007e-14,2.8421709430404007e-14,0.0050000000000000001,true
c16-40,yfxyg8jm46,true,PASS,,50.14233333,3.1030000000000002,3991,-1.23,475.05165023988474,475.05165023988479,-5.6843418860808015e-14,5.6843418860808015e-14,0.0050000000000000001,true
c16-41,yfxyg8jm46,true,PASS,,50.144333330000002,3.1360000000000001,2415,-0.71406250000000004,275.63132131167202,275.63132131167202,0,0,0.0050000000000000001,true
c16-42,yfxyg8jm46,true,PASS,,50.152666670000002,3.1240000000000001,2827,-0.83625000000000005,322.66843485845459,322.66843485845482,-2.2737367544323206e-13,2.2737367544323206e-13,0.0050000000000000001,true
c16-43,yfxyg8jm46,true,PASS,,50.149999999999999,3.1429999999999998,2067,-0.61499999999999999,238.65533529859044,238.65533529859039,5.6843418860808015e-14,5.6843418860808015e-14,0.0050000000000000001,true
c16-44,,false,PASS,,50.136000000000003,3.1499999999999999,2081,-0.54125000000000001,204.60221214170471,204.60221214170471,0,0,0.0050000000000000001,true
c16-45,,false,PASS,,50.155999999999999,3.1200000000000001,1724,-0.45874999999999999,144.03179068485812,144.03179068485809,2.8421709430404007e-14,2.8421709430404007e-14,0.0050000000000000001,true
c16-46,,false,PASS,,50.149999999999999,3.1400000000000001,1810,-0.48218749999999999,137.42609750366734,137.42609750366731,2.8421709430404007e-14,2.8421709430404007e-14,0.0050000000000000001,true
c16-47,,false,PASS,,50.155000000000001,3.1200000000000001,2152,-0.65218750000000003,189.16726736859329,189.16726736859329,0,0,0.0050000000000000001,true
c16-48,,false,PASS,,50.165999999999997,3.0899999999999999,2260,-0.65687499999999999,205.4768782528736,205.4768782528736,0,0,0.0050000000000000001,true
c16-49,,false,PASS,,50.167999999999999,3.1000000000000001,2286,-0.65937500000000004,226.70809949537295,226.70809949537289,5.6843418860808015e-14,5.6843418860808015e-14,0.0050000000000000001,true
c16-5,yfxyg8jm46,true,PASS,,50.136333329999999,3.0870000000000002,2344,-0.68812499999999999,270.71277973174568,270.7127797317458,-1.1368683772161603e-13,1.1368683772161603e-13,0.0050000000000000001,true
c16-50,,false,PASS,,50.173999999999999,3.0630000000000002,2044,-0.55031249999999998,181.53248503890759,181.53248503890751,8.5265128291212022e-14,8.5265128291212022e-14,0.0050000000000000001,true
c16-51,,false,PASS,,50.161999999999999,3.0579999999999998,1891,-0.51406249999999998,169.34390260317855,169.34390260317849,5.6843418860808015e-14,5.6843418860808015e-14,0.0050000000000000001,true
c16-52,,false,PASS,,50.164999999999999,3.0790000000000002,1721,-0.47187499999999999,162.00808200104322,162.00808200104319,2.8421709430404007e-14,2.8421709430404007e-14,0.0050000000000000001,true
c16-53,,false,PASS,,50.158999999999999,3.0499999999999998,2040,-0.61781249999999999,206.00474098922805,206.004740989228,5.6843418860808015e-14,5.6843418860808015e-14,0.0050000000000000001,true
c16-54,,false,PASS,,50.162999999999997,3.0899999999999999,2036,-0.56718749999999996,197.52548439659532,197.52548439659529,2.8421709430404007e-14,2.8421709430404007e-14,0.0050000000000000001,true
c16-55,,false,PASS,,50.158000000000001,3.0899999999999999,1885,-0.56187500000000001,195.07530959449696,195.07530959449701,-5.6843418860808015e-14,5.6843418860808015e-14,0.0050000000000000001,true
c16-6,yfxyg8jm46,true,PASS,,50.143666670000002,3.0950000000000002,2020,-0.604375,219.68379943427985,219.68379943427979,5.6843418860808015e-14,5.6843418860808015e-14,0.0050000000000000001,true
c16-61,,false,PASS,,50.109999999999999,3.0910000000000002,3936,-1.2168749999999999,474.47992288205023,474.4799228820504,-1.7053025658242404e-13,1.7053025658242404e-13,0.0050000000000000001,true
c16-62,,false,PASS,,50.079999999999998,3.0870000000000002,4257,-1.330938,531.87704984625827,531.87704984625827,0,0,0.0050000000000000001,true
c16-66,,false,PASS,,50.060000000000002,3.0870000000000002,3398,-1.0487500000000001,425.97490073783825,425.97490073783831,-5.6843418860808015e-14,5.6843418860808015e-14,0.0050000000000000001,true
c16-67,,false,PASS,,50.060000000000002,3.0819999999999999,3972,-1.2246870000000001,487.63271873881126,487.63271873881132,-5.6843418860808015e-14,5.6843418860808015e-14,0.0050000000000000001,true
c16-7,yfxyg8jm46,true,PASS,,50.146999999999998,3.089,2069,-0.56999999999999995,212.48035792574944,212.48035792574939,5.6843418860808015e-14,5.6843418860808015e-14,0.0050000000000000001,true
c16-8,yfxyg8jm46,true,PASS,,50.151666669999997,3.0950000000000002,2014,-0.58875,218.18920946418811,218.18920946418811,0,0,0.0050000000000000001,true
c16-9,yfxyg8jm46,true,PASS,,50.152999999999999,3.0950000000000002,1878,-0.52656250000000004,180.33460583151907,180.3346058315191,-2.8421709430404007e-14,2.8421709430404007e-14,0.0050000000000000001,true
c24-1,,false,PASS,,50.15066667,4.5789999999999997,2465,-0.72281249999999997,230.11571326605599,230.11571326605599,0,0,0.0050000000000000001,true
c24-10,xcmzfsbd9t,true,PASS,,50.15433333,4.5659999999999998,3054,-0.91218750000000004,299.32520684120732,299.32520684120732,0,0,0.0050000000000000001,true
c24-10t,xcmzfsbd9t,true,PASS,,50.164999999999999,4.532,3549,-1.1000000000000001,358.96270902667271,358.96270902667271,0,0,0.0050000000000000001,true
c24-11,xcmzfsbd9t,true,PASS,,50.158333329999998,4.6020000000000003,3329,-1.009063,325.32248490380391,325.32248490380391,0,0,0.0050000000000000001,true
c24-11t,xcmzfsbd9t,true,PASS,,50.161666670000002,4.6230000000000002,5605,-1.7250000000000001,566.05047526205249,566.05047526205249,0,0,0.0050000000000000001,true
c24-12,xcmzfsbd9t,true,PASS,,50.161333329999998,4.6219999999999999,3012,-0.91781250000000003,297.10635200230524,297.10635200230519,5.6843418860808015e-14,5.6843418860808015e-14,0.0050000000000000001,true
c24-12t,xcmzfsbd9t,true,PASS,,50.161333329999998,4.5869999999999997,4532,-1.397813,431.89614697875794,431.89614697875788,5.6843418860808015e-14,5.6843418860808015e-14,0.0050000000000000001,true
c24-13,xcmzfsbd9t,true,PASS,,50.164666670000003,4.6180000000000003,5553,-1.67625,491.96468151445009,491.96468151445009,0,0,0.0050000000000000001,true
c24-14,xcmzfsbd9t,true,PASS,,50.16866667,4.6219999999999999,5575,-1.7796879999999999,549.68596828302179,549.68596828302191,-1.1368683772161603e-13,1.1368683772161603e-13,0.0050000000000000001,true
c24-15,xcmzfsbd9t,true,PASS,,50.167333329999998,4.5679999999999996,5257,-1.653125,480.89116488570608,480.89116488570602,5.6843418860808015e-14,5.6843418860808015e-14,0.0050000000000000001,true
c24-16,xcmzfsbd9t,true,PASS,,50.167333329999998,4.5999999999999996,5049,-1.587188,535.47024223371818,535.47024223371818,0,0,0.0050000000000000001,true
c24-17,xcmzfsbd9t,true,PASS,,50.168333330000003,4.6230000000000002,5195,-1.643438,539.73459160914604,539.73459160914592,1.1368683772161603e-13,1.1368683772161603e-13,0.0050000000000000001,true
c24-18,xcmzfsbd9t,true,PASS,,50.166666669999998,4.6230000000000002,5459,-1.7090620000000001,552.82284227345576,552.82284227345576,0,0,0.0050000000000000001,true
c24-19,,false,PASS,,50.160666669999998,4.633,5701,-1.8174999999999999,592.1373042745048,592.1373042745048,0,0,0.0050000000000000001,true
c24-2,xcmzfsbd9t,true,PASS,,50.146999999999998,4.5949999999999998,2386,-0.70906250000000004,208.41207806611135,208.41207806611129,5.6843418860808015e-14,5.6843418860808015e-14,0.0050000000000000001,true
c24-20,xcmzfsbd9t,true,PASS,,50.158999999999999,4.5819999999999999,4814,-1.50875,494.15240591227189,494.15240591227189,0,0,0.0050000000000000001,true
c24-21,xcmzfsbd9t,true,PASS,,50.16566667,4.5810000000000004,5277,-1.660938,535.94123120963889,535.94123120963889,0,0,0.0050000000000000001,true
c24-23,,false,PASS,,50.163666669999998,4.5720000000000001,3926,-1.233438,410.26576851888524,410.2657685188853,-5.6843418860808015e-14,5.6843418860808015e-14,0.0050000000000000001,true
c24-24,xcmzfsbd9t,true,PASS,,50.162999999999997,4.5810000000000004,3978,-1.25125,405.89551017187569,405.89551017187563,5.6843418860808015e-14,5.6843418860808015e-14,0.0050000000000000001,true
c24-25,xcmzfsbd9t,true,PASS,,50.15433333,4.5259999999999998,4195,-1.3062499999999999,426.31755102526847,426.31755102526841,5.6843418860808015e-14,5.6843418860808015e-14,0.0050000000000000001,true
c24-26,xcmzfsbd9t,true,PASS,,50.153333330000002,4.5549999999999997,3003,-0.88406249999999997,271.90906541911858,271.90906541911858,0,0,0.0050000000000000001,true
c24-27,xcmzfsbd9t,true,PASS,,50.158666670000002,4.5880000000000001,2924,-0.89906249999999999,284.42056426865912,284.42056426865912,0,0,0.0050000000000000001,true
c24-28,xcmzfsbd9t,true,PASS,,50.15066667,4.5780000000000003,3150,-0.96875,302.8840546653754,302.88405466537552,-1.1368683772161603e-13,1.1368683772161603e-13,0.0050000000000000001,true
c24-29,xcmzfsbd9t,true,PASS,,50.16566667,4.585,5684,-1.7890630000000001,568.2848038076213,568.28480380762119,1.1368683772161603e-13,1.1368683772161603e-13,0.0050000000000000001,true
c24-3,xcmzfsbd9t,true,PASS,,50.143333329999997,4.5880000000000001,2579,-0.77593749999999995,247.69610611070163,247.69610611070161,2.8421709430404007e-14,2.8421709430404007e-14,0.0050000000000000001,true
c24-30,xcmzfsbd9t,true,PASS,,50.171333330000003,4.5019999999999998,4942,-1.5700000000000001,515.43446651196678,515.43446651196678,0,0,0.0050000000000000001,true
c24-31,xcmzfsbd9t,true,PASS,,50.170000000000002,4.5899999999999999,5089,-1.5840620000000001,514.96339461082857,514.96339461082857,0,0,0.0050000000000000001,true
c24-32,xcmzfsbd9t,true,PASS,,50.14533333,4.6150000000000002,2316,-0.68187500000000001,214.5376240880727,214.5376240880727,0,0,0.0050000000000000001,true
c24-33,xcmzfsbd9t,true,PASS,,50.164666670000003,4.6109999999999998,2506,-0.73875000000000002,230.41390927889427,230.41390927889421,5.6843418860808015e-14,5.6843418860808015e-14,0.0050000000000000001,true
c24-34,xcmzfsbd9t,true,PASS,,50.15366667,4.6269999999999998,3199,-0.97593750000000001,282.21963438150442,282.21963438150442,0,0,0.0050000000000000001,true
c24-35,xcmzfsbd9t,true,PASS,,50.162333330000003,4.5640000000000001,3947,-1.190625,403.48843002720344,403.48843002720338,5.6843418860808015e-14,5.6843418860808015e-14,0.0050000000000000001,true
c24-36,xcmzfsbd9t,true,PASS,,50.16266667,4.5919999999999996,3820,-1.192188,376.70758921726917,376.70758921726917,0,0,0.0050000000000000001,true
c24-37,xcmzfsbd9t,true,PASS,,50.165999999999997,4.6100000000000003,3916,-1.200313,381.19106172712668,381.19106172712662,5.6843418860808015e-14,5.6843418860808015e-14,0.0050000000000000001,true
c24-39,xcmzfsbd9t,true,PASS,,50.152666670000002,4.6180000000000003,2570,-0.7471875,246.5472307600387,246.5472307600387,0,0,0.0050000000000000001,true
c24-4,,false,PASS,,50.140666670000002,4.5960000000000001,3287,-0.99437500000000001,324.84491496136286,324.84491496136292,-5.6843418860808015e-14,5.6843418860808015e-14,0.0050000000000000001,true
c24-40,xcmzfsbd9t,true,PASS,,50.158666670000002,4.5590000000000002,2583,-0.77437500000000004,240.44941079164948,240.44941079164951,-2.8421709430404007e-14,2.8421709430404007e-14,0.0050000000000000001,true
c24-41,xcmzfsbd9t,true,PASS,,50.168999999999997,4.5979999999999999,2538,-0.72062499999999996,220.27547758519663,220.2754775851966,2.8421709430404007e-14,2.8421709430404007e-14,0.0050000000000000001,true
c24-42,xcmzfsbd9t,true,PASS,,50.16033333,4.6189999999999998,3030,-0.91249999999999998,301.55390911948552,301.55390911948558,-5.6843418860808015e-14,5.6843418860808015e-14,0.0050000000000000001,true
c24-43,xcmzfsbd9t,true,PASS,,50.16333333,4.6189999999999998,3097,-0.94312499999999999,301.3672332269399,301.3672332269399,0,0,0.0050000000000000001,true
c24-44,xcmzfsbd9t,true,PASS,,50.161666670000002,4.6280000000000001,3398,-1.034375,308.22854560191308,308.22854560191308,0,0,0.0050000000000000001,true
c24-45,xcmzfsbd9t,true,PASS,,50.16033333,4.5730000000000004,3736,-1.1431249999999999,351.86076609199603,351.86076609199603,0,0,0.0050000000000000001,true
c24-46,xcmzfsbd9t,true,PASS,,50.155999999999999,4.5410000000000004,2780,-0.84312500000000001,271.08638401194219,271.08638401194219,0,0,0.0050000000000000001,true
c24-47,xcmzfsbd9t,true,PASS,,50.167999999999999,4.5510000000000002,4826,-1.4893749999999999,480.59384016178939,480.59384016178939,0,0,0.0050000000000000001,true
c24-48,xcmzfsbd9t,true,PASS,,50.149999999999999,4.5460000000000003,2881,-0.8878125,300.73659356291006,300.73659356291012,-5.6843418860808015e-14,5.6843418860808015e-14,0.0050000000000000001,true
c24-49,xcmzfsbd9t,true,PASS,,50.166333330000001,4.5510000000000002,3635,-1.11375,364.40114057101778,364.40114057101778,0,0,0.0050000000000000001,true
c24-5,xcmzfsbd9t,true,PASS,,50.149333329999997,4.5270000000000001,3077,-0.91718750000000004,310.39942593316317,310.39942593316317,0,0,0.0050000000000000001,true
c24-50,xcmzfsbd9t,true,PASS,,50.155666670000002,4.4820000000000002,2876,-0.85875000000000001,292.1376667995749,292.1376667995749,0,0,0.0050000000000000001,true
c24-51,xcmzfsbd9t,true,PASS,,50.143000000000001,4.5499999999999998,3086,-0.92874999999999996,263.29236844164154,263.2923684416416,-5.6843418860808015e-14,5.6843418860808015e-14,0.0050000000000000001,true
c24-52,xcmzfsbd9t,true,PASS,,50.138333330000002,4.5899999999999999,2791,-0.77937500000000004,252.29761930493456,252.29761930493461,-5.6843418860808015e-14,5.6843418860808015e-14,0.0050000000000000001,true
c24-53,xcmzfsbd9t,true,PASS,,50.15366667,4.5800000000000001,2696,-0.79843750000000002,242.29573743057736,242.29573743057739,-2.8421709430404007e-14,2.8421709430404007e-14,0.0050000000000000001,true
c24-54,xcmzfsbd9t,true,PASS,,50.161999999999999,4.5990000000000002,3222,-0.95874999999999999,297.09817599111085,297.09817599111079,5.6843418860808015e-14,5.6843418860808015e-14,0.0050000000000000001,true
c24-55,xcmzfsbd9t,true,PASS,,50.15666667,4.5339999999999998,2689,-0.80093749999999997,254.73645302423859,254.73645302423861,-2.8421709430404007e-14,2.8421709430404007e-14,0.0050000000000000001,true
c24-56,xcmzfsbd9t,true,PASS,,50.15733333,4.6040000000000001,2491,-0.73750000000000004,230.256671013469,230.256671013469,0,0,0.0050000000000000001,true
c24-57,xcmzfsbd9t,true,PASS,,50.150333330000002,4.6299999999999999,2750,-0.82125000000000004,260.62298106065464,260.62298106065458,5.6843418860808015e-14,5.6843418860808015e-14,0.0050000000000000001,true
c24-58,xcmzfsbd9t,true,PASS,,50.154000000000003,4.6200000000000001,2897,-0.87562499999999999,263.08989955957298,263.08989955957298,0,0,0.0050000000000000001,true
c24-59,xcmzfsbd9t,true,PASS,,50.160666669999998,4.6299999999999999,3025,-0.91312499999999996,285.09232663088716,285.09232663088721,-5.6843418860808015e-14,5.6843418860808015e-14,0.0050000000000000001,true
c24-6,xcmzfsbd9t,true,PASS,,50.14766667,4.609,3040,-0.9403125,291.26531172278737,291.26531172278737,0,0,0.0050000000000000001,true
c24-60,,false,PASS,,50.158999999999999,4.8700000000000001,2160,-0.64718750000000003,183.09977556790355,183.09977556790349,5.6843418860808015e-14,5.6843418860808015e-14,0.0050000000000000001,true
c24-61,,false,PASS,,50.159999999999997,4.6299999999999999,2408,-0.71375,213.78005070599139,213.78005070599141,-2.8421709430404007e-14,2.8421709430404007e-14,0.0050000000000000001,true
c24-62,,false,PASS,,50.164999999999999,4.6200000000000001,2247,-0.66062500000000002,196.59150776463642,196.59150776463639,2.8421709430404007e-14,2.8421709430404007e-14,0.0050000000000000001,true
c24-63,,false,PASS,,50.165999999999997,4.6200000000000001,2114,-0.53718750000000004,163.92417002391883,163.9241700239188,2.8421709430404007e-14,2.8421709430404007e-14,0.0050000000000000001,true
c24-64,,false,PASS,,50.167000000000002,4.6299999999999999,2429,-0.69968750000000002,212.4384038951371,212.4384038951371,0,0,0.0050000000000000001,true
c24-65,,false,PASS,,50.170000000000002,4.6299999999999999,2580,-0.73375000000000001,217.94150428499904,217.94150428499901,2.8421709430404007e-14,2.8421709430404007e-14,0.0050000000000000001,true
c24-66,,false,PASS,,50.177,4.6280000000000001,2553,-0.72999999999999998,200.10730725418708,200.10730725418711,-2.8421709430404007e-14,2.8421709430404007e-14,0.0050000000000000001,true
c24-67,,false,PASS,,50.165999999999997,4.6210000000000004,2771,-0.6903125,205.13889127223345,205.13889127223351,-5.6843418860808015e-14,5.6843418860808015e-14,0.0050000000000000001,true
c24-68,,false,PASS,,50.176000000000002,4.6159999999999997,2409,-0.676875,200.93514762179245,200.9351476217924,5.6843418860808015e-14,5.6843418860808015e-14,0.0050000000000000001,true
c24-69,,false,PASS,,50.173000000000002,4.6200000000000001,2527,-0.70906250000000004,215.2657864395253,215.2657864395253,0,0,0.0050000000000000001,true
c24-6t,xcmzfsbd9t,true,PASS,,50.132666669999999,4.6890000000000001,3115,-0.88156250000000003,264.84558091685727,264.84558091685727,0,0,0.0050000000000000001,true
c24-7,xcmzfsbd9t,true,PASS,,50.140666670000002,4.6230000000000002,2703,-0.7890625,250.28278434315047,250.2827843431505,-2.8421709430404007e-14,2.8421709430404007e-14,0.0050000000000000001,true
c24-70,,false,PASS,,50.165999999999997,4.6299999999999999,2516,-0.72499999999999998,224.01329529805537,224.01329529805531,5.6843418860808015e-14,5.6843418860808015e-14,0.0050000000000000001,true
c24-71,,false,PASS,,50.167000000000002,4.6299999999999999,2325,-0.66843750000000002,213.38018275977672,213.38018275977669,2.8421709430404007e-14,2.8421709430404007e-14,0.0050000000000000001,true
c24-73,,false,PASS,,50.109999999999999,4.6379999999999999,5177,-1.639688,527.08534540096309,527.08534540096309,0,0,0.0050000000000000001,true
c24-74,,false,PASS,,50.109999999999999,4.6479999999999997,5062,-1.5774999999999999,512.50061826116803,512.50061826116803,0,0,0.0050000000000000001,true
c24-75,,false,PASS,,50.100000000000001,4.6459999999999999,5242,-1.665313,544.57518454266665,544.57518454266665,0,0,0.0050000000000000001,true
c24-8,xcmzfsbd9t,true,PASS,,50.14233333,4.617,2638,-0.75468749999999996,216.31351063839077,216.3135106383908,-2.8421709430404007e-14,2.8421709430404007e-14,0.0050000000000000001,true
c24-8t,xcmzfsbd9t,true,PASS,,50.164999999999999,4.6980000000000004,3275,-0.99250000000000005,319.36170874513425,319.36170874513431,-5.6843418860808015e-14,5.6843418860808015e-14,0.0050000000000000001,true
c24-9,xcmzfsbd9t,true,PASS,,50.149999999999999,4.625,2596,-0.77781250000000002,248.41022877314006,248.41022877314009,-2.8421709430404007e-14,2.8421709430404007e-14,0.0050000000000000001,true
c24-9t,xcmzfsbd9t,true,PASS,,50.140333329999997,4.6689999999999996,2891,-0.88843749999999999,278.25362469317793,278.25362469317793,0,0,0.0050000000000000001,true
c8-10t,74t7kcdgkr,true,PASS,,50.134999999999998,1.5149999999999999,1891,-0.47031250000000002,204.17233206316547,204.1723320631655,-2.8421709430404007e-14,2.8421709430404007e-14,0.0050000000000000001,true
c8-11,74t7kcdgkr,true,PASS,,50.140999999999998,1.5269999999999999,1556,-0.41875000000000001,196.72748128600858,196.7274812860085,8.5265128291212022e-14,8.5265128291212022e-14,0.0050000000000000001,true
c8-11t,,false,PASS,,50.147333330000002,1.5329999999999999,2036,-0.5809375,262.59868151256472,262.59868151256472,0,0,0.0050000000000000001,true
c8-12,74t7kcdgkr,true,PASS,,50.146333329999997,1.544,1556,-0.43312499999999998,197.97144555146275,197.97144555146281,-5.6843418860808015e-14,5.6843418860808015e-14,0.0050000000000000001,true
c8-12t,74t7kcdgkr,true,PASS,,50.14533333,1.542,2292,-0.60562499999999997,258.14637957300965,258.14637957300971,-5.6843418860808015e-14,5.6843418860808015e-14,0.0050000000000000001,true
c8-13,74t7kcdgkr,true,PASS,,50.140999999999998,1.542,2417,-0.69718749999999996,266.55538256306585,266.55538256306579,5.6843418860808015e-14,5.6843418860808015e-14,0.0050000000000000001,true
c8-14,74t7kcdgkr,true,PASS,,50.15133333,1.5489999999999999,2310,-0.66937500000000005,264.99443180510247,264.99443180510241,5.6843418860808015e-14,5.6843418860808015e-14,0.0050000000000000001,true
c8-15,74t7kcdgkr,true,PASS,,50.144333330000002,1.5189999999999999,2255,-0.67656249999999996,275.70183656935114,275.70183656935109,5.6843418860808015e-14,5.6843418860808015e-14,0.0050000000000000001,true
c8-16,74t7kcdgkr,true,PASS,,50.139666669999997,1.5329999999999999,1974,-0.57125000000000004,264.16344068530248,264.16344068530248,0,0,0.0050000000000000001,true
c8-17,74t7kcdgkr,true,PASS,,50.139000000000003,1.544,2238,-0.65281250000000002,274.49596856490251,274.49596856490263,-1.1368683772161603e-13,1.1368683772161603e-13,0.0050000000000000001,true
c8-18,74t7kcdgkr,true,PASS,,50.133333329999999,1.546,2404,-0.69843750000000004,270.34150847493999,270.34150847493999,0,0,0.0050000000000000001,true
c8-19,74t7kcdgkr,true,PASS,,50.136000000000003,1.55,2104,-0.61531250000000004,254.65009368067243,254.65009368067251,-8.5265128291212022e-14,8.5265128291212022e-14,0.0050000000000000001,true
c8-2,74t7kcdgkr,true,PASS,,50.171999999999997,1.5289999999999999,1588,-0.35531249999999998,163.86159407582977,163.86159407582969,8.5265128291212022e-14,8.5265128291212022e-14,0.0050000000000000001,true
c8-20,74t7kcdgkr,true,PASS,,50.133333329999999,1.528,1718,-0.47593750000000001,209.17306251042666,209.1730625104266,5.6843418860808015e-14,5.6843418860808015e-14,0.0050000000000000001,true
c8-21,74t7kcdgkr,true,PASS,,50.138666669999999,1.5089999999999999,2124,-0.6278125,263.10398959657368,263.10398959657363,5.6843418860808015e-14,5.6843418860808015e-14,0.0050000000000000001,true
c8-22,74t7kcdgkr,true,PASS,,50.142000000000003,1.52,2170,-0.63624999999999998,272.76564163040126,272.76564163040132,-5.6843418860808015e-14,5.6843418860808015e-14,0.0050000000000000001,true
c8-23,74t7kcdgkr,true,PASS,,50.144666669999999,1.5169999999999999,2057,-0.58750000000000002,262.40409322754721,262.40409322754721,0,0,0.0050000000000000001,true
c8-24,74t7kcdgkr,true,PASS,,50.135333330000002,1.522,2187,-0.62749999999999995,259.85022005159004,259.85022005158999,5.6843418860808015e-14,5.6843418860808015e-14,0.0050000000000000001,true
c8-25,74t7kcdgkr,true,PASS,,50.14233333,1.4990000000000001,2250,-0.63343749999999999,269.51713082304985,269.51713082304991,-5.6843418860808015e-14,5.6843418860808015e-14,0.0050000000000000001,true
c8-26,74t7kcdgkr,true,PASS,,50.137666670000002,1.508,2196,-0.64249999999999996,271.96339569057966,271.96339569057972,-5.6843418860808015e-14,5.6843418860808015e-14,0.0050000000000000001,true
c8-27,74t7kcdgkr,true,PASS,,50.144666669999999,1.532,2187,-0.65125,260.13995240791149,260.13995240791161,-1.1368683772161603e-13,1.1368683772161603e-13,0.0050000000000000001,true
c8-28,74t7kcdgkr,true,PASS,,50.144666669999999,1.5269999999999999,2331,-0.68312499999999998,282.82609061149697,282.82609061149691,5.6843418860808015e-14,5.6843418860808015e-14,0.0050000000000000001,true
c8-29,74t7kcdgkr,true,PASS,,50.140666670000002,1.53,2301,-0.65593749999999995,274.04519596766283,274.04519596766278,5.6843418860808015e-14,5.6843418860808015e-14,0.0050000000000000001,true
c8-3,74t7kcdgkr,true,PASS,,50.132666669999999,1.524,1703,-0.46062500000000001,213.09927473954744,213.09927473954741,2.8421709430404007e-14,2.8421709430404007e-14,0.0050000000000000001,true
c8-30,74t7kcdgkr,true,PASS,,50.138666669999999,1.506,2205,-0.64031249999999995,274.69882594159333,274.69882594159333,0,0,0.0050000000000000001,true
c8-32,74t7kcdgkr,true,PASS,,50.14233333,1.5449999999999999,1568,-0.43343749999999998,193.22019306716697,193.220193067167,-2.8421709430404007e-14,2.8421709430404007e-14,0.0050000000000000001,true
c8-33,74t7kcdgkr,true,PASS,,50.138333330000002,1.542,1610,-0.46000000000000002,193.61155279725008,193.61155279725011,-2.8421709430404007e-14,2.8421709430404007e-14,0.0050000000000000001,true
c8-34,74t7kcdgkr,true,PASS,,50.139000000000003,1.544,1764,-0.4971875,212.63345800229763,212.63345800229769,-5.6843418860808015e-14,5.6843418860808015e-14,0.0050000000000000001,true
c8-35,74t7kcdgkr,true,PASS,,50.147333330000002,1.514,1514,-0.39156249999999998,182.75079420648788,182.75079420648791,-2.8421709430404007e-14,2.8421709430404007e-14,0.0050000000000000001,true
c8-36,74t7kcdgkr,true,PASS,,50.140333329999997,1.5269999999999999,1559,-0.424375,175.81221842071682,175.81221842071679,2.8421709430404007e-14,2.8421709430404007e-14,0.0050000000000000001,true
c8-37,74t7kcdgkr,true,PASS,,50.143666670000002,1.544,1604,-0.45343749999999999,212.71457730244254,212.71457730244251,2.8421709430404007e-14,2.8421709430404007e-14,0.0050000000000000001,true
c8-38,74t7kcdgkr,true,PASS,,50.143666670000002,1.542,2234,-0.46625,220.56840593548333,220.56840593548341,-8.5265128291212022e-14,8.5265128291212022e-14,0.0050000000000000001,true
c8-39,74t7kcdgkr,true,PASS,,50.145666669999997,1.5429999999999999,1435,-0.40437499999999998,168.51828530689954,168.51828530689949,5.6843418860808015e-14,5.6843418860808015e-14,0.0050000000000000001,true
c8-4,74t7kcdgkr,true,PASS,,50.14233333,1.536,1408,-0.38406249999999997,186.2374222753387,186.2374222753387,0,0,0.0050000000000000001,true
c8-40,74t7kcdgkr,true,PASS,,50.14533333,1.5229999999999999,1733,-0.48781249999999998,210.62792586060189,210.62792586060181,8.5265128291212022e-14,8.5265128291212022e-14,0.0050000000000000001,true
c8-41,74t7kcdgkr,true,PASS,,50.137333329999997,1.5289999999999999,2171,-0.64375000000000004,265.47830815258368,265.47830815258368,0,0,0.0050000000000000001,true
c8-42,74t7kcdgkr,true,PASS,,50.139666669999997,1.5449999999999999,1691,-0.44562499999999999,197.56706136757705,197.567061367577,5.6843418860808015e-14,5.6843418860808015e-14,0.0050000000000000001,true
c8-43,74t7kcdgkr,true,PASS,,50.149000000000001,1.542,1562,-0.435,199.83413112452777,199.8341311245278,-2.8421709430404007e-14,2.8421709430404007e-14,0.0050000000000000001,true
c8-44,,false,PASS,,50.195,1.54,1675,-0.43031249999999999,189.60146338371263,189.6014633837126,2.8421709430404007e-14,2.8421709430404007e-14,0.0050000000000000001,true
c8-45,,false,PASS,,50.192999999999998,1.52,1724,-0.42218749999999999,193.1278816400274,193.1278816400274,0,0,0.0050000000000000001,true
c8-46,,false,PASS,,50.195999999999998,1.51,1658,-0.4271875,204.90867851004197,204.90867851004199,-2.8421709430404007e-14,2.8421709430404007e-14,0.0050000000000000001,true
c8-47,,false,PASS,,50.191000000000003,1.53,2426,-0.62718750000000001,261.56210726007043,261.56210726007038,5.6843418860808015e-14,5.6843418860808015e-14,0.0050000000000000001,true
c8-48,,false,PASS,,50.188000000000002,1.52,2798,-0.61562499999999998,265.55169011883737,265.55169011883743,-5.6843418860808015e-14,5.6843418860808015e-14,0.0050000000000000001,true
c8-49,,false,PASS,,50.156999999999996,1.53,2283,-0.69062500000000004,267.13505214541374,267.13505214541368,5.6843418860808015e-14,5.6843418860808015e-14,0.0050000000000000001,true
c8-5,74t7kcdgkr,true,PASS,,50.146333329999997,1.512,1601,-0.40812500000000002,196.9063596228531,196.90635962285319,-8.5265128291212022e-14,8.5265128291212022e-14,0.0050000000000000001,true
c8-50,,false,PASS,,50.137,1.532,1408,-0.38656249999999998,162.12919941397126,162.12919941397129,-2.8421709430404007e-14,2.8421709430404007e-14,0.0050000000000000001,true
c8-51,,false,PASS,,50.158000000000001,1.548,1633,-0.38937500000000003,176.5858839555377,176.5858839555377,0,0,0.0050000000000000001,true
c8-52,,false,PASS,,50.149000000000001,1.5469999999999999,1673,-0.42499999999999999,169.78331527445758,169.78331527445761,-2.8421709430404007e-14,2.8421709430404007e-14,0.0050000000000000001,true
c8-53,,false,PASS,,50.158000000000001,1.53,1660,-0.38593749999999999,158.71007746240832,158.71007746240829,2.8421709430404007e-14,2.8421709430404007e-14,0.0050000000000000001,true
c8-54,,false,PASS,,50.159999999999997,1.55,1591,-0.37437500000000001,162.88602279158309,162.88602279158309,0,0,0.0050000000000000001,true
c8-55,,false,PASS,,50.158999999999999,1.55,1711,-0.41749999999999998,183.08713774069429,183.08713774069429,0,0,0.0050000000000000001,true
c8-57,,false,PASS,,50.090000000000003,1.5509999999999999,2481,-0.74375000000000002,286.29559635982122,286.29559635982122,0,0,0.0050000000000000001,true
c8-58,,false,PASS,,50.079999999999998,1.5389999999999999,2168,-0.63749999999999996,269.5289551013376,269.52895510133749,1.1368683772161603e-13,1.1368683772161603e-13,0.0050000000000000001,true
c8-59,,false,PASS,,50.060000000000002,1.5600000000000001,2239,-0.65874999999999995,276.41109514736161,276.41109514736161,0,0,0.0050000000000000001,true
c8-6,74t7kcdgkr,true,PASS,,50.136333329999999,1.5269999999999999,1637,-0.45500000000000002,184.70429699655676,184.70429699655679,-2.8421709430404007e-14,2.8421709430404007e-14,0.0050000000000000001,true
c8-6t,74t7kcdgkr,true,PASS,,50.14833333,1.5680000000000001,1835,-0.50249999999999995,199.80186544854385,199.80186544854391,-5.6843418860808015e-14,5.6843418860808015e-14,0.0050000000000000001,true
c8-7,74t7kcdgkr,true,PASS,,50.135333330000002,1.54,1424,-0.36687500000000001,170.60155017055681,170.60155017055681,0,0,0.0050000000000000001,true
c8-8,74t7kcdgkr,true,PASS,,50.137666670000002,1.536,1455,-0.37531249999999999,182.50125668401321,182.50125668401321,0,0,0.0050000000000000001,true
c8-8t,74t7kcdgkr,true,PASS,,50.143999999999998,1.5640000000000001,1718,-0.49875000000000003,216.36854656543119,216.36854656543119,0,0,0.0050000000000000001,true
c8-9,74t7kcdgkr,true,PASS,,50.140333329999997,1.528,1565,-0.41593750000000002,201.08809965802712,201.08809965802709,2.8421709430404007e-14,2.8421709430404007e-14,0.0050000000000000001,true
c8-9t,74t7kcdgkr,true,PASS,,50.136666669999997,1.5669999999999999,2117,-0.46000000000000002,190.13123328471482,190.1312332847148,2.8421709430404007e-14,2.8421709430404007e-14,0.0050000000000000001,true
q16-1,w68dtmpfyf,true,PASS,,50.182000000000002,3.0910000000000002,3038,-0.92937499999999995,297.21351646554581,297.21351646554581,0,0,0.0050000000000000001,true
q16-10,w68dtmpfyf,true,PASS,,50.170000000000002,3.0920000000000001,2875,-0.85499999999999998,270.5972719919157,270.59727199191582,-1.1368683772161603e-13,1.1368683772161603e-13,0.0050000000000000001,true
q16-11,w68dtmpfyf,true,PASS,,50.162999999999997,3.0859999999999999,3179,-0.93968750000000001,295.58742194548176,295.58742194548171,5.6843418860808015e-14,5.6843418860808015e-14,0.0050000000000000001,true
q16-12,w68dtmpfyf,true,PASS,,50.173000000000002,3.081,3017,-0.93687500000000001,279.48171122786954,279.48171122786948,5.6843418860808015e-14,5.6843418860808015e-14,0.0050000000000000001,true
q16-13,w68dtmpfyf,true,PASS,,50.183,3.1110000000000002,4276,-1.3418749999999999,422.35325491087701,422.35325491087701,0,0,0.0050000000000000001,true
q16-14,w68dtmpfyf,true,PASS,,50.192,3.1099999999999999,4139,-1.2762500000000001,404.24544668088686,404.24544668088691,-5.6843418860808015e-14,5.6843418860808015e-14,0.0050000000000000001,true
q16-15,w68dtmpfyf,true,PASS,,50.179000000000002,3.105,4262,-1.305938,398.9341346385736,398.93413463857371,-1.1368683772161603e-13,1.1368683772161603e-13,0.0050000000000000001,true
q16-16,w68dtmpfyf,true,PASS,,50.183,3.085,4233,-1.2928120000000001,411.07649729704031,411.07649729704031,0,0,0.0050000000000000001,true
q16-17,w68dtmpfyf,true,PASS,,50.182000000000002,3.0960000000000001,3917,-1.210313,388.00143446845732,388.00143446845732,0,0,0.0050000000000000001,true
q16-18,w68dtmpfyf,true,PASS,,50.18,3.0990000000000002,4290,-1.3018749999999999,404.11954845743446,404.11954845743452,-5.6843418860808015e-14,5.6843418860808015e-14,0.0050000000000000001,true
q16-19,w68dtmpfyf,true,PASS,,50.170000000000002,3.1059999999999999,4226,-1.3318749999999999,426.5519769807766,426.5519769807766,0,0,0.0050000000000000001,true
q16-2,w68dtmpfyf,true,PASS,,50.176000000000002,3.0870000000000002,3070,-0.94125000000000003,304.99832039229688,304.99832039229688,0,0,0.0050000000000000001,true
q16-20,w68dtmpfyf,true,PASS,,50.176000000000002,3.0680000000000001,3874,-1.204375,363.3721685585902,363.37216855859009,1.1368683772161603e-13,1.1368683772161603e-13,0.0050000000000000001,true
q16-21,w68dtmpfyf,true,PASS,,50.146000000000001,3.0329999999999999,4142,-1.2718750000000001,414.73440908958628,414.73440908958628,0,0,0.0050000000000000001,true
q16-22,w68dtmpfyf,true,PASS,,50.164999999999999,3.048,4025,-1.264688,413.61015211481902,413.61015211481902,0,0,0.0050000000000000001,true
q16-23,w68dtmpfyf,true,PASS,,50.134,3.073,3905,-1.2124999999999999,374.13967469232574,374.1396746923258,-5.6843418860808015e-14,5.6843418860808015e-14,0.0050000000000000001,true
q16-24,w68dtmpfyf,true,PASS,,50.148000000000003,3.0800000000000001,3954,-1.2128129999999999,384.61640556938477,384.61640556938482,-5.6843418860808015e-14,5.6843418860808015e-14,0.0050000000000000001,true
q16-25,w68dtmpfyf,true,PASS,,50.140999999999998,3.1099999999999999,3554,-1.0787500000000001,346.39054201556758,346.39054201556752,5.6843418860808015e-14,5.6843418860808015e-14,0.0050000000000000001,true
q16-26,w68dtmpfyf,true,PASS,,50.142000000000003,3.1379999999999999,3417,-1.059688,334.50459585789741,334.50459585789753,-1.1368683772161603e-13,1.1368683772161603e-13,0.0050000000000000001,true
q16-27,w68dtmpfyf,true,PASS,,50.140999999999998,3.1269999999999998,3635,-1.12625,350.88530357184555,350.8853035718455,5.6843418860808015e-14,5.6843418860808015e-14,0.0050000000000000001,true
q16-28,w68dtmpfyf,true,PASS,,50.155999999999999,3.1259999999999999,2492,-0.75312500000000004,221.13906084545329,221.13906084545329,0,0,0.0050000000000000001,true
q16-29,w68dtmpfyf,true,PASS,,50.137999999999998,3.1269999999999998,3940,-1.149688,338.54833764023959,338.54833764023948,1.1368683772161603e-13,1.1368683772161603e-13,0.0050000000000000001,true
q16-3,w68dtmpfyf,true,PASS,,50.174999999999997,3.0619999999999998,3516,-1.0856250000000001,352.29407719617529,352.29407719617529,0,0,0.0050000000000000001,true
q16-30,w68dtmpfyf,true,PASS,,50.148000000000003,3.0920000000000001,3486,-1.0321880000000001,325.28231312417438,325.28231312417438,0,0,0.0050000000000000001,true
q16-31,w68dtmpfyf,true,PASS,,50.145000000000003,3.125,3580,-1.1074999999999999,355.56885033403125,355.5688503340312,5.6843418860808015e-14,5.6843418860808015e-14,0.0050000000000000001,true
q16-32,w68dtmpfyf,true,PASS,,50.137,3.1030000000000002,2649,-0.78781250000000003,251.03437014420638,251.03437014420641,-2.8421709430404007e-14,2.8421709430404007e-14,0.0050000000000000001,true
q16-33,w68dtmpfyf,true,PASS,,50.146999999999998,3.1379999999999999,2641,-0.79937499999999995,257.2702348149341,257.2702348149341,0,0,0.0050000000000000001,true
q16-34,w68dtmpfyf,true,PASS,,50.139000000000003,3.1400000000000001,2837,-0.86906249999999996,259.13231915910711,259.13231915910711,0,0,0.0050000000000000001,true
q16-35,w68dtmpfyf,true,PASS,,50.161000000000001,3.1099999999999999,3002,-0.91625000000000001,287.7591069938079,287.75910699380779,1.1368683772161603e-13,1.1368683772161603e-13,0.0050000000000000001,true
q16-36,w68dtmpfyf,true,PASS,,50.137999999999998,3.1480000000000001,3029,-0.91218750000000004,290.90026013590034,290.9002601359004,-5.6843418860808015e-14,5.6843418860808015e-14,0.0050000000000000001,true
q16-37,w68dtmpfyf,true,PASS,,50.137,3.125,3038,-0.93000000000000005,286.96379919021877,286.96379919021882,-5.6843418860808015e-14,5.6843418860808015e-14,0.0050000000000000001,true
q16-38,w68dtmpfyf,true,PASS,,50.140999999999998,3.129,3443,-1.066875,344.6358291031882,344.63582910318831,-1.1368683772161603e-13,1.1368683772161603e-13,0.0050000000000000001,true
q16-39,w68dtmpfyf,true,PASS,,50.137,3.133,3638,-1.11375,357.85095980327026,357.85095980327031,-5.6843418860808015e-14,5.6843418860808015e-14,0.0050000000000000001,true
q16-4,w68dtmpfyf,true,PASS,,50.173000000000002,3.0600000000000001,3793,-1.1771879999999999,383.07000262751012,383.07000262751012,0,0,0.0050000000000000001,true
q16-40,w68dtmpfyf,true,PASS,,50.134,3.1030000000000002,3521,-1.077188,354.05033941842817,354.05033941842822,-5.6843418860808015e-14,5.6843418860808015e-14,0.0050000000000000001,true
q16-41,w68dtmpfyf,true,PASS,,50.136000000000003,3.1360000000000001,3892,-1.22,367.20512425590147,367.20512425590152,-5.6843418860808015e-14,5.6843418860808015e-14,0.0050000000000000001,true
q16-42,w68dtmpfyf,true,PASS,,50.133000000000003,3.1240000000000001,2541,-0.75062499999999999,245.52567890282523,245.52567890282529,-5.6843418860808015e-14,5.6843418860808015e-14,0.0050000000000000001,true
q16-43,w68dtmpfyf,true,PASS,,50.136000000000003,3.1429999999999998,3103,-0.92374999999999996,302.28199278871432,302.28199278871432,0,0,0.0050000000000000001,true
q16-44,,false,PASS,,50.160666669999998,3.1000000000000001,2547,-0.76687499999999997,244.12490014330751,244.12490014330751,0,0,0.0050000000000000001,true
q16-45,,false,PASS,,50.159333330000003,3.0800000000000001,3227,-0.99062499999999998,322.43031429440271,322.43031429440271,0,0,0.0050000000000000001,true
q16-46,,false,PASS,,50.15966667,3.0600000000000001,2911,-0.88593750000000004,295.11560402076702,295.11560402076702,0,0,0.0050000000000000001,true
q16-47,,false,PASS,,50.159333330000003,3.0800000000000001,3460,-1.056875,328.54928918745884,328.54928918745878,5.6843418860808015e-14,5.6843418860808015e-14,0.0050000000000000001,true
q16-48,,false,PASS,,50.159999999999997,3.0800000000000001,3394,-1.0484370000000001,338.91142499844653,338.91142499844648,5.6843418860808015e-14,5.6843418860808015e-14,0.0050000000000000001,true
q16-49,,false,PASS,,50.156999999999996,3.0899999999999999,3350,-1.028438,320.29282422126568,320.29282422126568,0,0,0.0050000000000000001,true
q16-5,w68dtmpfyf,true,PASS,,50.18,3.0249999999999999,3437,-1.0587500000000001,355.12650326592859,355.12650326592859,0,0,0.0050000000000000001,true
q16-50,,false,PASS,,50.159333330000003,3.0790000000000002,2571,-0.7734375,246.50466344291823,246.50466344291829,-5.6843418860808015e-14,5.6843418860808015e-14,0.0050000000000000001,true
q16-51,,false,PASS,,50.164666670000003,3.0449999999999999,2549,-0.76031249999999995,251.7878558204101,251.7878558204101,0,0,0.0050000000000000001,true
q16-52,,false,PASS,,50.163666669999998,3.0739999999999998,2743,-0.81781250000000005,257.92897207748786,257.92897207748791,-5.6843418860808015e-14,5.6843418860808015e-14,0.0050000000000000001,true
q16-53,,false,PASS,,50.161000000000001,3.0600000000000001,2454,-0.73499999999999999,226.85335572398057,226.85335572398051,5.6843418860808015e-14,5.6843418860808015e-14,0.0050000000000000001,true
q16-54,,false,PASS,,50.172666669999998,3.0699999999999998,2215,-0.64718750000000003,210.89629760541908,210.89629760541911,-2.8421709430404007e-14,2.8421709430404007e-14,0.0050000000000000001,true
q16-55,,false,PASS,,50.161666670000002,3.0800000000000001,2359,-0.6825,216.52797727462791,216.52797727462789,2.8421709430404007e-14,2.8421709430404007e-14,0.0050000000000000001,true
q16-56,,false,PASS,,50.177,3.0590000000000002,3869,-1.1912499999999999,385.09882925525693,385.09882925525699,-5.6843418860808015e-14,5.6843418860808015e-14,0.0050000000000000001,true
q16-57,,false,PASS,,50.180333330000003,3.105,3928,-1.2440629999999999,403.08533601642245,403.0853360164225,-5.6843418860808015e-14,5.6843418860808015e-14,0.0050000000000000001,true
q16-58,,false,PASS,,50.17166667,3.0950000000000002,3939,-1.223125,392.28208243320739,392.28208243320739,0,0,0.0050000000000000001,true
q16-6,w68dtmpfyf,true,PASS,,50.18,3.085,4132,-1.2818750000000001,418.26733322437929,418.26733322437929,0,0,0.0050000000000000001,true
q16-7,w68dtmpfyf,true,PASS,,50.188000000000002,3.0800000000000001,2857,-0.77406249999999999,222.93417011775981,222.93417011775969,1.1368683772161603e-13,1.1368683772161603e-13,0.0050000000000000001,true
q16-8,w68dtmpfyf,true,PASS,,50.177,3.097,2813,-0.84281249999999996,261.17392670180044,261.17392670180038,5.6843418860808015e-14,5.6843418860808015e-14,0.0050000000000000001,true
q16-9,w68dtmpfyf,true,PASS,,50.173999999999999,3.1059999999999999,2518,-0.73999999999999999,228.39866909003419,228.3986690900341,8.5265128291212022e-14,8.5265128291212022e-14,0.0050000000000000001,true
q24-1,cgtnjyggtm,true,PASS,,50.16033333,4.6020000000000003,4146,-1.23,322.22975441862752,322.22975441862758,-5.6843418860808015e-14,5.6843418860808015e-14,0.0050000000000000001,true
q24-10,cgtnjyggtm,true,PASS,,50.185000000000002,4.5949999999999998,3965,-1.18875,336.41847254386192,336.41847254386192,0,0,0.0050000000000000001,true
q24-11,cgtnjyggtm,true,PASS,,50.170999999999999,4.6379999999999999,3530,-1.065625,300.35538484257063,300.35538484257057,5.6843418860808015e-14,5.6843418860808015e-14,0.0050000000000000001,true
q24-12,cgtnjyggtm,true,PASS,,50.171999999999997,4.5979999999999999,3553,-1.0618749999999999,306.55202909299538,306.55202909299538,0,0,0.0050000000000000001,true
q24-13,cgtnjyggtm,true,PASS,,50.170000000000002,4.6100000000000003,5379,-1.6581250000000001,453.31231729689546,453.31231729689551,-5.6843418860808015e-14,5.6843418860808015e-14,0.0050000000000000001,true
q24-14,cgtnjyggtm,true,PASS,,50.179333329999999,4.6299999999999999,5412,-1.6725000000000001,459.77771249262969,459.77771249262969,0,0,0.0050000000000000001,true
q24-15,cgtnjyggtm,true,PASS,,50.167000000000002,4.5780000000000003,5369,-1.6168750000000001,457.97092320648591,457.97092320648591,0,0,0.0050000000000000001,true
q24-16,cgtnjyggtm,true,PASS,,50.168333330000003,4.641,5593,-1.723125,455.70163731275011,455.70163731275011,0,0,0.0050000000000000001,true
q24-17,,false,PASS,,50.175666669999998,4.6440000000000001,5309,-1.6484380000000001,450.47911684505112,450.47911684505112,0,0,0.0050000000000000001,true
q24-18,cgtnjyggtm,true,PASS,,50.171333330000003,4.6280000000000001,5355,-1.6499999999999999,446.72580990762407,446.72580990762413,-5.6843418860808015e-14,5.6843418860808015e-14,0.0050000000000000001,true
q24-19,cgtnjyggtm,true,PASS,,50.165333330000003,4.577,4048,-1.2196880000000001,342.84164831174382,342.84164831174382,0,0,0.0050000000000000001,true
q24-2,cgtnjyggtm,true,PASS,,50.155999999999999,4.6269999999999998,3987,-1.194688,329.26909279270848,329.26909279270842,5.6843418860808015e-14,5.6843418860808015e-14,0.0050000000000000001,true
q24-20,cgtnjyggtm,true,PASS,,50.183333330000004,4.5700000000000003,4236,-1.2878130000000001,337.69090288988866,337.6909028898886,5.6843418860808015e-14,5.6843418860808015e-14,0.0050000000000000001,true
q24-21,cgtnjyggtm,true,PASS,,50.170666670000003,4.6059999999999999,4381,-1.340938,384.25884802468113,384.25884802468107,5.6843418860808015e-14,5.6843418860808015e-14,0.0050000000000000001,true
q24-22,cgtnjyggtm,true,PASS,,50.166333330000001,4.6210000000000004,4825,-1.48875,415.86930063066922,415.86930063066922,0,0,0.0050000000000000001,true
q24-23,cgtnjyggtm,true,PASS,,50.167333329999998,4.5910000000000002,4429,-1.352813,379.12891661598979,379.12891661598991,-1.1368683772161603e-13,1.1368683772161603e-13,0.0050000000000000001,true
q24-24,cgtnjyggtm,true,PASS,,50.172333330000001,4.649,4910,-1.5018750000000001,428.6219516949929,428.6219516949929,0,0,0.0050000000000000001,true
q24-25,cgtnjyggtm,true,PASS,,50.162333330000003,4.6429999999999998,3968,-1.1975,331.07834044880639,331.07834044880639,0,0,0.0050000000000000001,true
q24-26,cgtnjyggtm,true,PASS,,50.186666670000001,4.548,3608,-1.0874999999999999,317.53288161832671,317.53288161832671,0,0,0.0050000000000000001,true
q24-27,cgtnjyggtm,true,PASS,,50.174999999999997,4.6020000000000003,3897,-1.1681250000000001,320.30851602182452,320.30851602182452,0,0,0.0050000000000000001,true
q24-28,cgtnjyggtm,true,PASS,,50.170999999999999,4.641,4307,-1.3178129999999999,375.62099996808587,375.62099996808581,5.6843418860808015e-14,5.6843418860808015e-14,0.0050000000000000001,true
q24-29,cgtnjyggtm,true,PASS,,50.161999999999999,4.6539999999999999,4344,-1.3315630000000001,372.76495319753599,372.76495319753599,0,0,0.0050000000000000001,true
q24-3,cgtnjyggtm,true,PASS,,50.152333329999998,4.6289999999999996,3897,-1.125,311.95463332542414,311.95463332542408,5.6843418860808015e-14,5.6843418860808015e-14,0.0050000000000000001,true
q24-30,cgtnjyggtm,true,PASS,,50.169333330000001,4.6369999999999996,3379,-1.00125,283.33663771502182,283.33663771502182,0,0,0.0050000000000000001,true
q24-31,cgtnjyggtm,true,PASS,,50.173000000000002,4.6120000000000001,3345,-0.98781249999999998,281.20536854020213,281.20536854020219,-5.6843418860808015e-14,5.6843418860808015e-14,0.0050000000000000001,true
q24-32,cgtnjyggtm,true,PASS,,50.173000000000002,4.6559999999999997,3281,-0.97687500000000005,275.50455064651567,275.50455064651561,5.6843418860808015e-14,5.6843418860808015e-14,0.0050000000000000001,true
q24-33,cgtnjyggtm,true,PASS,,50.180333330000003,4.6120000000000001,3590,-1.0606249999999999,308.54135724501117,308.54135724501123,-5.6843418860808015e-14,5.6843418860808015e-14,0.0050000000000000001,true
q24-34,cgtnjyggtm,true,PASS,,50.17166667,4.6319999999999997,3668,-1.110938,316.33888156326378,316.33888156326378,0,0,0.0050000000000000001,true
q24-35,cgtnjyggtm,true,PASS,,50.18,4.6120000000000001,3724,-1.1284380000000001,321.2025174246952,321.20251742469532,-1.1368683772161603e-13,1.1368683772161603e-13,0.0050000000000000001,true
q24-36,cgtnjyggtm,true,PASS,,50.164000000000001,4.6369999999999996,4133,-1.2453129999999999,358.53266070553627,358.53266070553627,0,0,0.0050000000000000001,true
q24-37,cgtnjyggtm,true,PASS,,50.16266667,4.6210000000000004,4366,-1.3303130000000001,378.52270520548257,378.52270520548262,-5.6843418860808015e-14,5.6843418860808015e-14,0.0050000000000000001,true
q24-38,cgtnjyggtm,true,PASS,,50.171999999999997,4.6219999999999999,4031,-1.23875,338.85219785521537,338.85219785521542,-5.6843418860808015e-14,5.6843418860808015e-14,0.0050000000000000001,true
q24-39,cgtnjyggtm,true,PASS,,50.169666669999998,4.6459999999999999,4873,-1.5149999999999999,431.77043794447235,431.77043794447229,5.6843418860808015e-14,5.6843418860808015e-14,0.0050000000000000001,true
q24-4,cgtnjyggtm,true,PASS,,50.151666669999997,4.6500000000000004,4205,-1.2909379999999999,363.91622827684745,363.91622827684762,-1.7053025658242404e-13,1.7053025658242404e-13,0.0050000000000000001,true
q24-40,cgtnjyggtm,true,PASS,,50.171333330000003,4.5679999999999996,3467,-0.546875,116.0373611371045,116.0373611371045,0,0,0.0050000000000000001,true
q24-41,cgtnjyggtm,true,PASS,,50.183666670000001,4.6459999999999999,4345,-0.45124999999999998,145.1566320185774,145.1566320185774,0,0,0.0050000000000000001,true
q24-42,cgtnjyggtm,true,PASS,,50.152999999999999,4.6299999999999999,3470,-0.6278125,113.41515265662885,113.41515265662881,4.2632564145606011e-14,4.2632564145606011e-14,0.0050000000000000001,true
q24-43,cgtnjyggtm,true,PASS,,50.173666670000003,4.6299999999999999,3592,-0.63124999999999998,113.43569762687035,113.43569762687039,-4.2632564145606011e-14,4.2632564145606011e-14,0.0050000000000000001,true
q24-44,cgtnjyggtm,true,PASS,,50.180333330000003,4.6600000000000001,3405,-0.56968750000000001,109.75041149172964,109.75041149172959,4.2632564145606011e-14,4.2632564145606011e-14,0.0050000000000000001,true
q24-45,cgtnjyggtm,true,PASS,,50.173666670000003,4.585,3369,-0.53187499999999999,110.37182179949421,110.3718217994942,1.4210854715202004e-14,1.4210854715202004e-14,0.0050000000000000001,true
q24-46,cgtnjyggtm,true,PASS,,50.175333330000001,4.5910000000000002,3559,-0.53093749999999995,118.39749643043729,118.3974964304373,-1.4210854715202004e-14,1.4210854715202004e-14,0.0050000000000000001,true
q24-47,cgtnjyggtm,true,PASS,,50.168999999999997,4.6470000000000002,3744,-0.49156250000000001,119.8673896475662,119.8673896475662,0,0,0.0050000000000000001,true
q24-48,cgtnjyggtm,true,PASS,,50.161999999999999,4.6399999999999997,4237,-0.46156249999999999,136.68000162232985,136.68000162232991,-5.6843418860808015e-14,5.6843418860808015e-14,0.0050000000000000001,true
q24-49,cgtnjyggtm,true,PASS,,50.159333330000003,4.6399999999999997,4512,-0.36656250000000001,146.92543984952053,146.9254398495205,2.8421709430404007e-14,2.8421709430404007e-14,0.0050000000000000001,true
q24-5,cgtnjyggtm,true,PASS,,50.161999999999999,4.6390000000000002,4288,-1.298125,353.12135351003593,353.1213535100361,-1.7053025658242404e-13,1.7053025658242404e-13,0.0050000000000000001,true
q24-50,cgtnjyggtm,true,PASS,,50.160666669999998,4.5599999999999996,4245,-0.46218749999999997,144.78563268364002,144.78563268363999,2.8421709430404007e-14,2.8421709430404007e-14,0.0050000000000000001,true
q24-52,,false,PASS,,50.179333329999999,4.6100000000000003,3644,-1.108125,315.73978094670599,315.73978094670588,1.1368683772161603e-13,1.1368683772161603e-13,0.0050000000000000001,true
q24-53,,false,PASS,,50.174333330000003,4.6500000000000004,3639,-1.1046879999999999,302.87547955781082,302.87547955781082,0,0,0.0050000000000000001,true
q24-54,,false,PASS,,50.166333330000001,4.6299999999999999,3710,-1.1390629999999999,306.92313751618042,306.92313751618042,0,0,0.0050000000000000001,true
q24-55,,false,PASS,,50.176333329999999,4.6280000000000001,3243,-0.94906250000000003,259.49022318313104,259.49022318313098,5.6843418860808015e-14,5.6843418860808015e-14,0.0050000000000000001,true
q24-56,,false,PASS,,50.183,4.6580000000000004,2923,-0.89531249999999996,239.70340687048474,239.70340687048471,2.8421709430404007e-14,2.8421709430404007e-14,0.0050000000000000001,true
q24-57,,false,PASS,,50.167999999999999,4.6100000000000003,2711,-0.8153125,225.14513923023412,225.14513923023409,2.8421709430404007e-14,2.8421709430404007e-14,0.0050000000000000001,true
q24-58,,false,PASS,,50.167666670000003,4.6399999999999997,2760,-0.84562499999999996,239.16298522188762,239.1629852218876,2.8421709430404007e-14,2.8421709430404007e-14,0.0050000000000000001,true
q24-59,,false,PASS,,50.07,4.6280000000000001,4847,-1.5309379999999999,425.85022282546868,425.85022282546868,0,0,0.0050000000000000001,true
q24-6,cgtnjyggtm,true,PASS,,50.158000000000001,4.6470000000000002,4036,-1.21875,348.28472262211335,348.28472262211329,5.6843418860808015e-14,5.6843418860808015e-14,0.0050000000000000001,true
q24-60,,false,PASS,,50.079999999999998,4.6449999999999996,4790,-1.5009380000000001,407.88484388380101,407.88484388380101,0,0,0.0050000000000000001,true
q24-61,,false,PASS,,50.079999999999998,4.641,5552,-1.747188,467.39620829899911,467.39620829899911,0,0,0.0050000000000000001,true
q24-7,cgtnjyggtm,true,PASS,,50.166333330000001,4.6420000000000003,3441,-1.0396879999999999,270.23275772272166,270.23275772272171,-5.6843418860808015e-14,5.6843418860808015e-14,0.0050000000000000001,true
q24-8,cgtnjyggtm,true,PASS,,50.187333330000001,4.6349999999999998,3150,-0.92312499999999997,262.87023691929534,262.87023691929528,5.6843418860808015e-14,5.6843418860808015e-14,0.0050000000000000001,true
q24-9,cgtnjyggtm,true,PASS,,50.183333330000004,4.6120000000000001,3247,-0.94656249999999997,262.21072029343287,262.21072029343293,-5.6843418860808015e-14,5.6843418860808015e-14,0.0050000000000000001,true
q8-1,ykhs7s2dck,true,PASS,,50.182000000000002,1.554,2125,-0.60999999999999999,215.89288221247884,215.8928822124789,-5.6843418860808015e-14,5.6843418860808015e-14,0.0050000000000000001,true
q8-10,ykhs7s2dck,true,PASS,,50.188000000000002,1.5489999999999999,1793,-0.510625,204.90660089014304,204.90660089014301,2.8421709430404007e-14,2.8421709430404007e-14,0.0050000000000000001,true
q8-11,ykhs7s2dck,true,PASS,,50.186999999999998,1.552,2384,-0.67062500000000003,219.66010779478563,219.66010779478569,-5.6843418860808015e-14,5.6843418860808015e-14,0.0050000000000000001,true
q8-12,ykhs7s2dck,true,PASS,,50.182000000000002,1.552,1856,-0.51000000000000001,204.93621645047079,204.93621645047091,-1.1368683772161603e-13,1.1368683772161603e-13,0.0050000000000000001,true
q8-13,ykhs7s2dck,true,PASS,,50.180999999999997,1.5229999999999999,2518,-0.6953125,219.16721873907724,219.16721873907721,2.8421709430404007e-14,2.8421709430404007e-14,0.0050000000000000001,true
q8-14,ykhs7s2dck,true,PASS,,50.186999999999998,1.5169999999999999,2171,-0.61812500000000004,218.05806205687239,218.05806205687239,0,0,0.0050000000000000001,true
q8-15,ykhs7s2dck,true,PASS,,50.189,1.5189999999999999,2413,-0.71406250000000004,260.08501557332511,260.08501557332511,0,0,0.0050000000000000001,true
q8-16,ykhs7s2dck,true,PASS,,50.186999999999998,1.5389999999999999,2436,-0.70843750000000005,249.43261908066174,249.43261908066171,2.8421709430404007e-14,2.8421709430404007e-14,0.0050000000000000001,true
q8-17,,false,RAW_TRACE_INVALID,"declared row count does not match data rows: declared 15711, observed 3840",,,,,,,,,,false
q8-18,ykhs7s2dck,true,PASS,,50.192,1.552,2044,-0.58218749999999997,208.20500309738438,208.20500309738441,-2.8421709430404007e-14,2.8421709430404007e-14,0.0050000000000000001,true
q8-19,ykhs7s2dck,true,PASS,,50.192999999999998,1.552,2345,-0.68281250000000004,235.07842203321982,235.07842203321979,2.8421709430404007e-14,2.8421709430404007e-14,0.0050000000000000001,true
q8-2,ykhs7s2dck,true,PASS,,50.179000000000002,1.5529999999999999,2139,-0.62250000000000005,219.15265179376442,219.15265179376439,2.8421709430404007e-14,2.8421709430404007e-14,0.0050000000000000001,true
q8-20,ykhs7s2dck,true,PASS,,50.186999999999998,1.5549999999999999,2435,-0.7371875,255.67560603087219,255.67560603087219,0,0,0.0050000000000000001,true
q8-21,ykhs7s2dck,true,PASS,,50.186,1.5289999999999999,2587,-0.71499999999999997,250.96715431153339,250.96715431153331,8.5265128291212022e-14,8.5265128291212022e-14,0.0050000000000000001,true
q8-22,ykhs7s2dck,true,PASS,,50.174999999999997,1.5509999999999999,2252,-0.60593750000000002,235.01320491111545,235.01320491111551,-5.6843418860808015e-14,5.6843418860808015e-14,0.0050000000000000001,true
q8-23,ykhs7s2dck,true,PASS,,50.180999999999997,1.552,2139,-0.62656250000000002,238.84623359315569,238.84623359315569,0,0,0.0050000000000000001,true
q8-24,ykhs7s2dck,true,PASS,,50.171999999999997,1.5549999999999999,2498,-0.72718749999999999,254.04970246403823,254.04970246403821,2.8421709430404007e-14,2.8421709430404007e-14,0.0050000000000000001,true
q8-25,,false,PASS,,50.174999999999997,1.5249999999999999,2423,-0.70125000000000004,251.88479665433283,251.88479665433289,-5.6843418860808015e-14,5.6843418860808015e-14,0.0050000000000000001,true
q8-27,ykhs7s2dck,true,PASS,,50.173999999999999,1.53,1915,-0.52468749999999997,209.5444780269238,209.5444780269238,0,0,0.0050000000000000001,true
q8-28,ykhs7s2dck,true,PASS,,50.183999999999997,1.5249999999999999,1990,-0.56906250000000003,213.86461755167215,213.8646175516721,5.6843418860808015e-14,5.6843418860808015e-14,0.0050000000000000001,true
q8-29,ykhs7s2dck,true,PASS,,50.177,1.526,1860,-0.53000000000000003,211.50961115344992,211.5096111534499,2.8421709430404007e-14,2.8421709430404007e-14,0.0050000000000000001,true
q8-3,ykhs7s2dck,true,PASS,,50.170999999999999,1.548,2467,-0.72093750000000001,241.32180475074983,241.32180475074981,2.8421709430404007e-14,2.8421709430404007e-14,0.0050000000000000001,true
q8-30,ykhs7s2dck,true,PASS,,50.173000000000002,1.504,2078,-0.60624999999999996,226.63025426704451,226.63025426704451,0,0,0.0050000000000000001,true
q8-31,ykhs7s2dck,true,PASS,,50.174999999999997,1.53,2032,-0.58687500000000004,216.05345343585037,216.0534534358504,-2.8421709430404007e-14,2.8421709430404007e-14,0.0050000000000000001,true
q8-32,ykhs7s2dck,true,PASS,,50.186,1.552,1878,-0.53374999999999995,211.74051471823785,211.74051471823779,5.6843418860808015e-14,5.6843418860808015e-14,0.0050000000000000001,true
q8-33,ykhs7s2dck,true,PASS,,50.185000000000002,1.544,1842,-0.54249999999999998,215.7657857636589,215.7657857636589,0,0,0.0050000000000000001,true
q8-34,ykhs7s2dck,true,PASS,,50.183999999999997,1.5449999999999999,2307,-0.68406250000000002,235.48051906846882,235.48051906846879,2.8421709430404007e-14,2.8421709430404007e-14,0.0050000000000000001,true
q8-35,ykhs7s2dck,true,PASS,,50.177999999999997,1.522,2563,-0.67374999999999996,247.55824586417165,247.5582458641716,5.6843418860808015e-14,5.6843418860808015e-14,0.0050000000000000001,true
q8-36,ykhs7s2dck,true,PASS,,50.177999999999997,1.5349999999999999,2380,-0.69750000000000001,252.96751382667281,252.96751382667281,0,0,0.0050000000000000001,true
q8-37,ykhs7s2dck,true,PASS,,50.189,1.5469999999999999,2316,-0.69968750000000002,248.33408320298466,248.33408320298469,-2.8421709430404007e-14,2.8421709430404007e-14,0.0050000000000000001,true
q8-38,ykhs7s2dck,true,PASS,,50.183999999999997,1.5429999999999999,1694,-0.49249999999999999,193.20911359870337,193.20911359870331,5.6843418860808015e-14,5.6843418860808015e-14,0.0050000000000000001,true
q8-39,ykhs7s2dck,true,PASS,,50.182000000000002,1.546,1691,-0.4765625,198.27971719809236,198.27971719809241,-5.6843418860808015e-14,5.6843418860808015e-14,0.0050000000000000001,true
q8-4,ykhs7s2dck,true,PASS,,50.180999999999997,1.5509999999999999,2326,-0.676875,235.48699549025184,235.48699549025179,5.6843418860808015e-14,5.6843418860808015e-14,0.0050000000000000001,true
q8-40,ykhs7s2dck,true,PASS,,50.180999999999997,1.524,2056,-0.60218749999999999,225.8678897352215,225.8678897352215,0,0,0.0050000000000000001,true
q8-41,ykhs7s2dck,true,PASS,,50.173999999999999,1.52,2214,-0.65562500000000001,241.96224769381499,241.96224769381499,0,0,0.0050000000000000001,true
q8-42,,false,PASS,,50.164999999999999,1.55,2602,-0.7215625,252.59385961809897,252.593859618099,-2.8421709430404007e-14,2.8421709430404007e-14,0.0050000000000000001,true
q8-43,,false,PASS,,50.156999999999996,1.52,2228,-0.66125,243.06900018153527,243.0690001815353,-2.8421709430404007e-14,2.8421709430404007e-14,0.0050000000000000001,true
q8-44,,false,PASS,,50.143999999999998,1.55,2314,-0.63312500000000005,227.46988672622845,227.46988672622851,-5.6843418860808015e-14,5.6843418860808015e-14,0.0050000000000000001,true
q8-45,,false,PASS,,50.133000000000003,1.54,2720,-0.73750000000000004,254.49754950532878,254.49754950532881,-2.8421709430404007e-14,2.8421709430404007e-14,0.0050000000000000001,true
q8-46,,false,PASS,,50.142000000000003,1.51,2234,-0.64968749999999997,240.52138945263002,240.52138945262999,2.8421709430404007e-14,2.8421709430404007e-14,0.0050000000000000001,true
q8-47,,false,PASS,,50.143999999999998,1.53,2542,-0.76906249999999998,264.55670414304842,264.55670414304842,0,0,0.0050000000000000001,true
q8-48,,false,PASS,,50.137999999999998,1.5089999999999999,2136,-0.56968750000000001,207.75991596526922,207.75991596526919,2.8421709430404007e-14,2.8421709430404007e-14,0.0050000000000000001,true
q8-49,,false,PASS,,50.152999999999999,1.528,2331,-0.57218749999999996,202.36260942040917,202.3626094204092,-2.8421709430404007e-14,2.8421709430404007e-14,0.0050000000000000001,true
q8-5,ykhs7s2dck,true,PASS,,50.167000000000002,1.55,2197,-0.64968749999999997,236.00609448313597,236.006094483136,-2.8421709430404007e-14,2.8421709430404007e-14,0.0050000000000000001,true
q8-50,,false,PASS,,50.143999999999998,1.5349999999999999,1922,-0.51781250000000001,184.3225711904114,184.3225711904114,0,0,0.0050000000000000001,true
q8-51,,false,PASS,,50.158000000000001,1.52,2708,-0.77531249999999996,225.54140101489818,225.54140101489821,-2.8421709430404007e-14,2.8421709430404007e-14,0.0050000000000000001,true
q8-53,,false,PASS,,50.157666669999998,1.526,2676,-0.80625000000000002,270.38346549256596,270.38346549256602,-5.6843418860808015e-14,5.6843418860808015e-14,0.0050000000000000001,true
q8-54,,false,PASS,,50.172666669999998,1.5269999999999999,2487,-0.73843749999999997,261.25399147047978,261.25399147047978,0,0,0.0050000000000000001,true
q8-6,ykhs7s2dck,true,PASS,,50.18,1.5449999999999999,2221,-0.65562500000000001,242.754723771123,242.754723771123,0,0,0.0050000000000000001,true
q8-7,ykhs7s2dck,true,PASS,,50.194000000000003,1.5509999999999999,1844,-0.51187499999999997,190.56862083048139,190.56862083048139,0,0,0.0050000000000000001,true
q8-8,ykhs7s2dck,true,PASS,,50.174999999999997,1.552,1679,-0.48093750000000002,184.39809892181489,184.39809892181489,0,0,0.0050000000000000001,true
q8-9,ykhs7s2dck,true,PASS,,50.182000000000002,1.552,2004,-0.56374999999999997,212.15863817559753,212.15863817559759,-5.6843418860808015e-14,5.6843418860808015e-14,0.0050000000000000001,true
r0-1,,false,PASS,,50.159333330000003,3.79,3366,-0.99375000000000002,385.0690873431513,385.0690873431513,0,0,0.0050000000000000001,true
r0-10,,false,PASS,,50.164999999999999,3.8199999999999998,4511,-1.415,522.97966448938405,522.97966448938405,0,0,0.0050000000000000001,true
r0-11,,false,PASS,,50.169666669999998,3.7799999999999998,4599,-1.42625,539.2992107797005,539.2992107797005,0,0,0.0050000000000000001,true
r0-12,,false,PASS,,50.166666669999998,3.8300000000000001,4318,-1.3478129999999999,510.49638711769825,510.4963871176983,-5.6843418860808015e-14,5.6843418860808015e-14,0.0050000000000000001,true
r0-13,,false,PASS,,50.158000000000001,3.8199999999999998,2678,-0.79749999999999999,292.27014362363627,292.27014362363627,0,0,0.0050000000000000001,true
r0-14,,false,PASS,,50.173999999999999,3.8399999999999999,2796,-0.85312500000000002,298.44059340162897,298.44059340162897,0,0,0.0050000000000000001,true
r0-15,,false,PASS,,50.168333330000003,3.75,2884,-0.85187500000000005,322.74675262102562,322.74675262102562,0,0,0.0050000000000000001,true
r0-16,,false,PASS,,50.152666670000002,3.79,3122,-0.93999999999999995,358.32214992460416,358.32214992460422,-5.6843418860808015e-14,5.6843418860808015e-14,0.0050000000000000001,true
r0-17,,false,PASS,,50.160666669999998,3.8300000000000001,3353,-1.016875,363.06312215632164,363.06312215632158,5.6843418860808015e-14,5.6843418860808015e-14,0.0050000000000000001,true
r0-18,,false,PASS,,50.158666670000002,3.8300000000000001,3167,-0.98406249999999995,336.23718485666427,336.23718485666421,5.6843418860808015e-14,5.6843418860808015e-14,0.0050000000000000001,true
r0-19,,false,PASS,,50.164000000000001,3.843,2873,-0.86624999999999996,314.39618099472142,314.39618099472142,0,0,0.0050000000000000001,true
r0-2,,false,PASS,,50.169333330000001,3.8399999999999999,3157,-0.96562499999999996,350.78142131818782,350.78142131818782,0,0,0.0050000000000000001,true
r0-20,,false,PASS,,50.163666669999998,3.7650000000000001,2872,-0.83968750000000003,313.96233643843152,313.96233643843152,0,0,0.0050000000000000001,true
r0-21,,false,PASS,,50.170333329999998,3.7530000000000001,2834,-0.84906250000000005,313.76258364477394,313.76258364477388,5.6843418860808015e-14,5.6843418860808015e-14,0.0050000000000000001,true
r0-22,,false,PASS,,50.160666669999998,3.8050000000000002,3455,-1.0449999999999999,385.38292395789426,385.38292395789438,-1.1368683772161603e-13,1.1368683772161603e-13,0.0050000000000000001,true
r0-23,,false,PASS,,50.170333329999998,3.7879999999999998,3283,-0.97843749999999996,388.14774699327012,388.14774699327012,0,0,0.0050000000000000001,true
r0-24,,false,PASS,,50.161666670000002,3.8380000000000001,3068,-0.9453125,353.00621612916848,353.00621612916842,5.6843418860808015e-14,5.6843418860808015e-14,0.0050000000000000001,true
r0-25,,false,PASS,,50.122,3.7599999999999998,2788,-0.83562499999999995,320.81800194758836,320.81800194758841,-5.6843418860808015e-14,5.6843418860808015e-14,0.0050000000000000001,true
r0-26,,false,PASS,,50.107999999999997,3.8100000000000001,3056,-0.94062500000000004,358.1094232782649,358.10942327826479,1.1368683772161603e-13,1.1368683772161603e-13,0.0050000000000000001,true
r0-27,,false,PASS,,50.109666670000003,3.8199999999999998,2868,-0.86062499999999997,317.16273334706534,317.1627333470654,-5.6843418860808015e-14,5.6843418860808015e-14,0.0050000000000000001,true
r0-28,,false,PASS,,50.110666670000001,3.7799999999999998,3160,-0.95562499999999995,370.08867460833198,370.08867460833198,0,0,0.0050000000000000001,true
r0-29,,false,PASS,,50.115666670000003,3.8199999999999998,3143,-0.94781249999999995,371.84921287985094,371.84921287985082,1.1368683772161603e-13,1.1368683772161603e-13,0.0050000000000000001,true
r0-3,,false,PASS,,50.159333330000003,3.8199999999999998,3260,-0.97437499999999999,360.88375342996989,360.88375342996989,0,0,0.0050000000000000001,true
r0-30,,false,PASS,,50.118000000000002,3.7999999999999998,2975,-0.91749999999999998,335.39268379256538,335.39268379256538,0,0,0.0050000000000000001,true
r0-31,,false,PASS,,50.113999999999997,3.8199999999999998,2679,-0.78749999999999998,291.83304996545053,291.83304996545053,0,0,0.0050000000000000001,true
r0-32,,false,PASS,,50.122999999999998,3.8380000000000001,2792,-0.84593750000000001,297.4379223046688,297.43792230466869,1.1368683772161603e-13,1.1368683772161603e-13,0.0050000000000000001,true
r0-33,,false,PASS,,50.123333330000001,3.8100000000000001,2630,-0.79625000000000001,295.36722804877189,295.36722804877178,1.1368683772161603e-13,1.1368683772161603e-13,0.0050000000000000001,true
r0-34,,false,PASS,,50.100999999999999,3.8300000000000001,2331,-0.69343750000000004,264.84516941574361,264.84516941574361,0,0,0.0050000000000000001,true
r0-35,,false,PASS,,50.106666670000003,3.8199999999999998,2489,-0.72312500000000002,276.93694984629826,276.93694984629821,5.6843418860808015e-14,5.6843418860808015e-14,0.0050000000000000001,true
r0-36,,false,PASS,,50.108666669999998,3.7999999999999998,2375,-0.71062499999999995,268.00306630049619,268.00306630049619,0,0,0.0050000000000000001,true
r0-37,,false,PASS,,50.173666670000003,3.835,4965,-1.5687500000000001,599.57172479072437,599.57172479072437,0,0,0.0050000000000000001,true
r0-38,,false,PASS,,50.176666670000003,3.8239999999999998,4400,-1.3784380000000001,532.32739956832404,532.32739956832393,1.1368683772161603e-13,1.1368683772161603e-13,0.0050000000000000001,true
r0-39,,false,PASS,,50.090000000000003,3.786,4473,-1.3871880000000001,511.7406470782596,511.74064707825971,-1.1368683772161603e-13,1.1368683772161603e-13,0.0050000000000000001,true
r0-4,,false,PASS,,50.16566667,3.7799999999999998,3568,-1.11375,426.86778755923876,426.86778755923882,-5.6843418860808015e-14,5.6843418860808015e-14,0.0050000000000000001,true
r0-5,,false,PASS,,50.168999999999997,3.8300000000000001,3614,-1.0746880000000001,406.67049289849399,406.67049289849399,0,0,0.0050000000000000001,true
r0-6,,false,PASS,,50.159333330000003,3.7799999999999998,3372,-1.0237499999999999,396.80100368518612,396.80100368518617,-5.6843418860808015e-14,5.6843418860808015e-14,0.0050000000000000001,true
r0-7,,false,PASS,,50.164000000000001,3.8300000000000001,3511,-1.0571870000000001,406.06041947425501,406.06041947425501,0,0,0.0050000000000000001,true
r0-8,,false,PASS,,50.164000000000001,3.8100000000000001,3879,-1.184688,447.06551487498962,447.06551487498962,0,0,0.0050000000000000001,true
r0-9,,false,PASS,,50.161999999999999,3.7999999999999998,3593,-1.1134379999999999,428.8325562021156,428.83255620211571,-1.1368683772161603e-13,1.1368683772161603e-13,0.0050000000000000001,true
r45-1,,false,PASS,,50.166333330000001,3.8199999999999998,3555,-1.1125,233.84250280442765,233.84250280442771,-5.6843418860808015e-14,5.6843418860808015e-14,0.0050000000000000001,true
r45-10,,false,PASS,,50.174666670000001,3.79,4213,-1.3334379999999999,317.45132691428302,317.45132691428302,0,0,0.0050000000000000001,true
r45-11,,false,PASS,,50.16866667,3.79,4216,-1.3274999999999999,314.36671304802945,314.36671304802951,-5.6843418860808015e-14,5.6843418860808015e-14,0.0050000000000000001,true
r45-12,,false,PASS,,50.174999999999997,3.8199999999999998,4233,-1.306875,279.25011152067242,279.25011152067242,0,0,0.0050000000000000001,true
r45-13,,false,PASS,,50.173333329999998,3.8100000000000001,3261,-0.96875,207.45013089863076,207.45013089863079,-2.8421709430404007e-14,2.8421709430404007e-14,0.0050000000000000001,true
r45-14,,false,PASS,,50.164333329999998,3.8199999999999998,3336,-1.0075000000000001,208.98264633411512,208.98264633411509,2.8421709430404007e-14,2.8421709430404007e-14,0.0050000000000000001,true
r45-15,,false,PASS,,50.171999999999997,3.77,3277,-0.99187499999999995,210.06980020559516,210.06980020559519,-2.8421709430404007e-14,2.8421709430404007e-14,0.0050000000000000001,true
r45-16,,false,PASS,,50.177333330000003,3.79,3697,-1.1212500000000001,244.10455913589627,244.1045591358963,-2.8421709430404007e-14,2.8421709430404007e-14,0.0050000000000000001,true
r45-17,,false,PASS,,50.173333329999998,3.8300000000000001,3856,-1.1756249999999999,240.5986921738581,240.5986921738581,0,0,0.0050000000000000001,true
r45-18,,false,PASS,,50.170000000000002,3.8199999999999998,3761,-1.1571880000000001,242.7936116679729,242.7936116679729,0,0,0.0050000000000000001,true
r45-19,,false,PASS,,50.175333330000001,3.8279999999999998,3578,-1.0846880000000001,231.84764591100529,231.84764591100529,0,0,0.0050000000000000001,true
r45-2,,false,PASS,,50.177999999999997,3.8300000000000001,3611,-1.106563,232.73061738331648,232.7306173833164,8.5265128291212022e-14,8.5265128291212022e-14,0.0050000000000000001,true
r45-20,,false,PASS,,50.173999999999999,3.7810000000000001,3393,-1.026875,229.9175541951881,229.9175541951881,0,0,0.0050000000000000001,true
r45-21,,false,PASS,,50.17166667,3.7370000000000001,3577,-1.1068750000000001,240.71928905478097,240.719289054781,-2.8421709430404007e-14,2.8421709430404007e-14,0.0050000000000000001,true
r45-22,,false,PASS,,50.173333329999998,3.7839999999999998,3688,-1.1315630000000001,243.40013465864195,243.400134658642,-5.6843418860808015e-14,5.6843418860808015e-14,0.0050000000000000001,true
r45-23,,false,PASS,,50.172666669999998,3.774,3745,-1.14625,244.17202840302946,244.1720284030294,5.6843418860808015e-14,5.6843418860808015e-14,0.0050000000000000001,true
r45-24,,false,PASS,,50.179000000000002,3.7839999999999998,3629,-1.116563,241.72684832696413,241.72684832696419,-5.6843418860808015e-14,5.6843418860808015e-14,0.0050000000000000001,true
r45-25,,false,PASS,,50.132333330000002,3.7400000000000002,3301,-0.995,219.42260376930804,219.42260376930801,2.8421709430404007e-14,2.8421709430404007e-14,0.0050000000000000001,true
r45-26,,false,PASS,,50.118000000000002,3.8399999999999999,3199,-0.96125000000000005,206.13786360023676,206.13786360023681,-5.6843418860808015e-14,5.6843418860808015e-14,0.0050000000000000001,true
r45-27,,false,PASS,,50.119,3.8399999999999999,3393,-1.024688,206.70205951502095,206.70205951502089,5.6843418860808015e-14,5.6843418860808015e-14,0.0050000000000000001,true
r45-28,,false,PASS,,50.113,3.8100000000000001,3563,-1.0718749999999999,210.93247894928064,210.93247894928061,2.8421709430404007e-14,2.8421709430404007e-14,0.0050000000000000001,true
r45-29,,false,PASS,,50.121333329999999,3.8100000000000001,3419,-1.036875,212.49288080713458,212.49288080713461,-2.8421709430404007e-14,2.8421709430404007e-14,0.0050000000000000001,true
r45-3,,false,PASS,,50.164999999999999,3.8300000000000001,3485,-1.0790630000000001,231.73371217020386,231.73371217020389,-2.8421709430404007e-14,2.8421709430404007e-14,0.0050000000000000001,true
r45-30,,false,PASS,,50.129333330000001,3.8100000000000001,3467,-1.0640620000000001,216.50859960738649,216.50859960738649,0,0,0.0050000000000000001,true
r45-31,,false,PASS,,50.116999999999997,3.8340000000000001,3461,-1.0628120000000001,210.53044170849915,210.53044170849921,-5.6843418860808015e-14,5.6843418860808015e-14,0.0050000000000000001,true
r45-32,,false,PASS,,50.116999999999997,3.8359999999999999,3222,-0.98093750000000002,217.24776639972166,217.2477663997216,5.6843418860808015e-14,5.6843418860808015e-14,0.0050000000000000001,true
r45-33,,false,PASS,,50.114666669999998,3.8140000000000001,3307,-1.0021880000000001,210.49981797376833,210.49981797376839,-5.6843418860808015e-14,5.6843418860808015e-14,0.0050000000000000001,true
r45-34,,false,PASS,,50.109999999999999,3.75,3103,-0.95750000000000002,201.84766846271535,201.84766846271529,5.6843418860808015e-14,5.6843418860808015e-14,0.0050000000000000001,true
r45-35,,false,PASS,,50.099666669999998,3.8199999999999998,3121,-0.94781249999999995,198.02634077927425,198.02634077927419,5.6843418860808015e-14,5.6843418860808015e-14,0.0050000000000000001,true
r45-36,,false,PASS,,50.109666670000003,3.8100000000000001,2921,-0.87624999999999997,191.42724908181111,191.42724908181111,0,0,0.0050000000000000001,true
r45-39,,false,PASS,,50.07,3.8239999999999998,6294,-1.9878130000000001,423.65988348529635,423.6598834852964,-5.6843418860808015e-14,5.6843418860808015e-14,0.0050000000000000001,true
r45-4,,false,PASS,,50.170666670000003,3.79,3538,-1.0878129999999999,244.3013423429224,244.3013423429224,0,0,0.0050000000000000001,true
r45-40,,false,PASS,,50.109999999999999,3.8210000000000002,5563,-1.7593749999999999,386.85018580687517,386.85018580687517,0,0,0.0050000000000000001,true
r45-41,,false,PASS,,50.07,3.8279999999999998,6022,-1.9103129999999999,412.08961059532328,412.08961059532322,5.6843418860808015e-14,5.6843418860808015e-14,0.0050000000000000001,true
r45-42,,false,PASS,,50.119999999999997,3.8300000000000001,5777,-1.8356250000000001,399.86447669197059,399.86447669197059,0,0,0.0050000000000000001,true
r45-5,,false,PASS,,50.174333330000003,3.7400000000000002,3585,-1.0978129999999999,248.50680166684094,248.50680166684089,5.6843418860808015e-14,5.6843418860808015e-14,0.0050000000000000001,true
r45-6,,false,PASS,,50.172666669999998,3.8100000000000001,3696,-1.1331249999999999,261.85007509853114,261.85007509853119,-5.6843418860808015e-14,5.6843418860808015e-14,0.0050000000000000001,true
r45-7,,false,PASS,,50.169666669999998,3.8100000000000001,3407,-1.0265629999999999,242.28807201328814,242.28807201328809,5.6843418860808015e-14,5.6843418860808015e-14,0.0050000000000000001,true
r45-8,,false,PASS,,50.168999999999997,3.8100000000000001,3620,-1.1131249999999999,244.49839856246516,244.49839856246521,-5.6843418860808015e-14,5.6843418860808015e-14,0.0050000000000000001,true
r45-9,,false,PASS,,50.165333330000003,3.8300000000000001,3634,-1.1003130000000001,242.87353006389949,242.87353006389949,0,0,0.0050000000000000001,true
