specimen_id,domain_id,y_true,pred_full,pred_50,pred_25,err_full,err_50,err_25,cai_strength_mpa,intact_strength_mpa,pred_full_mpa,pred_50_mpa,pred_25_mpa,abs_err_full_mpa,abs_err_50_mpa,abs_err_25_mpa
c8-2,74t7kcdgkr,0.590679796318227,0.6321206296600818,0.6677074069178855,0.6458201473048335,-0.04144083334185478,-0.07702761059965857,-0.05514035098660652,163.8615940758297,277.4118822028403,175.35777365324782,185.2299685138684,179.15818262834944,11.496179577418154,21.368374438038735,15.296588552519756
c8-3,74t7kcdgkr,0.768169240075059,0.7093484744450094,0.7061690885538633,0.722230911784871,0.058820765630049676,0.06200015152119576,0.04593832829018807,213.0992747395474,277.41188220284,196.7816954335032,195.89969600919122,200.35543662331435,16.3175793060442,17.199578730356187,12.743838116233045
c8-4,74t7kcdgkr,0.67133902411276,0.782075045489848,0.8186248869931847,0.7906237898602401,-0.11073602137708793,-0.14728586288042467,-0.11928476574748004,186.2374222753387,277.4118822028402,216.95691039321062,227.09627071886675,219.328433659472,30.719488117871915,40.858848443528046,33.091011384133324
c8-5,74t7kcdgkr,0.709797857464799,0.7869430885104713,0.8191466119217125,0.7503139621740312,-0.07714523104567239,-0.1093487544569135,-0.04051610470923228,196.9063596228532,277.4118822028402,218.30736337020613,227.24100341328176,208.14600848976866,21.401003747352963,30.334643790428586,11.239648866915486
c8-6,74t7kcdgkr,0.665812493429908,0.7474944869606305,0.7342082176800218,0.7353620510448423,-0.08168199353072247,-0.06839572425011375,-0.06954955761493431,184.7042969965568,277.41188220283993,207.3638525639947,203.67808359540726,203.99817068089055,22.659555567437916,18.97378659885048,19.293873684333786
c8-6t,74t7kcdgkr,0.72023542705518,0.6827924237813532,0.6890767896454822,0.6696983994708204,0.03744300327382677,0.03115863740969771,0.05053702758435952,199.8018654485439,277.4118822028402,189.41473143502452,191.15808919784382,185.78229350542986,10.387134013519391,8.643776250700071,14.019571943114029
c8-7,74t7kcdgkr,0.614975641331092,0.7038061521954385,0.705465412812044,0.682485631253489,-0.08883051086434657,-0.09048977148095205,-0.0675099899223971,170.6015501705568,277.41188220283993,195.24418938647503,195.7044879971926,189.32962354242375,24.6426392159182,25.102937826635774,18.728073371866934
c8-8,74t7kcdgkr,0.657871087693968,0.6685578767668416,0.6538701157697807,0.6636330697057055,-0.010686789072873681,0.0040009719241872466,-0.005761982011737499,182.5012566840132,277.41188220283993,185.46589895542385,181.39133953188372,184.09969895910822,2.964642271410631,1.1099171521295024,1.5984422750950056
c8-8t,74t7kcdgkr,0.779954142004722,0.7934114675910298,0.8009513906983587,0.7671139630251809,-0.013457325586307745,-0.020997248693636728,0.01284017897954115,216.3685465654312,277.4118822028401,220.10176858574525,222.19343284661406,212.8065283468953,3.73322202031407,5.8248862811828905,3.562018218535853
c8-9,74t7kcdgkr,0.724871977585279,0.6708399140098744,0.6949150930873432,0.6482779697346006,0.054032063575404576,0.029956884497935765,0.07659400785067838,201.0880996580271,277.41188220284,186.0989632022706,192.77770394452165,179.8400117747113,14.989136455756496,8.31039571350544,21.248087883315794
c8-9t,74t7kcdgkr,0.685375232578153,0.6068039556248738,0.6075827684793826,0.5816964192764573,0.07857127695327926,0.07779246409877039,0.1036788133016957,190.1312332847148,277.4118822028402,168.33462745802495,168.55067939787804,161.36949854213452,21.796605826689838,21.580553886836768,28.761734742580273
c8-10t,74t7kcdgkr,0.735989858984761,0.5759009240153281,0.5894449447740393,0.5338092310166948,0.16008893496943288,0.1465449142107217,0.20218062796806624,204.1723320631655,277.4118822028402,159.76175929344703,163.51903158471544,148.08502351359203,44.41057276971846,40.65330047845005,56.08730854957346
c8-11,74t7kcdgkr,0.709153046091097,0.7634518597748194,0.7387896198519511,0.745018800424671,-0.05429881368372247,-0.029636573760854157,-0.035865754333573974,196.7274812860085,277.41188220283993,211.7906173913913,204.94901899505035,206.67706770230993,15.063136105382771,8.22153770904185,9.949586416301418
c8-12,74t7kcdgkr,0.713637224113957,0.6942065401335813,0.7048657914506293,0.675945459420017,0.01943068398037573,0.008771432663327694,0.03769176469393998,197.9714455514628,277.41188220284005,192.5811429359782,195.5381459067136,187.51530216417038,5.390302615484603,2.433299644749206,10.456143387292443
c8-12t,74t7kcdgkr,0.930552712894455,0.9666668688640633,0.9857231440325811,0.97150106419031,-0.03611415596960832,-0.05517043113812614,-0.04094835129585506,258.1463795730097,277.41188220284,268.1648755547057,273.4513127169795,269.50593877909597,10.018495981695974,15.304933143969745,11.359559206086253
c8-13,74t7kcdgkr,0.960865051801075,0.9597909622099444,0.959869488088995,0.9656049806161049,0.0010740895911305337,0.0009955637120799832,-0.004739928815029937,266.5553825630658,277.4118822028402,266.25741734793576,266.2792013598448,267.8702951371507,0.2979652151300004,0.27618120322095463,1.3149125740849328
c8-14,74t7kcdgkr,0.955238217270527,0.9488926418921266,0.9539486721708025,0.9502980812693389,0.006345575378400414,0.001289545099724565,0.0049401360011881446,264.9944318051024,277.4118822028401,263.23409379572036,264.6366966718024,263.6239793786748,1.7603380093820582,0.3577351333000407,1.3704524264276152
c8-15,74t7kcdgkr,0.99383571597615,0.944510285725598,0.9387999960278323,0.9405523071280999,0.049325430250551916,0.055035719948317685,0.05328340884805005,275.7018365693511,277.4118822028402,262.01837612308054,260.4342739100999,260.92038583063004,13.68346044627052,15.26756265925121,14.781450738721034
c8-16,74t7kcdgkr,0.952242703476376,0.9899764339294361,0.9858961761941519,1.0082565845057594,-0.037733730453060166,-0.03365347271777597,-0.05601388102938343,264.1634406853025,277.41188220284016,274.6312258728205,273.4993138946026,279.70235685114966,10.46778518751805,9.335873209300162,15.538916165847219
c8-17,74t7kcdgkr,0.989488865383908,0.9577693785482552,0.9654144451967184,0.9545804903237041,0.031719486835652844,0.024074420187189638,0.034908375060203944,274.4959685649026,277.4118822028401,265.69660601931594,267.81743834783225,264.8119705348087,8.799362545586664,6.678530217070327,9.683998030093859
c8-18,74t7kcdgkr,0.974513082598494,0.9510589025650268,0.9505027652551822,0.9477949139331624,0.02345418003346722,0.024010317343311827,0.02671816866533161,270.34150847494,277.4118822028401,263.8350402463316,263.6807611484444,262.92957101647744,6.506468228608413,6.660747326495629,7.411937458462586
c8-19,74t7kcdgkr,0.917949482403481,0.9277804299787876,0.9254066830910574,0.935513262788794,-0.00983094757530667,-0.007457200687576493,-0.017563780385313033,254.6500936806725,277.4118822028401,257.3773153513758,256.7188097593774,259.5224950559595,2.7272216707032704,2.068716078704908,4.872401375287012
c8-20,74t7kcdgkr,0.754016233369131,0.8975773274217456,0.9058340706643878,0.9038938922789549,-0.14356109405261452,-0.15181783729525677,-0.14987765890982385,209.1730625104266,277.41188220284016,248.99861582266138,251.28913450646834,250.75090596875611,39.82555331223476,42.116071996041725,41.57784345832951
c8-21,74t7kcdgkr,0.948423649006481,0.9549869758719578,0.9550783778868388,0.9599535844658227,-0.006563326865476782,-0.006654728880357785,-0.011529935459341667,263.1039895965736,277.41188220284005,264.924734455838,264.9500904608233,266.30253069402687,1.8207448592643805,1.8461008642496515,3.198541097453239
c8-22,74t7kcdgkr,0.9832514723755,0.9592672062530909,0.9597491962697142,0.9647788226245644,0.023984266122409115,0.023502276105785813,0.018472649750935655,272.7656416304013,277.4118822028401,266.11212122213,266.2458309798444,267.64110909372044,6.6535204082713255,6.519810650556877,5.124532536680886
c8-23,74t7kcdgkr,0.94590069878723,0.9754995267037367,0.9742398925817466,0.9847188240496882,-0.029598827916506698,-0.02833919379451655,-0.0388181252624582,262.4040932275472,277.4118822028401,270.6151597908633,270.26572231819506,273.17270242019134,8.211066563316091,7.861629090647882,10.768609192644147
c8-24,74t7kcdgkr,0.936694628896937,0.9858947274641717,0.9863118114584999,0.9890244192074162,-0.04920009856723473,-0.04961718256156289,-0.05232979031047924,259.85022005159,277.41188220284,273.49891199969187,273.6146160555951,274.3671256769,13.648691948101837,13.764396004005091,14.516905625309985
c8-25,74t7kcdgkr,0.971541408691292,0.9979501487195939,1.0098187893092108,0.9847339570852038,-0.026408740028301847,-0.038277380617918744,-0.013192548393911818,269.5171308230499,277.41188220284,276.8432291009066,280.13573102606125,273.1769005040571,7.326098277856698,10.618600203011345,3.6597696810071314
c8-26,74t7kcdgkr,0.980359577718893,0.942277147705313,0.9475450445527549,0.9306604214042113,0.038082430013580026,0.03281453316613814,0.04969915631468169,271.9633956905797,277.4118822028402,261.3988771016546,262.86025428135383,258.1762591934307,10.56451858892517,9.103141409225907,13.787136497149021
c8-27,74t7kcdgkr,0.937739041104593,0.9452084904037656,0.9356381708947688,0.9229664912549178,-0.0074694492991725925,0.0021008702098243015,0.014772549849675243,260.1399524079116,277.4118822028401,262.21206639701376,259.5571460487404,256.0418715491779,2.072113989102154,0.5828063591712351,4.098080858733692
c8-28,74t7kcdgkr,1.01951685834675,0.9621805951267679,0.9615923841593726,0.9652882852044944,0.057336263219982087,0.05792447418737734,0.0542285731422556,282.8260906114969,277.4118822028388,266.92032991316427,266.7571532015668,267.78244006692944,15.90576069833263,16.0689374099301,15.043650544567438
c8-29,74t7kcdgkr,0.987863943647822,0.9677830271127627,0.9715480183796139,0.9701842504805414,0.02008091653505939,0.01631592526820813,0.017679693167280686,274.0451959676628,277.4118822028402,268.4745111153138,269.5189644291283,269.1406390093588,5.570684852348962,4.526231538534498,4.9045569583040285
c8-30,74t7kcdgkr,0.9902201151598,0.9828141240294528,0.9895808605270722,0.9831352945466607,0.007405991130347234,0.0006392546327278481,0.007084820613139309,274.6988259415933,277.4118822028402,272.64431600254613,274.5214891107214,272.7334125202329,2.054509939047166,0.17733683087191768,1.9654134213604562
c8-32,74t7kcdgkr,0.696510154982788,0.6961065561484507,0.693066341263489,0.6880121561322403,0.00040359883433727095,0.003443813719299027,0.008497998850547694,193.220193067167,277.41188220284,193.10822995487865,192.2648382213403,190.862747211079,0.11196311228837454,0.9553548458267059,2.3574458560880065
c8-33,74t7kcdgkr,0.697920908289299,0.7392636687778595,0.7293615226028966,0.7457566022240814,-0.04134276048856056,-0.03144061431359757,-0.047835693934782375,193.6115527972501,277.41188220284,205.0805257998429,202.33355279159875,206.88174268817707,11.46897300259279,8.721999994348653,13.270189890926956
c8-34,74t7kcdgkr,0.766490088001432,0.779245315980964,0.768213173394719,0.7368080904086907,-0.012755227979531991,-0.0017230853932869161,0.02968199759274137,212.6334580022977,277.41188220283993,216.17190980402597,213.11146236444563,204.39931918255513,3.538451801728297,0.4780043621479441,8.234138819742547
c8-35,74t7kcdgkr,0.658770607644206,0.7287351961564302,0.7309750072255332,0.7054534819022183,-0.0699645885122242,-0.07220439958132718,-0.04668287425801232,182.7507942064879,277.41188220284016,202.15980239321124,202.78115259766986,195.70117822104163,19.409008186723323,20.030358391181938,12.950384014553713
c8-36,74t7kcdgkr,0.633758788645416,0.68124527421374,0.6872233902362337,0.6697170630037684,-0.04748648556832402,-0.05346460159081767,-0.035958274358352416,175.8122184207168,277.4118822028401,188.98553376142357,190.64393417925046,185.78747099123345,13.17331534070677,14.83171575853369,9.975252570516666
c8-37,74t7kcdgkr,0.766782502657576,0.802068904600063,0.7900950047239573,0.7751817680235151,-0.035286401942487,-0.023312502066381358,-0.008399265365939157,212.7145773024425,277.4118822028403,222.5034444814738,219.18174237953497,215.04463331672883,9.788867179031278,6.467165077092456,2.3300560142863094
c8-38,74t7kcdgkr,0.795093577766098,0.8781627911850134,0.8842884738176602,0.8734605495229468,-0.08306921341891538,-0.08919489605156217,-0.07836697175684881,220.5684059354834,277.41188220284005,243.61279278313415,245.31212993203394,242.30833507308765,23.04438684765073,24.74372399655053,21.739929137604236
c8-39,74t7kcdgkr,0.607465995936256,0.7066851179395477,0.7075899245667762,0.6952977209604644,-0.09921912200329164,-0.10012392863052011,-0.08783172502420833,168.5182853068995,277.4118822028399,196.0428486923458,196.29385280183487,192.88384946298737,27.52456338544634,27.77556749493539,24.365564156087906
c8-40,74t7kcdgkr,0.759260649500923,0.986821089825787,0.9921249039200246,0.973483410398865,-0.227560440324864,-0.23286425441910164,-0.214222760897942,210.6279258606018,277.41188220284,273.7558959260294,275.2272369767658,270.0558651719889,63.12797006542757,64.59931111616399,59.42793931138704
c8-41,74t7kcdgkr,0.956982469692734,0.9218611396108626,0.9259750381356335,0.9114434478025861,0.03512133008187146,0.031007431557100507,0.04553902189014791,265.4783081525837,277.41188220284005,255.7352338691045,256.8764782020527,252.84524237636143,9.743074283479189,8.601829950530991,12.633065776222267
c8-42,74t7kcdgkr,0.712179520930248,0.8124790838866645,0.805866642020632,0.7821960012236597,-0.10029956295641651,-0.09368712109038402,-0.07001648029341179,197.567061367577,277.41188220284005,225.39135191143876,223.55698196742583,216.99046495099043,27.824290543861757,25.989920599848823,19.42340358341342
c8-43,74t7kcdgkr,0.720351736694579,0.8160520769453025,0.8077003309123029,0.7831858033758544,-0.09570034025072349,-0.0873485942177239,-0.06283406668127545,199.8341311245278,277.41188220284005,226.3825426409332,224.0656690542387,217.26504782903916,26.548411516405416,24.231537929710896,17.430916704511382
q24-1,cgtnjyggtm,0.742960592696336,0.6680222436468002,0.6651157224413752,0.6243180538660249,0.07493834904953578,0.07784487025496079,0.11864253883031106,322.2297544186276,433.71042500275627,289.7282112033485,288.4676226560641,270.77324847912735,32.50154321527906,33.76213176256346,51.456505939500225
q24-2,cgtnjyggtm,0.759191095742317,0.7506860611473634,0.750097835210799,0.7254245290580972,0.008505034594953664,0.009093260531518044,0.033766566684219845,329.2690927927084,433.7104250027561,325.5803706238679,325.32525090292296,314.6241808052115,3.6887221688404974,3.9438418897854786,14.644911987496894
q24-3,cgtnjyggtm,0.719269391146043,0.7037007518745687,0.6870933204472575,0.6633753044624496,0.015568639271474338,0.032176070698785586,0.055894086683593414,311.9546333254241,433.71042500275627,305.20235217027835,297.999536027735,287.7127852347419,6.752281155145737,13.95509729768903,24.2418480906822
q24-4,cgtnjyggtm,0.839076506575868,0.8843127792516716,0.8730466593957528,0.8413372396345715,-0.04523627267580366,-0.0339701528198848,-0.002260733058703557,363.9162282768476,433.71042500275615,383.535671324611,378.64943769376845,364.8967317725557,19.61944304776337,14.733209416920813,0.9805034957081005
q24-5,cgtnjyggtm,0.814186916322779,0.9168058739430992,0.9348676356062191,0.9401350198932907,-0.10261895762032025,-0.12068071928344015,-0.12594810357051178,353.1213535100361,433.7104250027564,397.62826523288504,405.46183956009526,407.74635903789397,44.50691172284894,52.34048605005916,54.625005527857844
q24-6,cgtnjyggtm,0.803035164810484,0.8527379246362239,0.8811612193517533,0.8668659324392198,-0.049702759825739906,-0.07812605454126931,-0.06383076762873585,348.2847226221133,433.7104250027561,369.84132770994484,382.1688069409957,375.9687919786245,21.556605087831567,33.884084318882415,27.68406935651119
q24-7,cgtnjyggtm,0.623071851964371,0.4685393595828004,0.46511655433622695,0.469400332212422,0.15453249238157057,0.15795529762814403,0.15367151975194898,270.2327577227217,433.71042500275615,203.21040477517556,201.72589845698252,203.5838175802845,67.02235294754615,68.5068592657392,66.64894014243723
q24-8,cgtnjyggtm,0.606096191756573,0.7102248858829112,0.73650809034478,0.7018653099021892,-0.10412869412633818,-0.130411898588207,-0.09576911814561617,262.8702369192953,433.71042500275615,308.0319371038114,319.43123688140287,304.4063018523696,45.161700184516135,56.560999962107594,41.53606493307436
q24-9,cgtnjyggtm,0.604575553589164,0.5431917111294485,0.5279224287454946,0.5573857301253883,0.06138384245971551,0.07665312484366948,0.04718982346377576,262.2107202934329,433.71042500275615,235.58790789192747,228.9654609396957,241.7440019031537,26.622812401505442,33.24525935373722,20.46671839027922
q24-10,cgtnjyggtm,0.775675319636884,0.7281417261896994,0.7150563315737146,0.7266125540368159,0.04753359344718455,0.06061898806316934,0.04906276560006806,336.4184725438619,433.7104250027565,315.80265752797527,310.12738546774773,315.1394396236458,20.615815015886653,26.2910870761142,21.27903292021614
q24-11,cgtnjyggtm,0.692525167779082,0.7127106490564621,0.7222481127889301,0.7240439878022796,-0.02018548127738007,-0.029722945009848067,-0.03151882002319761,300.3553848425706,433.710425002756,309.1100385062682,313.2465359551253,314.02542567041695,8.754653663697683,12.89115111255475,13.670040827846412
q24-12,cgtnjyggtm,0.706812682888697,0.641242559858414,0.6602192608775892,0.6400755109089824,0.06557012303028298,0.04659342201110783,0.06673717197971463,306.5520290929954,433.71042500275655,278.11358316604833,286.343976230225,277.6074218701913,28.438445926947065,20.20805286277037,28.944607222804088
q24-13,cgtnjyggtm,1.04519580615111,1.021205168303348,1.0262018835603377,1.0483595099696386,0.023990637847761898,0.01899392259077226,-0.003163703818528596,453.3123172968955,433.71042500275547,442.9073275598555,445.07445505758227,454.6844486246124,10.404989737040003,8.237862239313275,1.3721313277168776
q24-14,cgtnjyggtm,1.06010297651874,0.9828810494495401,0.9849491579281315,0.9820903663866486,0.07722192706919984,0.07515381859060843,0.07801261013209138,459.7777124926297,433.71042500275627,426.28575768391516,427.18271789111685,425.94283019666597,33.49195480871451,32.59499460151283,33.83488229596368
q24-15,cgtnjyggtm,1.05593708798578,1.055748003379098,1.0758931418639486,1.093289989969513,0.00018908460668187743,-0.019956053878168678,-0.03735290198373309,457.9709232064859,433.7104250027567,457.88891524136045,466.62607181536436,474.1712662009371,0.08200796512547616,8.655148608878449,16.200342994451194
q24-16,cgtnjyggtm,1.05070482755828,1.070623944978748,1.0706715908926807,1.0851281248002351,-0.019919117420468035,-0.019966763334400728,-0.03442329724195514,455.7016373127501,433.710425002757,464.34076619486115,464.3614307244425,470.6313801895547,8.639128882111013,8.659793411692405,14.929742876804598
q24-18,cgtnjyggtm,1.03000938910976,1.0738221941510226,1.0798951253803541,1.079306495773294,-0.043812805041262726,-0.04988573627059423,-0.04929710666353415,446.7258099076241,433.71042500275706,465.7278802026331,468.36177378711903,468.10647899007176,19.002070295008995,21.635963879494877,21.380669082447643
q24-19,cgtnjyggtm,0.790485145266142,0.8052340937734627,0.7968388016113506,0.82390637357198,-0.01474894850732067,-0.006353656345208569,-0.03342122830583805,342.8416483117438,433.7104250027561,349.23842103719767,345.5972953055457,357.336783444383,6.396772725453813,2.7556469938018666,14.495135132639161
q24-20,cgtnjyggtm,0.778609144310383,0.7351419711117282,0.7427677864196077,0.7407679347422697,0.043467173198654785,0.03584135789077525,0.03784120956811332,337.6909028898886,433.71042500275627,318.8387367282316,322.14613232640454,321.2787758054838,18.85216616165698,15.544770563484025,16.412127084404794
q24-21,cgtnjyggtm,0.88598019755287,0.8445788828548749,0.8870049769656227,0.8777506273099869,0.04140131469799513,-0.0010247794127526966,0.008229570242883177,384.2588480246811,433.7104250027561,366.30266623134077,384.7033055393201,380.6895976170502,17.95618179334032,0.44445751463904687,3.5692504076308977
q24-22,cgtnjyggtm,0.958863971572798,0.8061850961924806,0.8233194898593832,0.7850642374329131,0.15267887538031744,0.13554448171341482,0.17379973413988492,415.8693006306692,433.71042500275644,349.65088070052883,357.0822458599657,340.4905440714936,66.21841993014036,58.78705477070349,75.37875655917557
q24-23,cgtnjyggtm,0.874152187173229,0.905508331695224,0.940384571537251,0.9512529764398119,-0.03135614452199509,-0.06623238436402201,-0.07710078926658293,379.1289166159899,433.7104250027561,392.72840338307225,407.8545921874558,412.56833269684756,13.599486767082333,28.725675571465885,33.43941608085762
q24-24,cgtnjyggtm,0.988267578977999,0.9998664642315112,1.0506069571229621,1.0193636916429933,-0.011598885253512159,-0.06233937814496315,-0.031096112664994346,428.6219516949929,433.7104250027562,433.65250914785184,455.6591898846524,442.1086599348612,5.03055745285896,27.0372381896595,13.486708239868289
q24-25,cgtnjyggtm,0.76336265250415,0.6376837629161471,0.6454822384722853,0.6521219145539976,0.12567888958800288,0.11788041403186478,0.11124073795015244,331.0783404488064,433.71042500275644,276.57009583171913,279.9523759795454,282.83207271482553,54.50824461708723,51.125964469260964,48.24626773398087
q24-26,cgtnjyggtm,0.73213107943234,0.7130812068714502,0.7147495051689862,0.7247413095121928,0.019049872560889858,0.01738157426335385,0.007389769920147171,317.5328816183267,433.71042500275604,309.27075329369484,309.9943116573506,314.3278613655871,8.262128324631881,7.538569960976164,3.205020252739612
q24-27,cgtnjyggtm,0.738530820465726,0.7712265466263645,0.7782452960966925,0.771838729444052,-0.03269572616063843,-0.03971447563096642,-0.03330790897832592,320.3085160218245,433.7104250027565,334.48899331072874,337.5330981264926,334.75450338076735,14.180477288904235,17.22458210466806,14.445987358942862
q24-28,cgtnjyggtm,0.866064033313699,0.9369206899664987,0.942643170303703,0.9459177432057866,-0.07085665665279972,-0.07657913699000407,-0.07985370989208762,375.6209999680858,433.71042500275644,406.35227063924594,408.8341700183648,410.25438642342993,30.731270671160157,33.21317005027897,34.63338645534414
q24-29,cgtnjyggtm,0.859478886621568,0.9442684825785546,0.9546072268254684,0.9402413328680818,-0.08478959595698654,-0.09512834020390037,-0.08076244624651374,372.764953197536,433.7104250027562,409.53908489585257,414.0231060571764,407.7924680833737,36.774131698316616,41.25815285964041,35.027514885837725
q24-30,cgtnjyggtm,0.653285282947075,0.5847375307618408,0.583437747228868,0.5607637256332509,0.06854775218523423,0.06984753571820701,0.09252155731382405,283.3366377150218,433.7104250027563,253.60676298178026,253.04303331328305,243.20907377052632,29.72987473324156,30.293604401738765,40.127563944495506
q24-31,cgtnjyggtm,0.64837124571865,0.5606558784198803,0.5730477987313544,0.5442522659651245,0.08771536729876972,0.07532344698729565,0.10411897975352546,281.2053685402022,433.7104250027562,243.16229930977988,248.5368043346696,236.04788158044727,38.043069230422276,32.668564205532576,45.1574869597549
q24-32,cgtnjyggtm,0.635226950435339,0.628303427480649,0.6654225023079063,0.6282845550238791,0.006923522954690009,-0.030195551872567283,0.006942395411459912,275.5045506465156,433.71042500275615,272.5017465633207,288.60067628235953,272.4935613820742,3.002804083194942,13.096125635843926,3.0109892644414624
q24-33,cgtnjyggtm,0.711399448706013,0.7475516325483456,0.7542626048065297,0.7376688406955333,-0.03615218384233254,-0.04286315610051672,-0.026269391989520274,308.5413572450112,433.710425002756,324.220936264047,327.1315548943258,319.93466640935003,15.679579019035815,18.59019764931458,11.393309164338831
q24-34,cgtnjyggtm,0.729378090372749,0.7145308322049431,0.7173621771205967,0.7274188002647185,0.014847258167805966,0.012015913252152344,0.0019592901080305314,316.3388815632638,433.7104250027563,309.899470913179,311.12745471987654,315.48911701780617,6.4394106500847705,5.211426843387245,0.8497645454576181
q24-35,cgtnjyggtm,0.740592106870971,0.7208429829357518,0.719661969614253,0.7306497648701108,0.019749123935219215,0.020930137256717996,0.009942342000860194,321.2025174246953,433.710425002756,312.6371164893193,312.12489869971813,316.89042004997947,8.565400935376026,9.07761872497718,4.312097374715826
q24-36,cgtnjyggtm,0.826663690879134,0.8144138494033396,0.8092715920933574,0.8013679457759494,0.012249841475794443,0.017392098785776633,0.025295745103184664,358.5326607055363,433.71042500275615,353.2197767528531,350.98952614946717,347.56163234607266,5.3128839526831975,7.543134556069103,10.971028359463608
q24-37,cgtnjyggtm,0.872754454087833,0.9726774091410598,0.9803941037070959,0.9822603047544154,-0.09992295505322679,-0.10763964961926287,-0.10950585066658236,378.5227052054826,433.7104250027563,421.860332509149,425.2071433890009,426.01653423837445,43.33762730366631,46.684438183518274,47.4938290328918
q24-38,cgtnjyggtm,0.781286725706586,0.7679900233325642,0.7643408111960853,0.7618439593734503,0.013296702374021807,0.016945914510500648,0.019442766333135686,338.8521978552154,433.7104250027565,333.0852794174433,331.50257807080584,330.41966740564186,5.766918437772159,7.349619784409614,8.432530449573564
q24-39,cgtnjyggtm,0.995526999245472,1.0931928843548324,1.1077490165975252,1.1283170895477006,-0.09766588510936036,-0.11222201735205317,-0.13279009030222855,431.7704379444723,433.71042500275627,474.12915048352335,480.44229678489796,489.36288444560626,42.35871253905105,48.67185884042567,57.59244650113393
q24-40,cgtnjyggtm,0.267545704340326,0.6173897551208795,0.604056813062136,0.6175929328954035,-0.3498440507805535,-0.33651110872181,-0.3500472285550775,116.0373611371045,433.71042500275604,267.7683730858241,261.98573711898933,267.856493404764,151.7310119487196,145.94837598188485,151.81913226765954
q24-41,cgtnjyggtm,0.334685595850399,0.7935036047182981,0.8180567816587457,0.8090631484779147,-0.4588180088678991,-0.48337118580834676,-0.47437755262751574,145.1566320185774,433.71042500275666,344.1507856435925,354.79975444960195,350.8991219804248,198.9941536250151,209.64312243102452,205.7424899618474
q24-42,cgtnjyggtm,0.261499715290238,0.5298770191518432,0.5351815881551586,0.5213602584888962,-0.26837730386160513,-0.2736818728649206,-0.2598605431986582,113.4151526566288,433.7104250027559,229.81318717553933,232.11383405242373,226.11937928876586,116.39803451891053,118.69868139579492,112.70422663213706
q24-43,cgtnjyggtm,0.26154708553789,0.5059829293163696,0.49961431481066143,0.4942993494997252,-0.24443584377847954,-0.2380672292727714,-0.23275226396183518,113.4356976268704,433.71042500275576,219.45007131794196,216.68793681399256,214.38278095011154,106.01437369107157,103.25223918712219,100.94708332324113
q24-44,cgtnjyggtm,0.253049973357297,0.5706273715740857,0.5552692341600335,0.5642120592818195,-0.3175773982167887,-0.3022192608027365,-0.3111620859245225,109.7504114917296,433.7104250027569,247.4870398436028,240.82605553850345,244.7046520227986,137.7366283518732,131.07564404677387,134.95424053106902
q24-45,cgtnjyggtm,0.254482750325388,0.6488361625489429,0.6665040229319495,0.6475650224474123,-0.39435341222355497,-0.4120212726065616,-0.39308227212202435,110.3718217994942,433.71042500275576,281.4070078162592,289.0697430518623,280.8557011025863,171.03518601676495,178.6979212523681,170.48387930309207
q24-46,cgtnjyggtm,0.272987434945067,0.6621332593418614,0.6870921300478275,0.6495856777285142,-0.3891458243967944,-0.41410469510276054,-0.37659824278344717,118.3974964304373,433.7104250027563,287.174097317619,297.9990197390924,281.7320803633374,168.77660088718167,179.6015233086551,163.33458393290007
q24-47,cgtnjyggtm,0.276376546970953,0.6038475995429302,0.6073128099946272,0.6133687177371056,-0.32747105257197723,-0.33093626302367424,-0.33699217076615257,119.8673896475662,433.7104250027561,261.8949990346583,263.3978969323878,266.0244072531556,142.02760938709213,143.53050728482162,146.15701760558937
q24-48,cgtnjyggtm,0.315141148893207,0.7817357183681202,0.8105821131427964,0.7694420362650265,-0.4665945694749132,-0.4954409642495894,-0.4543008873718195,136.6800016223299,433.71042500275695,339.0469306532729,351.55791279079506,333.7150325634914,202.366929030943,214.87791116846512,197.03503094116147
q24-49,cgtnjyggtm,0.338763911078658,0.7722770141732432,0.7809197631161156,0.7559223946181455,-0.43351310309458524,-0.44215585203745755,-0.4171584835394875,146.9254398495205,433.7104250027557,334.9445920369365,338.69304235414177,327.8514230389367,188.019152187416,191.76760250462127,180.92598318941617
q24-50,cgtnjyggtm,0.333830187924858,0.8018256139410362,0.7980038778271639,0.7850832085881527,-0.4679954260161782,-0.46417368990230584,-0.4512530206632947,144.78563268364,433.71042500275576,347.7601278004624,346.1026010062664,340.4987720592949,202.9744951168224,201.31696832262642,195.71313937565486
q16-1,w68dtmpfyf,0.755329134678948,0.6634027945138428,0.6578664609073571,0.6560198471123937,0.09192634016510526,0.0974626737715909,0.09930928756655433,297.2135164655458,393.48874923496254,261.0415358522309,258.86305086606734,258.13642911356715,36.171980613314965,38.35046559947849,39.077087351978676
q16-2,w68dtmpfyf,0.775113191889953,0.6094091299823288,0.6088852275586676,0.5941832905490555,0.1657040619076242,0.1662279643312854,0.18092990134089748,304.9983203922969,393.48874923496226,239.79563632911308,239.58948661970547,233.80443981446203,65.20268406318381,65.40883377259141,71.19388057783488
q16-3,w68dtmpfyf,0.895309148942938,0.7237467114076674,0.7167486301571909,0.7178185591608921,0.17156243753527056,0.17856051878574708,0.1774905897820459,352.2940771961753,393.48874923496237,284.7861882347203,282.0325219964257,282.45352702186227,67.50788896145498,70.26155519974962,69.84055017431304
q16-4,w68dtmpfyf,0.973522123243145,0.8580430103962977,0.8480706370057635,0.8511612272565418,0.11547911284684731,0.12545148623738156,0.12236089598660327,383.0700026275101,393.4887492349625,337.6302709506411,333.7062542182957,334.92236671047226,45.43973167686904,49.36374840921438,48.14763591703786
q16-5,w68dtmpfyf,0.902507387965681,0.8915706673586052,0.8845251879094129,0.887443448122707,0.010936720607075734,0.01798220005626805,0.015063939842973939,355.1265032659286,393.4887492349622,350.8230267535181,348.0507098572948,349.19901241856604,4.303476512410467,7.075793408633782,5.927490847362528
q16-6,w68dtmpfyf,1.06297151834098,0.9251455901280745,0.9418726973168308,0.924909577446078,0.1378259282129055,0.12109882102414926,0.13806194089490198,418.2673332243793,393.48874923496066,364.0343811197356,370.61630960575843,363.94151278469326,54.232952104643665,47.651023618620854,54.32582043968605
q16-7,w68dtmpfyf,0.56655792713565,0.5933770444645674,0.5878215703822377,0.6068430378964973,-0.026819117328917397,-0.021263643246587693,-0.04028511076084729,222.9341701177597,393.4887492349621,233.48719105110112,231.30117450303794,238.78590796383742,10.553020933341404,8.36700438527824,15.851737846077711
q16-8,w68dtmpfyf,0.663739248478097,0.5613065592659028,0.5646993744369894,0.5626050930967808,0.10243268921219417,0.09903987404110759,0.1011341553813162,261.1739267018004,393.48874923496254,220.86781594292046,222.20285054097673,221.37877439587191,40.306110758879925,38.971076160823664,39.79515230592847
q16-9,w68dtmpfyf,0.580445233908458,0.4721618359121921,0.4691851687132166,0.47269401991771676,0.10828339799626596,0.11126006519524145,0.10775121399074128,228.3986690900341,393.488749234962,185.79037024957182,184.61908519655822,185.99977866826856,42.60829884046228,43.77958389347589,42.39889042176552
q16-10,w68dtmpfyf,0.687687443460639,0.6678014825139833,0.6636876813205683,0.6720787479669698,0.019885960946655734,0.023999762140070713,0.015608695493669278,270.5972719919158,393.4887492349625,262.77237009168095,261.1536356054828,264.4554259249225,7.824901900234876,9.443636386433031,6.1418460669933195
q16-11,w68dtmpfyf,0.751196628925669,0.6968850708706308,0.6890045767003805,0.7056997772900377,0.05431155805503818,0.06219205222528845,0.04549685163563122,295.5874219454817,393.4887492349625,274.2164348974027,271.1155491029975,277.6849227012485,21.370987048079023,24.471872842484217,17.902499244233187
q16-12,w68dtmpfyf,0.710266079452716,0.6522446364987068,0.6484318791674757,0.6616789380427459,0.05802144295400924,0.06183420028524034,0.048587141409970114,279.4817112278695,393.48874923496214,256.6509262110887,255.1506490976861,260.3632177255581,22.8307850167808,24.33106213018336,19.118493502311374
q16-13,w68dtmpfyf,1.07335535191803,1.006311589070191,1.0080648857602235,1.0142275285323739,0.06704376284783908,0.06529046615780665,0.05912782338565625,422.353254910877,393.48874923496095,395.9722885238755,396.6621910454741,399.08712164186943,26.380966387001543,25.691063865402885,23.266133269007554
q16-14,w68dtmpfyf,1.02733673444752,1.087385524821676,1.0771051501237912,1.0885518980500128,-0.060048790374156,-0.049768415676271216,-0.061215163602492906,404.2454466808869,393.48874923496396,427.8739700982861,423.8287583167487,428.33292484104555,23.62852341739919,19.583311635861733,24.087478160158625
q16-15,w68dtmpfyf,1.01383873214723,1.0183139657034912,1.0230784525127794,1.0073957934558315,-0.004475233556261227,-0.009239720365549431,0.006442938691398448,398.9341346385737,393.48874923496254,400.69508869316127,402.56986064849457,396.3989107514978,1.7609540545875635,3.6357260099208566,2.5352238870759214
q16-16,w68dtmpfyf,1.0446969528259,1.0433329026769695,1.0426723099781539,1.032908889172975,0.0013640501489304846,0.002024642847746172,0.011788063652925063,411.0764972970403,393.48874923496277,410.5397589100439,410.27982311523317,406.4380268743487,0.5367383869964211,0.7966741818071543,4.63847042269161
q16-17,w68dtmpfyf,0.986054709881353,1.0197887314817993,1.0115653119042336,1.0076541970937987,-0.03373402160044625,-0.02551060202288058,-0.021599487212445645,388.0014344684573,393.4887492349624,401.27539243468215,398.0395693506715,396.5005896757991,13.2739579662248,10.038134882214182,8.499155207341802
q16-18,w68dtmpfyf,1.02701678064021,1.0586329526467284,1.0448069478133313,1.0591376354790432,-0.03161617200651845,-0.01779016717312132,-0.0321208548388332,404.1195484574345,393.48874923496294,416.56015643587693,411.11977908706695,416.7587434523248,12.440607978442394,7.000230629632404,12.639194994890284
q16-19,w68dtmpfyf,1.08402585286135,0.7622091733938058,0.7596704733058902,0.7292663809370016,0.3218166794675442,0.3243553795554598,0.3547594719243484,426.5519769807766,393.48874923496294,299.92073429414364,298.92178437186703,286.95811609400874,126.63124268663296,127.63019260890954,139.5938608867678
q16-20,w68dtmpfyf,0.923462663837464,0.7441060521097786,0.7301289597019966,0.7564315425240128,0.17935661172768536,0.19333370413546735,0.16703112131345121,363.3721685585901,393.4887492349622,292.7973597428424,287.2975311333628,297.6473015496469,70.57480881574766,76.0746374252273,65.72486700894315
q16-21,w68dtmpfyf,1.0539930554455,0.7646162565537419,0.7421064119668193,0.7670818256719669,0.28937679889175805,0.31188664347868067,0.286911229773533,414.7344090895863,393.48874923496254,300.86789443605113,292.01052384406955,301.83806814453385,113.86651465353516,122.72388524551674,112.89634094505244
q16-22,w68dtmpfyf,1.05113590393366,0.958028474056797,0.9573649128286794,0.9391308511430639,0.09310742987686305,0.09377099110498066,0.11200505279059614,413.610152114819,393.48874923496385,376.97342598809007,376.7123221103973,369.53742398425123,36.636726126728945,36.89783000442176,44.072728130567775
q16-23,w68dtmpfyf,0.950826867146123,0.8408683043024564,0.8245900404440203,0.860103427585069,0.10995856284366656,0.12623682670210268,0.090723439561054,374.1396746923258,393.48874923496254,330.87221733129746,324.46690364592473,338.44102193315297,43.267457361028384,49.6727710464011,35.69865275917286
q16-24,w68dtmpfyf,0.97745210331216,0.8293022934046982,0.8218151083695143,0.8397741439044596,0.14814980990746185,0.1556369949426457,0.13767795940770045,384.6164055693848,393.48874923496214,326.32112216950026,323.37499909471506,330.4416775248269,58.29528339988457,61.24140647466979,54.17472804455794
q16-25,w68dtmpfyf,0.880306089282184,0.684350052000704,0.6765915553590945,0.6815583582956006,0.19595603728148003,0.20371453392308947,0.19874773098658338,346.3905420155675,393.48874923496214,269.2840460006383,266.2311648611878,268.1855459363701,77.10649601492919,80.15937715437974,78.20499607919743
q16-26,w68dtmpfyf,0.850099517478595,0.6659065673707449,0.6641547050788856,0.6749061533957331,0.18419295010785008,0.1859448123997094,0.1751933640828619,334.5045958578975,393.48874923496254,262.02674230206173,261.3374042000061,265.5679781506668,72.4778535558358,73.16719165789141,68.93661770723074
q16-27,w68dtmpfyf,0.891728935716845,0.822824665180332,0.8283423293355194,0.8211460176731434,0.06890427053651293,0.06338660638132554,0.07058291804370154,350.8853035718455,393.48874923496237,323.7722483414855,325.9433871086088,323.1117194334755,27.113055230359944,24.94191646323667,27.773584138369976
q16-28,w68dtmpfyf,0.561995892577364,0.512458861597568,0.5014813372241466,0.5249872051682699,0.049537030979796004,0.06051455535321748,0.03700868740909413,221.1390608454533,393.4887492349624,201.64679648439977,197.32726414900583,206.57655872602112,19.492264361053515,23.811796696447445,14.562502119432152
q16-29,w68dtmpfyf,0.860376156366503,0.6964408158434504,0.6954209358621665,0.709654366702105,0.1639353405230526,0.16495522050433653,0.15072178966439798,338.5483376402395,393.48874923496214,274.0416255424159,273.6403142442107,279.2410091427405,64.50671209782357,64.90802339602877,59.30732849749901
q16-30,w68dtmpfyf,0.826662296588154,0.6779211376587226,0.6731267038211257,0.6789099105726911,0.1487411589294314,0.15353559276702833,0.14775238601546292,325.2823131241744,393.48874923496254,266.7543405372736,264.86778476322786,267.1434115544685,58.527972586900745,60.41452836094654,58.13890156970587
q16-31,w68dtmpfyf,0.90363155496909,0.7980607414606153,0.7953628801232593,0.7896423672597003,0.10557081350847464,0.10826867484583069,0.1139891877093897,355.5688503340312,393.4887492349622,314.0279229708641,312.96634488761845,310.71538743595414,41.540927363167135,42.602505446412735,44.85346289807708
q16-32,w68dtmpfyf,0.637970896581613,0.5562465119877634,0.5495802355986696,0.5677091135321816,0.08172438459384956,0.08839066098294335,0.07026178304943143,251.0343701442064,393.4887492349623,218.8767442683755,216.25363950997644,223.38714901306733,32.15762587583089,34.78073063422996,27.647221131139048
q16-33,w68dtmpfyf,0.653818528014155,0.6021561745576125,0.5986479346121797,0.5892685308621859,0.051662353456542465,0.055170593401975276,0.06454999715196907,257.2702348149341,393.4887492349625,236.9416799707847,235.5612270226402,231.87053717248543,20.328554844149433,21.709007792293924,25.3996976424487
q16-34,w68dtmpfyf,0.658550770925276,0.5305482684291679,0.5194135721689619,0.5322694928046288,0.12800250249610812,0.13913719875631414,0.12628127812064727,259.1323191591071,393.4887492349624,208.7647745529684,204.3833968484287,209.4420569796212,50.367544606138736,54.748922310678424,49.69026217948592
q16-35,w68dtmpfyf,0.731301994156838,0.7218724695162729,0.7262596475130808,0.7174651112161048,0.009429524640565123,0.005042346643757245,0.013836882940733264,287.7591069938078,393.48874923496214,284.04869513711157,285.77500031974665,282.3144492321481,3.7104118566962265,1.9841066740611475,5.444657761659717
q16-36,w68dtmpfyf,0.739284822505043,0.7262289063563134,0.7256236687197868,0.7191652312152577,0.013055916148729585,0.01366115378525623,0.020119591289785355,290.9002601359004,393.4887492349622,285.76290402042025,285.52474981983346,282.98342732416415,5.1373561154801495,5.3755103160669435,7.916832811736279
q16-37,w68dtmpfyf,0.729280823779959,0.6449180538075062,0.6495839141302672,0.6459321779212059,0.08436276997245273,0.07969690964969178,0.08334864585875301,286.9637991902188,393.48874923496203,253.76799835176158,255.60396189426982,254.16704478083028,33.19580083845724,31.359837295948996,32.79675440938852
q16-38,w68dtmpfyf,0.875846716769524,0.7504680107566983,0.7512292029455718,0.7428289767067111,0.12537870601282564,0.12461751382395214,0.13301774006281286,344.6358291031883,393.48874923496237,295.30071889350353,295.6002394558308,292.29484493981073,49.335110209684814,49.03558964735756,52.34098416337758
q16-39,w68dtmpfyf,0.909431236595759,0.8561478361254259,0.856829472331903,0.8498357018052008,0.05328340047033309,0.05260176426385599,0.059595534790558125,357.8509598032703,393.48874923496237,336.88454119721337,337.1527573755333,334.40078735854496,20.966418606056973,20.698202427737034,23.4501724447254
q16-40,w68dtmpfyf,0.899772458823252,0.7893857542429948,0.789478062996816,0.7974932003371502,0.11038670458025712,0.11029439582643596,0.10227925848610175,354.0503394184282,393.4887492349625,310.61441310097354,310.65073555705806,313.8046019240526,43.43592631745468,43.39960386137015,40.245737494375604
q16-41,w68dtmpfyf,0.933203617561715,0.983805264213023,0.9815362878376773,0.988728027533756,-0.05060164665130795,-0.04833267027596233,-0.055524409972041,367.2051242559015,393.4887492349625,387.11630290595417,386.2234862299758,389.0533548878092,19.911178650052694,19.018361974074267,21.84823063190769
q16-42,w68dtmpfyf,0.623971280958317,0.5574800629497778,0.5489118036101527,0.5684468508078904,0.06649121800853919,0.07505947734816432,0.05552443015042663,245.5256789028253,393.48874923496214,219.36213269353604,215.99061904286614,223.6774403309499,26.163546209289276,29.53505985995915,21.848238571875395
q16-43,w68dtmpfyf,0.768210001877878,0.8278033308033398,0.8283190414071033,0.8438776271163606,-0.059593328925461764,-0.060109039529225305,-0.07566762523848258,302.2819927887143,393.48874923496237,325.731297250342,325.93422357078407,332.0563520013847,23.449304461627655,23.652230782069775,29.774359212670383
c24-2,xcmzfsbd9t,0.394679692092477,0.5108806759352116,0.5041534056883785,0.4816681233737192,-0.11620098384273458,-0.10947371359590152,-0.08698843128124223,208.4120780661113,528.0537160682654,269.77243939505576,266.22007934222006,254.34664245912018,61.360361328944464,57.80800127610879,45.934564393008905
c24-3,xcmzfsbd9t,0.46907369188683,0.46677453599631147,0.4747424070877778,0.49151443439395676,0.002299155890518545,-0.005668715200947805,-0.022440742507126743,247.6961061107016,528.0537160682663,246.48202829889303,250.68949223789474,259.54602358292095,1.2140778118085618,2.9933861271931574,11.84991747221938
c24-5,xcmzfsbd9t,0.587817898990101,0.5808907470508148,0.5946050896023475,0.6019963306810548,0.006927151939286169,-0.00678719061224653,-0.014178431690953897,310.3994259331632,528.0537160682655,306.7415176098536,313.98342715762357,317.8863994755914,3.6579083233095537,3.5840012244604265,7.486973542428267
c24-6,xcmzfsbd9t,0.551582732702771,0.5026212599657837,0.5042362372755598,0.5232973928468618,0.048961472736987366,0.047346495427211255,0.028285339855909197,291.2653117227874,528.0537160682661,265.4110240998461,266.2638188696393,276.3291329016207,25.85428762294128,25.001492853148072,14.936178821166687
c24-6t,xcmzfsbd9t,0.50155045378493,0.46830569199444033,0.4763364196796433,0.4240722738329312,0.033244761790489685,0.02521403410528672,0.0774781799519988,264.8455809168573,528.0537160682658,247.29056091358493,251.53121651048863,223.9329400789985,17.55502000327237,13.314364406368643,40.912640837858774
c24-7,xcmzfsbd9t,0.473972205340553,0.41292589060960994,0.3995747246874505,0.45069377359907903,0.061046314730943074,0.07439748065310253,0.02327843174147398,250.2827843431505,528.0537160682666,218.04705099720306,210.99691821816276,237.9905219578237,32.23573334594745,39.28586612498776,12.292262385326826
c24-8,xcmzfsbd9t,0.409643004217446,0.31112636837914354,0.3166018340030665,0.3134244963186009,0.09851663583830245,0.09304117021437946,0.09621850789884506,216.3135106383908,528.0537160682662,164.29143498943105,167.18277495934765,165.50496998786184,52.02207564895974,49.13073567904316,50.80854065052896
c24-8t,xcmzfsbd9t,0.604790192791386,0.5939927937091927,0.5764153104483007,0.5923069482483287,0.010797399082193349,0.028374882343085273,0.01248324454305727,319.3617087451343,528.0537160682659,313.66010203591003,304.37824668086836,312.76988507558406,5.701606709224281,14.983462064266002,6.591823669550293
c24-9,xcmzfsbd9t,0.470426059346254,0.36741409822115817,0.37330036681165607,0.4030571245831965,0.10301196112509581,0.09712569253459791,0.0673689347630575,248.4102287731401,528.0537160682661,194.0143799015535,197.12264590454183,212.835812423947,54.39584887158661,51.28758286859828,35.57441634919311
c24-9t,xcmzfsbd9t,0.526941892891074,0.4446361255470091,0.42813423732641176,0.4360020256719865,0.08230576734406486,0.0988076555646622,0.09093986721908748,278.2536246931779,528.0537160682662,234.79175839329432,226.07787499626474,230.23248986938407,43.4618662998836,52.17574969691318,48.02113482379385
c24-10,xcmzfsbd9t,0.566846132756901,0.5962830594540907,0.5974768051171983,0.6339731511711719,-0.02943692669718967,-0.030630672360297262,-0.06712701841427093,299.3252068412073,528.0537160682662,314.8694853732875,315.49984720673183,334.77187836344604,15.54427853208016,16.1746403655245,35.4466715222387
c24-10t,xcmzfsbd9t,0.67978445772412,0.5073576557883999,0.4902678533807282,0.5176553879265249,0.17242680193572013,0.1895166043433918,0.16212906979759512,358.9627090266727,528.0537160682661,267.9120955147488,258.8877618465054,273.3498512373613,91.05061351192391,100.07494718016734,85.61285778931139
c24-11,xcmzfsbd9t,0.61607839317193,0.6169273116395456,0.6139512797831652,0.6167533356886092,-0.0008489184676155892,0.002127113388764812,-0.0006749425166792111,325.3224849038039,528.053716068266,325.7707594552673,324.19925477436806,325.6788908078688,0.4482745514633898,1.1232301294358211,0.35640590406492506
c24-11t,xcmzfsbd9t,1.0719562386128,0.8878939172338581,0.8931030316801823,0.8740881261428798,0.18406232137894196,0.17885320693261775,0.1978681124699203,566.0504752620525,528.0537160682684,468.8556824697503,471.60637471055674,461.565483180897,97.19479279230218,94.44410055149578,104.4849920811555
c24-12,xcmzfsbd9t,0.56264418365327,0.5783170344742661,0.5576998128041599,0.5436618977932356,-0.01567285082099612,0.004944370849110036,0.018982285860034365,297.1063520023052,528.0537160682661,305.38245911971575,294.495458601813,287.0826854144439,8.276107117410577,2.6108934004921625,10.02366658786125
c24-12t,xcmzfsbd9t,0.817901917620296,0.8337113835367876,0.8390650300685192,0.8497180897276723,-0.015809465916491683,-0.02116311244822322,-0.031816172107376306,431.8961469787579,528.0537160682658,440.2443942050159,443.0714071506127,448.6967948911254,8.348247226258025,11.175260171854845,16.800647912367566
c24-13,xcmzfsbd9t,0.931656508692857,0.903574323680461,0.9107702165854806,0.8497437160628092,0.02808218501239601,0.02088629210737636,0.0819127926300478,491.9646815144501,528.0537160682662,477.1357793633378,480.93559735226273,448.7103269726241,14.828902151112285,11.029084162187386,43.25435454182603
c24-14,xcmzfsbd9t,1.04096600697335,0.8447573621803814,0.8432363063225344,0.845968956294006,0.1962086447929685,0.19772970065081552,0.19499705067934392,549.6859682830219,528.053716068266,446.0772642753765,445.27406507729296,446.7170510494424,103.60870400764546,104.41190320572898,102.96891723357955
c24-15,xcmzfsbd9t,0.910686072747071,0.8538195515612769,0.8515513366195946,0.8352996400520586,0.05686652118579416,0.05913473612747644,0.07538643269501244,480.891164885706,528.0537160682659,450.8625870536726,449.6648477248757,441.08307895997444,30.028577832033378,31.22631716083027,39.80808592573153
c24-16,xcmzfsbd9t,1.01404502220091,0.8629754427671475,0.8585607391223857,0.8708301374475227,0.15106957943376254,0.15548428307852435,0.1432148847533874,535.4702422337182,528.0537160682663,455.69738942884976,453.36618876389315,459.8450901434035,79.77285280486845,82.10405346982505,75.62515209031471
c24-17,xcmzfsbd9t,1.0221206199018,0.9218527713230018,0.9105930558491121,0.908987464106071,0.10026784857879822,0.11152756405268793,0.11313315579572902,539.7345916091459,528.0537160682668,486.78778156494127,480.84204696708247,479.99420828068105,52.94681004420469,58.89254464206351,59.74038332846489
c24-18,xcmzfsbd9t,1.04690645184663,0.8721840396596972,0.8500104821818106,0.8241449641902868,0.17472241218693285,0.19689596966481937,0.22276148765634318,552.8228422734558,528.0537160682657,460.5600232377347,448.8511938130834,435.1928109196287,92.26281903572112,103.97164846037238,117.6300313538271
c24-20,xcmzfsbd9t,0.935799504625375,0.8751871775490091,0.8259923581167321,0.8989568485506266,0.06061232707636588,0.10980714650864287,0.03684265607474835,494.1524059122719,528.0537160682661,462.14584136005163,436.16833414753046,474.6975044621759,32.00656455222018,57.9840717647414,19.454901450095942
c24-21,xcmzfsbd9t,1.01493695603565,0.8191591807784802,0.7840617493023828,0.8063623639577976,0.19577777525716988,0.23087520673326722,0.20857459207785245,535.9412312096389,528.0537160682655,432.56004946151256,414.02672034610805,425.80264278550624,103.3811817481263,121.9145108635308,110.1385884241326
c24-24,xcmzfsbd9t,0.768663296594247,0.7324099560352313,0.735857722655524,0.7165767285354381,0.036253340559015745,0.032805573938723076,0.05208656805880896,405.8955101718756,528.0537160682657,386.751798969799,388.57240494578065,378.3910043511789,19.14371120207664,17.32310522609497,27.5045058206967
c24-25,xcmzfsbd9t,0.80733746975498,0.5946181269469624,0.5866860140410707,0.5792487379714515,0.21271934280801763,0.22065145571390932,0.2280887317835285,426.3175510252684,528.0537160682659,313.99031157589536,309.8017298796662,305.87444861367817,112.32723944937305,116.51582114560222,120.44310241159022
c24-26,xcmzfsbd9t,0.514926904489328,0.5264904985642351,0.5215286058342494,0.5078736479862848,-0.011563594074907146,-0.00660170134492144,0.007053256503043226,271.9090654191186,528.0537160682657,278.01526424147823,275.3951183466772,268.1845671123039,6.106198822359698,3.486052927558634,3.724498306814636
c24-27,xcmzfsbd9t,0.538620514568805,0.45142693365693237,0.4437544035943438,0.43111460498237686,0.08719358091187263,0.09486611097446118,0.10750590958642814,284.4205642686591,528.0537160682661,238.37766985084576,234.3261618396504,227.65166921224673,46.04289441781337,50.094402429008746,56.76889505641241
c24-28,xcmzfsbd9t,0.573585689199504,0.5227953236084735,0.5322855822609547,0.5364558111712421,0.05079036559103056,0.04130010693854935,0.03712987802826195,302.8840546653755,528.0537160682659,276.06401337456606,281.07537972245774,283.2774845953903,26.820041290809474,21.808674942917758,19.60657006998518
c24-29,xcmzfsbd9t,1.07618749099789,0.9178063514615817,0.9105535960334068,0.9280974800600239,0.15838113953630817,0.1656338949644831,0.148090010937866,568.2848038076212,528.0537160682677,484.6510545203468,480.8212100647647,490.0853232192906,83.63374928727436,87.46359374285645,78.19948058833056
c24-30,xcmzfsbd9t,0.976102337371549,0.8580804307307772,0.8492467211017194,0.8761811076696358,0.11802190664077172,0.12685561626982955,0.0999212297019132,515.4344665119668,528.0537160682661,453.1125601328453,448.4478869365533,462.67068985376073,62.32190637912148,66.98657957541349,52.76377665820607
c24-31,xcmzfsbd9t,0.975210246497451,0.8857917664159094,0.8679907726113589,0.8994420440791628,0.08941848008154163,0.1072194738860921,0.07576820241828819,514.9633946108286,528.0537160682659,467.7456339185943,458.34575299039324,474.9537137640389,47.21776069223427,56.61764162043533,40.00968084678965
c24-32,xcmzfsbd9t,0.406279924863435,0.5238474815666813,0.5107697489403273,0.5226176915867499,-0.11756755670324626,-0.10448982407689233,-0.11633776672331486,214.5376240880727,528.0537160682659,276.61960929428847,269.71386398319504,275.97021412540215,62.08198520621575,55.17623989512236,61.432590037329454
c24-33,xcmzfsbd9t,0.436345588086169,0.5631196739182163,0.5505373078409538,0.5573091561832908,-0.12677408583204725,-0.11419171975478476,-0.12096356809712178,230.4139092788942,528.0537160682654,297.357436403664,290.71327123963425,294.28917092145605,66.94352712476979,60.29936196074005,63.87526164256183
c24-34,xcmzfsbd9t,0.534452510783997,0.5204100929844373,0.5232036748311926,0.5218862815468059,0.014042417799559725,0.011248835952804459,0.012566229237191084,282.2196343815044,528.0537160682655,274.80448347986373,276.2796447551837,275.5839903358399,7.415150901640669,5.9399896263207035,6.635644045664438
c24-35,xcmzfsbd9t,0.764104896432622,0.7172201193503003,0.738487691298663,0.7221104435259322,0.04688477708232175,0.025617205133959042,0.041994452906689794,403.4884300272034,528.0537160682658,378.73074926185114,389.9611696609333,381.31310311557206,24.757680765352262,13.527260366270129,22.17532691163133
c24-36,xcmzfsbd9t,0.713388766624206,0.7085684211517956,0.6961328256159568,0.7272103470704417,0.004820345472410392,0.01725594100824923,-0.013821580446235715,376.7075892172692,528.0537160682663,374.16218787783004,367.59552544360844,384.00612613384044,2.5454013394391506,9.112063773660793,7.298536916571257
c24-37,xcmzfsbd9t,0.721879328045192,0.7437634544299467,0.737802814608294,0.7170849769727498,-0.021884126384754787,-0.01592348656310205,0.004794351072442193,381.1910617271266,528.0537160682662,392.747055987504,389.59951797953573,378.65938682718763,11.555994260377357,8.408456252409144,2.5316748999389778
c24-39,xcmzfsbd9t,0.466898012944133,0.38620327868990206,0.3875902311028611,0.3919678508071806,0.08069473425423096,0.07930778184127191,0.07493016213695242,246.5472307600387,528.0537160682658,203.93607646995085,204.66846184562374,206.9800801980233,42.61115429008783,41.87876891441496,39.56715056201539
c24-40,xcmzfsbd9t,0.455350286296564,0.35894713383206145,0.34653527958583075,0.3659530682684826,0.09640315246450254,0.10881500671073324,0.08939721802808137,240.4494107916495,528.0537160682662,189.54336789207335,182.9892421340535,193.24287760575618,50.90604289957621,57.460168657596014,47.20653318589337
c24-41,xcmzfsbd9t,0.417145966181819,0.3442928428010863,0.3304315903475183,0.3445225807745431,0.07285312338073269,0.0867143758343007,0.07262338540727586,220.2754775851966,528.0537160682657,181.80511505682085,174.4856291893539,181.92642904742672,38.470362528375745,45.7898483958427,38.349048537769875
c24-42,xcmzfsbd9t,0.571066730416686,0.4338820930819104,0.417082066870847,0.44569130970510473,0.1371846373347756,0.153984663545839,0.12537542071158125,301.5539091194856,528.0537160682658,229.11305158737997,220.24173531658366,235.3489523091129,72.44085753210561,81.31217380290191,66.20495681037269
c24-43,xcmzfsbd9t,0.570713213554925,0.6379588472754404,0.6338849464391454,0.6250975954175614,-0.0672456337205154,-0.0631717328842204,-0.05438438186263639,301.3672332269399,528.0537160682658,336.87654000242355,334.72530152692434,330.0851081655806,35.50930677548364,33.358068299984446,28.717874938640737
c24-44,xcmzfsbd9t,0.583706801453634,0.4793311677270417,0.47028898994933094,0.4757637646300187,0.10437563372659225,0.11341781150430302,0.10794303682361528,308.2285456019131,528.0537160682662,253.11260434560577,248.3378487687357,251.22882388350934,55.1159412563073,59.890696833177365,56.99972171840375
c24-45,xcmzfsbd9t,0.666335176488954,0.7416977983705629,0.743478112861332,0.7178211368776592,-0.07536262188160892,-0.07714293637237801,-0.05148596038870523,351.860766091996,528.053716068266,391.65627862922724,392.59638031184807,379.0481188005954,39.795512537231204,40.73561421985201,27.18735270859934
c24-46,xcmzfsbd9t,0.513368954261647,0.5392914907439227,0.5384630771270646,0.5406324773466695,-0.025922536482275715,-0.02509412286541768,-0.027263523085022556,271.0863840119422,528.0537160682657,284.77487573132305,284.3374288424996,285.4829886901013,13.68849171938088,13.25104483055744,14.396604678159107
c24-47,xcmzfsbd9t,0.910123015022318,0.899140404651464,0.8874837359653772,0.85143879566704,0.010982610370853907,0.022639279056940742,0.05868421935527801,480.5938401617894,528.0537160682661,474.7944319433301,468.6390847266654,449.6054200566696,5.799408218459284,11.95475543512403,30.988420105119822
c24-48,xcmzfsbd9t,0.569518941751053,0.5755737130389622,0.568960724557502,0.5596787921484601,-0.006054771287909211,0.0005582171935509805,0.00984014960259294,300.7365935629101,528.0537160682665,303.933838041434,300.4418248994823,295.5404659985932,3.1972444785239023,0.294768663427794,5.196127564316877
c24-49,xcmzfsbd9t,0.690083469697444,0.5780293412732967,0.5426677973111498,0.6031517345805927,0.1120541284241473,0.14741567238629427,0.08693173511685137,364.4011405710178,528.0537160682658,305.23054165585614,286.5577469607331,318.49651479830226,59.17059891516167,77.84339361028472,45.90462577271553
c24-50,xcmzfsbd9t,0.553234752280027,0.5139189140241343,0.5072830254005485,0.5231256960237848,0.0393158382558928,0.04595172687947857,0.030109056256242273,292.1376667995749,528.053716068266,271.3767923082118,267.8726866611122,276.23846775615766,20.760874491363086,24.264980138462683,15.899199043417205
c24-51,xcmzfsbd9t,0.498609062733314,0.46250711415418105,0.45611195944637845,0.45483063393211115,0.03610194857913296,0.04249710328693557,0.04377842880120286,263.2923684416416,528.053716068266,244.22860033712502,240.85161512883838,240.17500642953644,19.063768104516615,22.44075331280325,23.117362012105175
c24-52,xcmzfsbd9t,0.477787792468291,0.4709638515259009,0.48128697608326615,0.44379672524255154,0.006823940942390083,-0.003499183614975143,0.03399106722573947,252.2976193049346,528.0537160682661,248.69421193207512,254.14537621602742,234.34850994325663,3.6034073728594693,1.8477569110928134,17.949109361677976
c24-53,xcmzfsbd9t,0.458846761338299,0.390650087590042,0.38316155831622695,0.38602188174942,0.068196673748257,0.07568520302207205,0.07282487958887901,242.2957374305774,528.0537160682657,206.28423043431513,202.32988472339113,203.84028914144585,36.01150699626225,39.96585270718627,38.45544828913155
c24-54,xcmzfsbd9t,0.562628700358776,0.4886606704639054,0.4776933558130362,0.48618303200522184,0.07396802989487061,0.08493534454573981,0.07644566835355415,297.0981759911108,528.0537160682663,258.03908293487575,252.24775167819433,256.73075673969424,39.05909305623504,44.850424312916466,40.367419251416536
c24-55,xcmzfsbd9t,0.482406325858157,0.3292745373327527,0.3297002283533636,0.34052249111307425,0.15313178852540432,0.15270609750479341,0.14188383474508276,254.7364530242386,528.0537160682659,173.87464304521902,174.09943077054947,179.8141668370819,80.86180997901958,80.63702225368911,74.92228618715669
c24-56,xcmzfsbd9t,0.436047818634614,0.3244162756119725,0.3179308201689775,0.31140686139708623,0.1116315430226415,0.1181169984656365,0.12464095723752777,230.256671013469,528.0537160682655,171.3092198899287,167.88455104286004,164.4395503698867,58.947451123540304,62.37211997060898,65.81712064358231
c24-57,xcmzfsbd9t,0.493553919099703,0.5223299185339041,0.5201554949470474,0.5193034528610847,-0.028775999434201116,-0.026601575847344405,-0.025749533761381727,260.6229810606546,528.0537160682662,275.81825449546284,274.67004204011664,274.2201180503775,15.195273434808225,14.047060979462051,13.597136989722902
c24-58,xcmzfsbd9t,0.498225637949229,0.5772941310473592,0.5765188295236454,0.5656254177556783,-0.07906849309813013,-0.07829319157441639,-0.06739977980644929,263.089899559573,528.0537160682662,304.84231116395864,304.43291031328823,298.68060374855145,41.75241160438568,41.34301075371525,35.590704188978435
c24-59,xcmzfsbd9t,0.539892662348069,0.5357392177497178,0.5452978121794404,0.5284290750251498,0.004153444598351208,-0.005405149831371414,0.011463587322919189,285.0923266308872,528.0537160682657,282.8990847762442,287.9465360852487,279.0389367455467,2.1932418546430203,2.8542094543614347,6.053389885340539
c16-1,yfxyg8jm46,0.444468726489302,0.5847243858295988,0.590214396763703,0.5740955333241058,-0.14025565934029682,-0.145745670274401,-0.12962680683480376,213.3410543004724,479.9911480512394,280.662529247905,283.2976858989795,275.5607741313261,67.3214749474326,69.95663159850713,62.219719830853705
c16-2,yfxyg8jm46,0.511961575631382,0.6283604839764468,0.635517545335133,0.6246925211750787,-0.11639890834506483,-0.12355596970375105,-0.11273094554369667,245.7370244454288,479.99114805124003,301.6074700938875,305.0427961921165,299.8468804178496,55.870445648458734,59.3057717466877,54.10985597242079
c16-3,yfxyg8jm46,0.400491101292314,0.6424345181543454,0.639717467675012,0.6450900634627723,-0.24194341686203136,-0.239226366382698,-0.2445989621704583,192.2321834936029,479.99114805123907,308.3628819166488,307.05872173776044,309.63752015794273,116.13069842304594,114.82653824415756,117.40533666433987
c16-4,yfxyg8jm46,0.439304457925147,0.6624761229641314,0.6611653563755263,0.6435718587220547,-0.2231716650389844,-0.22186089845037932,-0.2042674007969077,210.8622511035189,479.99114805123986,317.9826748180878,317.353518458396,308.90879532146937,107.12042371456887,106.49126735487711,98.04654421795047
c16-5,yfxyg8jm46,0.563995358728672,0.7302727908590066,0.7315257483094288,0.7126502471499956,-0.16627743213033463,-0.16753038958075683,-0.14865488842132357,270.7127797317458,479.99114805123924,350.52447527499714,351.1258837600846,342.06581028852577,79.81169554325133,80.41310402833884,71.35303055677997
c16-6,yfxyg8jm46,0.457683022543633,0.6403825042565383,0.6518493759393195,0.6114529536552725,-0.1826994817129053,-0.19416635339568644,-0.1537699311116395,219.6837994342798,479.9911480512396,307.3779334100236,312.881930313598,293.49200520431566,87.69413397574385,93.19813087931824,73.80820577003587
c16-7,yfxyg8jm46,0.44267557597347,0.5305977372919357,0.5298452983609669,0.5401571615838178,-0.0879221613184657,-0.08716972238749693,-0.09748158561034775,212.4803579257494,479.9911480512391,254.682217076146,254.32105304983185,259.2706561167154,42.2018591503966,41.84069512408245,46.79029819096597
c16-8,yfxyg8jm46,0.454569236016195,0.4377678157181472,0.4363439609451005,0.45697222615210176,0.016801420298047764,0.018225275071094504,-0.0024029901359067796,218.1892094641881,479.9911480512391,210.12467644643675,209.44123875926383,219.3426234582778,8.064533017751339,8.74797070492428,1.1534139940896984
c16-9,yfxyg8jm46,0.375704024050602,0.5388664674322805,0.5432159982976176,0.5461229516335733,-0.1631624433816785,-0.16751197424701558,-0.17041892758297128,180.3346058315191,479.9911480512399,258.6511343491364,260.73887066267383,262.13418253173063,78.3165285176173,80.40426483115475,81.7995767002115
c16-10,yfxyg8jm46,0.510599396164095,0.5394821867508589,0.5325955303902637,0.5608311327182776,-0.028882790586763907,-0.02199613422616875,-0.05023173655418256,245.0831903590737,479.9911480512397,258.94667417173804,255.6411400789816,269.19397925632325,13.863483812664347,10.557949719907905,24.11078889724951
c16-11,yfxyg8jm46,0.47136671125847,0.6188261175481109,0.6321961708247695,0.6002597857291687,-0.14745940628964088,-0.16082945956629952,-0.1288930744706987,226.2518488900903,479.9911480512398,297.0310586060092,303.44856582777885,288.1193836811349,70.77920971591894,77.19671693768855,61.86753479104462
c16-12,yfxyg8jm46,0.558423114191586,0.5952187218531283,0.6052745577845364,0.6000670900200211,-0.03679560766154233,-0.04685144359295046,-0.041643975828435154,268.0381516791679,479.9911480512398,285.69971764387464,290.5264298772061,288.0268914464766,17.661565964706696,22.488278198038195,19.98873976730867
c16-13,yfxyg8jm46,1.06439721219629,0.9252879802019742,0.9354226852809997,0.9095962387442669,0.13910923199431569,0.1289745269152902,0.15480097345202304,510.901239864638,479.9911480512414,444.13003989515994,448.99460862120213,436.59814289795173,66.77119996947806,61.90663124343588,74.30309696668628
c16-14,yfxyg8jm46,1.05882968139123,0.9690580699304419,0.9623695431468368,0.9464143399848268,0.08977161146078805,0.09646013824439315,0.11241534140640308,508.2288743617048,479.9911480512397,465.1392955142313,461.92886186459725,454.2705055814733,43.08957884747348,46.30001249710756,53.958368780231474
c16-15,yfxyg8jm46,1.0112682055899,0.9305114440112525,0.9197633477117768,0.9152916321569168,0.08075676157864753,0.09150485787812324,0.09597657343298327,485.3997869888117,479.99114805123816,446.6372562857765,441.4782652036259,439.33188132069006,38.76253070303515,43.92152178518575,46.067905668121604
c16-16,yfxyg8jm46,1.04014371974258,0.9488178937169676,0.9590718655207824,0.9309395193474221,0.09132582602561246,0.08107185422179763,0.10920420039515788,499.2597781775269,479.9911480512388,455.4241900967655,460.3460057949636,446.8427286578376,43.835588080761426,38.913772382563316,52.41704951968937
c16-17,yfxyg8jm46,1.06781564950897,0.9605362800433865,0.9602839692463928,0.9729542328075125,0.10727936946558336,0.10753168026257709,0.09486141670145742,512.5420595148929,479.9911480512418,461.04891180289417,460.92780485377943,467.0094192065931,51.493147711998695,51.614254661113435,45.53264030829979
c16-18,yfxyg8jm46,1.12944388932475,0.9846519423598283,0.9864576383958028,0.9958512765418058,0.1447919469649217,0.14298625092894723,0.1335926127829442,542.123069096443,479.9911480512388,472.6242162441762,473.49093435751513,477.99979751559306,69.49885285226685,68.63213473892789,64.12327158084999
c16-19,yfxyg8jm46,0.516615636174198,0.6641876614376858,0.6673982001052321,0.6596296369793618,-0.14757202526348778,-0.15078256393103406,-0.1430140008051638,247.9709323084748,479.9911480512396,318.80419813494285,320.3452282758413,316.61638674234626,70.83326582646804,72.37429596736646,68.64545443387148
c16-20,yfxyg8jm46,0.498549047350897,0.6306115121971123,0.6316607086597857,0.6308473983715154,-0.1320624648462153,-0.13311166130888874,-0.13229835102061838,239.299129597809,479.9911480512399,302.6879437138204,303.19154872847037,302.80116698948154,63.3888141160114,63.89241913066132,63.502037391672545
c16-21,yfxyg8jm46,0.432728940673824,0.7118915834097523,0.7126503802432281,0.6967632839970139,-0.27916264273592833,-0.27992143956940413,-0.2640343433231899,207.7060610290256,479.99114805123975,341.70165840886193,342.0658741720996,334.4402086056787,133.9955973798363,134.359813143074,126.73414757665311
c16-22,yfxyg8jm46,1.01790331827743,0.9432750110870627,0.9430869499751316,0.9204643527818892,0.07462830719036728,0.07481636830229832,0.09743896549554076,488.5845823451517,479.99114805124134,452.7636554997266,452.67338783070704,441.81474143202183,35.8209268454251,35.911194514444674,46.769840913129904
c16-23,yfxyg8jm46,1.05507398576231,0.9067766037463827,0.9203509441714306,0.8649927113073084,0.14829738201592724,0.13472304159087933,0.19008127445500156,506.4261737050501,479.9911480512412,435.2447430582317,441.7603063028888,415.18884455635083,71.18143064681841,64.6658674021613,91.23732914869927
c16-24,yfxyg8jm46,1.09052310140898,0.91332709024394,0.9208263048209023,0.8882122777141206,0.17719601116504002,0.16969679658807768,0.20231082369485942,523.4414354216926,479.9911480512377,438.38891859248514,441.9884752067639,426.3340308932055,85.05251682920749,81.45296021492877,97.10740452848712
c16-25,yfxyg8jm46,0.415696169365602,0.6121180664380601,0.6164068744901122,0.6272333150716443,-0.1964218970724581,-0.20071070512451022,-0.21153714570604226,199.5304815742978,479.9911480512395,293.8112534525094,295.8698433531853,301.0664389972234,94.28077187821157,96.33936177888746,101.53595742292556
c16-26,yfxyg8jm46,0.417969933062873,0.6299468963691194,0.6390554798683046,0.6207872350033347,-0.21197696330624638,-0.22108554680543158,-0.20281730194046166,200.6218680217481,479.9911480512394,302.36893399952874,306.7409734504232,297.9723776248052,101.74706597778065,106.11910542867513,97.35050960305706
c16-27,yfxyg8jm46,0.474392368769222,0.678166555408735,0.6783960185184967,0.6956055370951348,-0.20377418663951308,-0.20400364974927476,-0.22121316832591287,227.7041377122858,479.99114805123946,325.51394350059326,325.62408376208316,333.8845003410928,97.80980578830743,97.91994604979735,106.180362628807
c16-28,yfxyg8jm46,1.02794437301648,0.7935315131250015,0.8050591177222234,0.80095373220144,0.23441285989147842,0.2228852552942565,0.22699064081503995,493.404199736991,479.9911480512388,380.8881019997061,386.4212501646074,384.4507014552936,112.51609773728491,106.98294957238363,108.9534982816974
c16-29,yfxyg8jm46,0.993997798727854,0.8644404221967893,0.870062025166722,0.8241467199281746,0.1295573765310647,0.12393577356113195,0.16985107879967942,477.1101445717875,479.99114805123946,414.92375067213504,417.6220703355613,395.58313026098784,62.18639389965245,59.488074236226176,81.52701431079967
c16-30,yfxyg8jm46,1.0603891866745,0.846469767596131,0.8555783205768085,0.822908332296956,0.2139194190783691,0.2048108660976916,0.23748085437754407,508.9774230930134,479.99114805123946,406.2979955391328,410.6700203414137,394.9887151601468,102.6794275538806,98.30740275159968,113.98870793286659
c16-32,yfxyg8jm46,0.442378387446294,0.5497392143982383,0.546224696429028,0.5809845259369992,-0.10736082695194427,-0.10384630898273406,-0.13860613849070524,212.3377100634028,479.99114805123975,263.869956647797,262.18301913290907,278.86742960450556,51.53224658439421,49.84530906950629,66.52971954110274
c16-33,yfxyg8jm46,0.388564177071958,0.563106615177261,0.554143041552278,0.5741689513191499,-0.174542438105303,-0.16557886448032,-0.1856047742471919,186.5073654443543,479.99114805123963,270.28619069418113,265.98375469928374,275.5960141190551,83.77882524982682,79.47638925492942,89.0886486747008
c16-34,yfxyg8jm46,0.407141395170638,0.45190259965323054,0.45700832983170314,0.43393452954891687,-0.04476120448259252,-0.04986693466106512,-0.02679313437827885,195.424265687138,479.9911480512397,216.90924761489387,219.3599529048988,208.2847330172592,21.48498192775588,23.935687217760805,12.860467330121203
c16-35,yfxyg8jm46,0.497217383864402,0.6498749361737456,0.6695975050469889,0.6388707740457904,-0.15265755230934358,-0.1723801211825869,-0.1416533901813884,238.6599429121084,479.99114805124,311.93421670376244,321.40087517975013,306.6523162906233,73.27427379165404,82.74093226764175,67.99237337851486
c16-36,yfxyg8jm46,0.569578892235247,0.601081527030676,0.6042636317772163,0.6253719918342819,-0.03150263479542892,-0.03468473954196927,-0.05579309959903489,273.3928263897496,479.99114805123975,288.51381223184643,290.04119434235764,300.17302031962754,15.120985842096859,16.64836795260806,26.78019392987792
c16-37,yfxyg8jm46,0.61076044908377,0.5908164978733834,0.5940576219971826,0.5762308465223478,0.019943951210386612,0.016702827086587435,0.034529602561422235,293.1596091400093,479.99114805123935,283.5866891018579,285.1423999910169,276.58570556479924,9.572920038151375,8.01720914899244,16.573903575210075
c16-38,yfxyg8jm46,0.778341505758403,0.7737341471941972,0.7757432204787608,0.754018878886105,0.004607358564205799,0.0025982852796422318,0.024322626872298025,373.5970329249062,479.9911480512394,371.3855415981894,372.3498789905661,361.92238732885,2.2114913267168514,1.2471539343401103,11.674645596056255
c16-39,yfxyg8jm46,0.489099417246526,0.61763984895441,0.6214734639321607,0.6220623703468346,-0.12854043170788404,-0.13237404668563474,-0.13296295310030865,234.7633907953521,479.99114805123924,296.4616601818213,298.30176143617825,298.5844313022523,61.69826938646917,63.53837064082616,63.821040506900225
c16-40,yfxyg8jm46,0.989709189781084,0.9147618219952229,0.9132720744982041,0.9172917984716085,0.07494736778586109,0.07643711528287989,0.07241739130947555,475.0516502398848,479.9911480512397,439.0775771329308,438.3625115215303,440.29194344637375,35.97407310695396,36.68913871835448,34.759706793511036
c16-41,yfxyg8jm46,0.57424250932696,0.6831871043238442,0.6856302752731311,0.6819428064579983,-0.10894459499688425,-0.11138776594617117,-0.10770029713103835,275.631321311672,479.99114805123935,327.9237625382038,329.0964629670375,327.32651057705874,52.29244122653178,53.46514165536544,51.695189265386695
c16-42,yfxyg8jm46,0.672238303078059,0.5730762309806252,0.58007252563929,0.577597454011828,0.09916207209743377,0.09216577743876897,0.09464084906623094,322.6684348584548,479.9911480512398,275.0715180292678,278.42967753458504,277.24166506261054,47.59691682918705,44.23875732386978,45.426769795844294
c16-43,yfxyg8jm46,0.497207784492546,0.5485419179806204,0.5578050796017037,0.5524806526987722,-0.05133413348807436,-0.06059729510915768,-0.05527286820622623,238.6553352985904,479.9911480512394,263.29526496574675,267.74150054683474,265.18582276498176,24.639929667156387,29.08616524824435,26.530487466391378
q8-1,ykhs7s2dck,0.826624443207864,0.7804370116797223,0.7636508232212776,0.7817409974362621,0.04618743152814164,0.06297361998658635,0.04488344577160186,215.8928822124789,261.17408453912634,203.82992206590293,199.44580466236738,204.17048935211926,12.062960146575975,16.44707755011152,11.722392860359637
q8-2,ykhs7s2dck,0.839105656981573,0.791525527668216,0.7964035488829286,0.8089295666583286,0.04758012931335698,0.04270210809864439,0.03017609032324442,219.1526517937644,261.1740845391262,206.72595507809515,207.99996780321015,211.27143902862105,12.426696715669253,11.152683990554255,7.8812127651433475
q8-3,ykhs7s2dck,0.923988324402828,0.8354419273621427,0.8214237368456133,0.8318250435634287,0.08854639704068523,0.10256458755721465,0.09216328083939929,241.3218047507498,261.1740845391262,218.19578056441082,214.5345924893612,217.25114424939727,23.12602418633896,26.787212261388593,24.070660501352503
q8-4,ykhs7s2dck,0.901647634396029,0.9685720305545193,0.9747231891133494,0.9622779980022628,-0.06692439615849033,-0.07307555471732041,-0.06063036360623375,235.4869954902518,261.17408453912634,252.9659133902793,254.57243659573675,251.32207520038423,17.478917900027536,19.085441105484993,15.835079710132462
q8-5,ykhs7s2dck,0.903635193742893,0.9455181090087885,0.9443751538136647,0.9515791526032537,-0.04188291526589549,-0.04073996007077163,-0.047943958860360625,236.006094483136,261.17408453912617,246.94482653553604,246.64631625878033,248.52781404767222,10.938732052400047,10.640221775644335,12.521719564536212
q8-6,ykhs7s2dck,0.929474776180392,0.9843404898456387,0.9618625353263829,0.9816403533038843,-0.05486571366524673,-0.0323877591459909,-0.052165577123492346,242.754723771123,261.1740845391261,257.08422631022967,251.2135671163509,256.37902062080633,14.329502539106636,8.458843345227884,13.624296849683294
q8-7,ykhs7s2dck,0.729661295326308,0.7606290078170834,0.7494809235234381,0.7720008156041214,-0.030967712490775456,-0.019819628197130124,-0.0423395202778134,190.5686208304814,261.17408453912606,198.65658479053053,195.7449940807727,201.62660627886507,8.087963960049139,5.176373250291309,11.057985448383679
q8-8,ykhs7s2dck,0.706035207310894,0.8008312533916222,0.7955795865355175,0.7984974247241357,-0.09479604608072822,-0.08954437922462355,-0.09246221741324168,184.3980989218149,261.17408453912617,209.15636947487792,207.7847701914303,208.54683390917594,24.758270553063014,23.386671269615405,24.148734987361046
q8-9,ykhs7s2dck,0.812326531363085,0.7965395776930924,0.7952418954062541,0.7965952956191635,0.01578695366999261,0.01708463595683085,0.015731235743921435,212.1586381755976,261.1740845391263,208.03549500317564,207.69657401988803,208.05004708150972,4.12314317242192,4.4620641557095375,4.108591094087862
q8-10,ykhs7s2dck,0.784559468263193,0.8039678440650032,0.8009304705738471,0.795499642785348,-0.019408375801810207,-0.016371002310654137,-0.01094017452215501,204.906600890143,261.1740845391261,209.97556567257212,209.18228243161602,207.76389095566512,5.068964782429108,4.275681541473013,2.8572900655221063
q8-11,ykhs7s2dck,0.84104863689827,0.726646480194011,0.7299026633374489,0.7496303557598013,0.11440215670425902,0.11114597356082112,0.09141828113846873,219.6601077947857,261.1740845391263,189.7812292482492,190.63165989982832,195.78402190830565,29.878878546536516,29.02844789495739,23.876085886480045
q8-12,ykhs7s2dck,0.7846728622103,0.8454601857189061,0.846129843623254,0.8332558575932578,-0.06078732350860616,-0.06145698141295408,-0.04858299538295785,204.9362164504709,261.17408453912606,220.8122900194148,220.98718730953726,217.6248357937835,15.87607356894391,16.050970859066368,12.688619343312604
q8-13,ykhs7s2dck,0.839161431831281,1.0180564848311413,1.0283701671770067,1.008687715239972,-0.1788950529998603,-0.1892087353457257,-0.16952628340869103,219.1672187390772,261.1740845391262,265.88997043489417,268.5836369798029,263.44309061366255,46.72275169581698,49.41641824072572,44.27587187458534
q8-14,ykhs7s2dck,0.834914621952873,1.0343620694312712,1.0339627789469805,1.0341744777053365,-0.19944744747839815,-0.1990481569941075,-0.19925985575246352,218.0580620568724,261.17408453912634,270.1485665657085,270.0442822390087,270.0995724684204,52.09050450883612,51.98622018213632,52.041510411548025
q8-15,ykhs7s2dck,0.995830103251925,0.9984864096772177,0.9993409105472515,1.0062571604417074,-0.002656306425292687,-0.00351080729532649,-0.01042705718978243,260.0850155733251,261.1740845391263,260.77877397220635,261.0019474546753,262.80829268930364,0.6937583988812166,0.916931881350182,2.723277115978541
q8-16,ykhs7s2dck,0.955043527847781,1.0672037719589982,1.077980194976262,1.0647028118038562,-0.11216024411121717,-0.12293666712848095,-0.10965928395607516,249.4326190806617,261.1740845391262,278.7259681580938,281.540490574234,278.07278217910573,29.293349077432065,32.107871493572304,28.640163098444024
q8-18,ykhs7s2dck,0.79718860110025,1.0585080914442646,1.0678760079914469,1.067829876079898,-0.2613194903440146,-0.27068740689119686,-0.27064127497964807,208.2050030973844,261.1740845391261,276.4548817602134,278.9015387884627,278.88949032869584,68.24987866282902,70.69653569107828,70.68448723131148
q8-19,ykhs7s2dck,0.900083262273302,0.9249120696002209,0.9281046980888936,0.9207830344492594,-0.024828807326918834,-0.028021435815591578,-0.02069977217595731,235.0784220332198,261.1740845391261,241.56306305702617,242.3968948798288,240.48466608144395,6.484641023806374,7.318472846609011,5.406244048224125
q8-20,ykhs7s2dck,0.978947074638141,0.8291289836708489,0.8072848629074205,0.8565248933411893,0.14981809096729215,0.1716622117307205,0.1224221812969517,255.6756060308722,261.1740845391263,216.54700327509013,210.84188503213963,223.7021049033579,39.12860275578207,44.83372099873259,31.973501127514307
q8-21,ykhs7s2dck,0.960919054256075,0.9447309734784111,0.9393830680960479,0.9625188102963368,0.016188080777663982,0.021535986160027165,-0.0015997560402617461,250.9671543115333,261.17408453912617,246.7392471339815,245.34251284154092,251.3849691308346,4.227907177551816,5.624641469992386,0.417814819301299
q8-22,ykhs7s2dck,0.899833554794784,0.9567899925902552,0.9523376707916362,0.9526250586584181,-0.056956437795471215,-0.05250411599685223,-0.05279150386363407,235.0132049111155,261.17408453912634,249.88875041095739,248.72591934112947,248.80097760414387,14.87554549984189,13.71271443001398,13.78777269302838
q8-23,ykhs7s2dck,0.914509699592244,1.0019224883502866,0.9989178015446939,1.0266302068409592,-0.08741278875804259,-0.08440810195244985,-0.11212050724871514,238.8462335931557,261.1740845391262,261.67618867404946,260.891442348272,268.1292044319013,22.8299550808938,22.045208755116324,29.282970838745644
q8-24,ykhs7s2dck,0.972721711315042,0.970835838957677,0.9674520689356672,0.9806614999384659,0.0018858723573650371,0.005269642379374884,-0.007939788623423816,254.0497024640382,261.1740845391261,253.55716147754575,252.6734084397564,256.1233694891951,0.49254098649245726,1.3762940242818176,2.0736670251568836
q8-27,ykhs7s2dck,0.802317268180305,0.8076154472188044,0.8191917212311445,0.8235802536050139,-0.005298179038499384,-0.016874453050839455,-0.021262985424708836,209.5444780269238,261.1740845391262,210.92822508702827,213.95164785457524,215.0978187797909,1.3837470601044648,4.40716982765146,5.553340752867114
q8-28,ykhs7s2dck,0.818858494054119,0.7361059027045908,0.7369930559814837,0.753332797112601,0.08275259134952828,0.08186543807263535,0.065525696941518,213.8646175516721,261.1740845391262,192.2517852627186,192.483486707657,196.7510036391829,21.612832288953467,21.38113084401507,17.113613912489186
q8-29,ykhs7s2dck,0.80984149528727,0.8455666937928923,0.8481976334583181,0.8471213293697933,-0.03572519850562228,-0.038356138171048104,-0.03727983408252333,211.5096111534499,261.1740845391263,220.84010716813435,221.52724042672963,221.24613769172345,9.330496014684462,10.017629273279725,9.73652653827355
q8-30,ykhs7s2dck,0.86773637846558,0.7704050710362567,0.7689519906241059,0.7324449758531427,0.09733130742932339,0.09878438784147414,0.13529140261243733,226.6302542670445,261.17408453912606,201.20983915219472,200.8303322057895,191.29564604372683,25.420415114849774,25.799922061254982,35.334608223317645
q8-31,ykhs7s2dck,0.827239248553712,0.7865667461143886,0.7936249586270914,0.8068711029495661,0.04067250243932341,0.03361428992662063,0.020368145604145904,216.0534534358504,261.17408453912617,205.4308498453447,207.27427203683246,210.73382165392795,10.622603590505667,8.779181399017915,5.319631781922434
q8-32,ykhs7s2dck,0.810725593589731,0.7792959986172269,0.8077554480257673,0.8164592778800889,0.03142959497250408,0.0029701455639636887,-0.005733684290357921,211.7405147182378,261.17408453912634,203.5319190238585,210.9647896696216,213.23800446380838,8.208595694379282,0.7757250486161635,1.4974897455706002
q8-33,ykhs7s2dck,0.826137808214793,0.8402322525072752,0.8527043479615246,0.8618223082654463,-0.014094444292482189,-0.02656653974673162,-0.03568450005065327,215.7657857636589,261.17408453912634,219.44688934883564,222.70427746138384,225.08565239662465,3.68110358517675,6.9384916977249445,9.319866632965775
q8-34,ykhs7s2dck,0.901622837059056,0.8888826742275324,0.8797216609962593,0.8672233492433429,0.012740162831523572,0.021901176062796734,0.034399487815713115,235.4805190684688,261.1740845391263,232.1531187040662,229.76049945993762,226.49626432958507,3.3274003644025716,5.720019608531163,8.9842547388837
q8-35,ykhs7s2dck,0.947866808075612,0.9694667816052256,0.9594703055758319,0.9727460969594464,-0.021599973529613625,-0.01160349750021994,-0.024879288883834394,247.5582458641716,261.1740845391262,253.1995991768378,250.5887787012436,254.05607136239152,5.641353312666197,3.0305328370719824,6.497825498219908
q8-36,ykhs7s2dck,0.968578158407505,0.9512976370960435,0.9493152848065894,0.946855096457969,0.017280521311461516,0.01926287360091561,0.021723061949536104,252.9675138266728,261.1740845391261,248.45428949279298,247.93655044836078,247.294013008616,4.513224333879821,5.030963378312034,5.673500818056816
q8-37,ykhs7s2dck,0.950837383583447,0.9952666115138312,0.9963650045609524,1.003407442574686,-0.044429227930384174,-0.0455276209775054,-0.0525700589912389,248.3340832029847,261.1740845391261,259.9378461344829,260.22471793302896,262.06402023418934,11.60376293149826,11.890634730044287,13.729937031204676
q8-38,ykhs7s2dck,0.739771382523058,0.7275754467975766,0.7223890578624426,0.7423783765670282,0.012195935725481388,0.0173823246606154,-0.0026069940439702455,193.2091135987033,261.17408453912606,190.02385125050267,188.66930086830519,193.8899928815362,3.1852623482006237,4.539812730398102,0.680879282832883
q8-39,ykhs7s2dck,0.759186033131815,0.7258111331540777,0.7174270055161024,0.7515569035584317,0.03337489997773724,0.041759027615712596,0.007629129573383242,198.2797171980924,261.17408453912606,189.56305824982198,187.3733413893146,196.28718626593366,8.716658948270421,10.90637580877782,1.9925309321587417
q8-40,ykhs7s2dck,0.864817388500828,0.7944890551036731,0.7838285895800873,0.8019773043787639,0.07032833339715494,0.08098879892074073,0.0628400841220641,225.8678897352215,261.17408453912606,207.4999516430571,204.71571431917366,209.45568829227972,18.367938092164387,21.15217541604782,16.41220144294176
q8-41,ykhs7s2dck,0.926440493208915,0.8713352999788052,0.8624199341332042,0.869778356540752,0.05510519323010976,0.0640205590757108,0.056662136668163,241.962247693815,261.1740845391263,227.57019929858944,225.2417367855332,227.16356602147667,14.392048395225576,16.72051090828182,14.798681672338331
